main-PacketCounter,main-SampleTimeFine,main-Quat_W,main-Quat_X,Quat_Y,main-Quat_Z,main-FreeAcc_X,main-FreeAcc_Y,main-FreeAcc_Z,main-Status,epaule-PacketCounter,epaule-SampleTimeFine,epaule-Quat_W,epaule-Quat_X,epaule-Quat_Y,epaule-Quat_Z,epaule-FreeAcc_X,epaule-FreeAcc_Y,epaule-FreeAcc_Z,epaule-Status,coude-PacketCounter,coude-SampleTimeFine,coude-Quat_W,Quat_X,coude-Quat_Y,coude-Quat_Z,coude-FreeAcc_X,coude-FreeAcc_Y,coude-FreeAcc_Z,coude-Status
1.0,136916542.0,0.989972,-0.009425,-0.013887,0.140266,0.04786,0.03218,0.147792,0.0,,,,,,,,,,,,,,,,,,,,
2.0,136933209.0,0.989972,-0.009415,-0.013885,0.140267,0.040523,0.024836,0.137291,0.0,,,,,,,,,,,,,,,,,,,,
3.0,136949876.0,0.989972,-0.009421,-0.013872,0.140266,0.034837,0.020722,0.144809,0.0,,,,,,,,,,,,,,,,,,,,
4.0,136966543.0,0.989974,-0.009426,-0.013875,0.14025,0.033031,0.010473,0.172123,0.0,,,,,,,,,,,,,,,,,,,,
5.0,136983210.0,0.989974,-0.009435,-0.013879,0.14025,0.023957,0.00259,0.143904,0.0,,,,,,,,,,,,,,,,,,,,
6.0,136999877.0,0.989975,-0.009433,-0.013874,0.140241,0.002521,-0.02212,0.150138,0.0,,,,,,,,,,,,,,,,,,,,
7.0,137016544.0,0.989975,-0.009436,-0.013883,0.140241,0.004954,-0.016707,0.165581,0.0,,,,,,,,,,,,,,,,,,,,
8.0,137033211.0,0.989975,-0.009438,-0.013884,0.140244,-0.008683,-0.006851,0.160765,0.0,,,,,,,,,,,,,,,,,,,,
9.0,137049878.0,0.989976,-0.009432,-0.013885,0.140235,-0.002149,-0.00486,0.12266,0.0,,,,,,,,,,,,,,,,,,,,
10.0,137066545.0,0.989976,-0.009433,-0.013891,0.140231,-0.006524,-0.001459,0.140744,0.0,,,,,,,,,,,,,,,,,,,,
11.0,137083212.0,0.989976,-0.009423,-0.013896,0.140231,-0.005319,0.036428,0.136356,0.0,,,,,,,,,,,,,,,,,,,,
12.0,137099879.0,0.989978,-0.00942,-0.013912,0.140217,-0.008865,0.033122,0.155111,0.0,,,,,,,,,,,,,,,,,,,,
13.0,137116546.0,0.989979,-0.009423,-0.013914,0.140211,0.0038,0.02191,0.164423,0.0,,,,,,,,,,,,,,,,,,,,
14.0,137133213.0,0.989978,-0.009422,-0.013923,0.140218,0.008823,0.020566,0.134798,0.0,,,,,,,,,,,,,,,,,,,,
15.0,137149880.0,0.989977,-0.00942,-0.013919,0.140223,0.04051,-0.005221,0.139652,0.0,,,,,,,,,,,,,,,,,,,,
16.0,137166547.0,0.989977,-0.009408,-0.013918,0.140226,0.025812,-0.012387,0.168045,0.0,,,,,,,,,,,,,,,,,,,,
17.0,137183214.0,0.989977,-0.009412,-0.013929,0.140225,0.020679,-0.02476,0.164114,0.0,,,,,,,,,,,,,,,,,,,,
18.0,137199881.0,0.989976,-0.009414,-0.013933,0.140229,0.01433,-0.019544,0.148407,0.0,,,,,,,,,,,,,,,,,,,,
19.0,137216548.0,0.989976,-0.009415,-0.013932,0.140231,0.009793,0.001495,0.155132,0.0,,,,,,,,,,,,,,,,,,,,
20.0,137233215.0,0.989976,-0.009406,-0.013945,0.140228,0.00352,0.020099,0.121748,0.0,,,,,,,,,,,,,,,,,,,,
21.0,137249882.0,0.989976,-0.009407,-0.013943,0.14023,-0.023283,0.039141,0.191885,0.0,,,,,,,,,,,,,,,,,,,,
22.0,137266549.0,0.989977,-0.009398,-0.013935,0.140222,-0.015035,0.041966,0.157413,0.0,,,,,,,,,,,,,,,,,,,,
23.0,137283216.0,0.989978,-0.009402,-0.013938,0.140219,-0.001757,0.027883,0.138197,0.0,,,,,,,,,,,,,,,,,,,,
24.0,137299883.0,0.989978,-0.009398,-0.013944,0.140215,-0.018632,0.003893,0.146633,0.0,,,,,,,,,,,,,,,,,,,,
25.0,137316550.0,0.989978,-0.009393,-0.013951,0.140216,-0.005258,-0.026865,0.137163,0.0,,,,,,,,,,,,,,,,,,,,
26.0,137333217.0,0.98998,-0.009395,-0.013945,0.140201,0.027349,-0.025603,0.175909,0.0,,,,,,,,,,,,,,,,,,,,
27.0,137349884.0,0.989982,-0.009393,-0.01394,0.140188,0.030766,0.006607,0.149471,0.0,,,,,,,,,,,,,,,,,,,,
28.0,137366551.0,0.989983,-0.00939,-0.013931,0.140184,0.03069,-0.017663,0.122329,0.0,,,,,,,,,,,,,,,,,,,,
29.0,137383218.0,0.989985,-0.009393,-0.013927,0.140168,0.027421,0.019418,0.137165,0.0,,,,,,,,,,,,,,,,,,,,
30.0,137399885.0,0.989984,-0.009394,-0.013937,0.140178,0.025999,0.023677,0.147132,0.0,,,,,,,,,,,,,,,,,,,,
31.0,137416552.0,0.989983,-0.009402,-0.01394,0.140182,-0.004474,0.035383,0.174923,0.0,,,,,,,,,,,,,,,,,,,,
32.0,137433219.0,0.989983,-0.009407,-0.013927,0.140183,-0.01203,0.033461,0.174712,0.0,,,,,,,,,,,,,,,,,,,,
33.0,137449886.0,0.989983,-0.009412,-0.013927,0.140185,-0.00107,0.027727,0.117421,0.0,,,,,,,,,,,,,,,,,,,,
34.0,137466553.0,0.989983,-0.009415,-0.013925,0.140183,-0.005979,-0.001823,0.13482,0.0,,,,,,,,,,,,,,,,,,,,
35.0,137483220.0,0.989984,-0.009415,-0.013932,0.140175,-0.01429,-0.023326,0.141587,0.0,,,,,,,,,,,,,,,,,,,,
36.0,137499887.0,0.989984,-0.009411,-0.013935,0.140172,-0.004073,-0.026274,0.190768,0.0,,,,,,,,,,,,,,,,,,,,
37.0,137516554.0,0.989985,-0.009412,-0.013927,0.140166,0.000423,-0.018201,0.17243,0.0,,,,,,,,,,,,,,,,,,,,
38.0,137533221.0,0.989987,-0.009408,-0.013943,0.140156,0.011851,0.001791,0.133147,0.0,,,,,,,,,,,,,,,,,,,,
39.0,137549888.0,0.989987,-0.009408,-0.013933,0.140155,0.030382,0.022885,0.149132,0.0,,,,,,,,,,,,,,,,,,,,
40.0,137566555.0,0.989986,-0.009411,-0.01393,0.14016,0.033776,0.032279,0.1397,0.0,,,,,,,,,,,,,,,,,,,,
41.0,137583222.0,0.989987,-0.009412,-0.013929,0.140156,0.041933,0.031082,0.181879,0.0,,,,,,,,,,,,,,,,,,,,
42.0,137599889.0,0.989987,-0.009407,-0.013916,0.140156,0.024597,0.024622,0.145883,0.0,,,,,,,,,,,,,,,,,,,,
43.0,137616556.0,0.989989,-0.009393,-0.013922,0.140145,0.015922,0.014779,0.167485,0.0,,,,,,,,,,,,,,,,,,,,
44.0,137633223.0,0.98999,-0.009396,-0.013918,0.140137,0.015836,-0.017159,0.159992,0.0,,,,,,,,,,,,,,,,,,,,
45.0,137649890.0,0.98999,-0.009397,-0.013928,0.140137,-0.006183,-0.027776,0.105369,0.0,,,,,,,,,,,,,,,,,,,,
46.0,137666557.0,0.989991,-0.009398,-0.013925,0.140127,-0.01324,-0.03062,0.16641,0.0,,,,,,,,,,,,,,,,,,,,
47.0,137683224.0,0.989991,-0.009403,-0.01392,0.140127,-0.021568,-0.010339,0.173111,0.0,,,,,,,,,,,,,,,,,,,,
48.0,137699891.0,0.989991,-0.009396,-0.013915,0.140128,-0.018778,0.018584,0.120263,0.0,,,,,,,,,,,,,,,,,,,,
49.0,137716558.0,0.989992,-0.009395,-0.013908,0.14012,-0.020889,0.030682,0.138699,0.0,,,,,,,,,,,,,,,,,,,,
50.0,137733225.0,0.989994,-0.009397,-0.013918,0.140109,0.005108,0.040429,0.144969,0.0,,,,,,,,,,,,,,,,,,,,
51.0,137749892.0,0.989996,-0.009396,-0.013912,0.140096,0.011131,0.012149,0.116917,0.0,,,,,,,,,,,,,,,,,,,,
52.0,137766559.0,0.989998,-0.009391,-0.013903,0.140078,0.014957,-0.012471,0.138299,0.0,,,,,,,,,,,,,,,,,,,,
53.0,137783226.0,0.99,-0.009394,-0.013884,0.140069,0.016185,-0.015836,0.153843,0.0,,,,,,,,,,,,,,,,,,,,
54.0,137799893.0,0.989999,-0.009397,-0.013889,0.140071,0.028727,-0.032933,0.127062,0.0,,,,,,,,,,,,,,,,,,,,
55.0,137816560.0,0.989999,-0.009398,-0.013877,0.140078,0.02178,-0.008793,0.105701,0.0,,,,,,,,,,,,,,,,,,,,
56.0,137833227.0,0.989999,-0.0094,-0.013873,0.140073,-0.000546,-0.007688,0.171082,0.0,,,,,,,,,,,,,,,,,,,,
57.0,137849894.0,0.99,-0.009402,-0.013874,0.140065,0.013872,0.022339,0.183777,0.0,,,,,,,,,,,,,,,,,,,,
58.0,137866561.0,0.990002,-0.0094,-0.013873,0.140054,0.009705,0.030502,0.18803,0.0,,,,,,,,,,,,,,,,,,,,
59.0,137883228.0,0.990003,-0.009404,-0.01386,0.140046,0.003717,0.029215,0.133994,0.0,,,,,,,,,,,,,,,,,,,,
60.0,137899895.0,0.990005,-0.009412,-0.013854,0.140036,0.007764,0.014057,0.028351,0.0,,,,,,,,,,,,,,,,,,,,
61.0,137916562.0,0.990006,-0.009408,-0.013845,0.140031,0.001074,-0.003203,0.275294,0.0,,,,,,,,,,,,,,,,,,,,
62.0,137933229.0,0.990004,-0.00941,-0.013873,0.140042,0.009368,-0.007775,0.114539,0.0,,,,,,,,,,,,,,,,,,,,
63.0,137949896.0,0.990004,-0.009402,-0.013856,0.140045,0.019648,-0.016288,0.148826,0.0,,,,,,,,,,,,,,,,,,,,
64.0,137966563.0,0.990004,-0.009398,-0.013855,0.140044,0.010513,-0.001721,0.245103,0.0,,,,,,,,,,,,,,,,,,,,
65.0,137983230.0,0.990004,-0.009408,-0.013862,0.140042,0.042246,0.006141,0.084995,0.0,,,,,,,,,,,,,,,,,,,,
66.0,137999897.0,0.990004,-0.009406,-0.013839,0.14004,0.009086,0.009319,0.346112,0.0,,,,,,,,,,,,,,,,,,,,
67.0,138016564.0,0.990006,-0.009414,-0.013858,0.140029,0.023401,0.031307,0.015429,0.0,,,,,,,,,,,,,,,,,,,,
68.0,138033231.0,0.990007,-0.009408,-0.013841,0.140025,0.001991,0.015021,0.060551,0.0,,,,,,,,,,,,,,,,,,,,
69.0,138049898.0,0.990006,-0.009405,-0.013852,0.140029,0.001894,-0.001087,0.285406,0.0,,,,,,,,,,,,,,,,,,,,
70.0,138066565.0,0.990006,-0.009406,-0.013851,0.140029,0.024478,0.014249,0.034825,0.0,,,,,,,,,,,,,,,,,,,,
71.0,138083232.0,0.990007,-0.009395,-0.013854,0.140023,0.002921,0.004037,0.234313,0.0,,,,,,,,,,,,,,,,,,,,
72.0,138099899.0,0.990006,-0.00939,-0.013857,0.140032,0.013359,-0.011217,0.113688,0.0,,,,,,,,,,,,,,,,,,,,
73.0,138116566.0,0.990007,-0.00939,-0.013847,0.14002,0.016927,-0.005118,0.108712,0.0,,,,,,,,,,,,,,,,,,,,
74.0,138133233.0,0.990008,-0.009382,-0.013849,0.140013,0.004166,-0.002158,0.179999,0.0,,,,,,,,,,,,,,,,,,,,
75.0,138149900.0,0.99001,-0.009382,-0.013861,0.140004,-0.003558,0.001495,0.146307,0.0,,,,,,,,,,,,,,,,,,,,
76.0,138166567.0,0.990011,-0.009379,-0.013864,0.139994,0.00053,0.010715,0.164506,0.0,,,,,,,,,,,,,,,,,,,,
77.0,138183234.0,0.99001,-0.009379,-0.013865,0.140001,0.013098,0.012183,0.135056,0.0,,,,,,,,,,,,,,,,,,,,
78.0,138199901.0,0.990009,-0.009376,-0.013856,0.140008,0.022438,0.02349,0.153639,0.0,,,,,,,,,,,,,,,,,,,,
79.0,138216568.0,0.990008,-0.009373,-0.01386,0.140015,0.024151,0.009948,0.135961,0.0,,,,,,,,,,,,,,,,,,,,
80.0,138233235.0,0.990009,-0.009381,-0.01385,0.140009,0.022521,0.011572,0.127151,0.0,,,,,,,,,,,,,,,,,,,,
81.0,138249902.0,0.99001,-0.009374,-0.013844,0.140003,0.013463,0.00286,0.198633,0.0,,,,,,,,,,,,,,,,,,,,
82.0,138266569.0,0.990011,-0.009373,-0.01384,0.139998,0.023729,-0.008967,0.112101,0.0,,,,,,,,,,,,,,,,,,,,
83.0,138283236.0,0.990011,-0.009379,-0.013831,0.139996,0.00919,-0.005388,0.173092,0.0,,,,,,,,,,,,,,,,,,,,
84.0,138299903.0,0.990011,-0.009383,-0.013831,0.139996,0.007179,-0.014503,0.165768,0.0,,,,,,,,,,,,,,,,,,,,
85.0,138316570.0,0.99001,-0.00938,-0.01383,0.14,-0.000241,0.009465,0.144367,0.0,,,,,,,,,,,,,,,,,,,,
86.0,138333237.0,0.990011,-0.009381,-0.013831,0.14,0.01508,0.014876,0.151735,0.0,,,,,,,,,,,,,,,,,,,,
87.0,138349904.0,0.99001,-0.009375,-0.013834,0.140002,-0.000992,0.0142,0.145947,0.0,,,,,,,,,,,,,,,,,,,,
88.0,138366571.0,0.990012,-0.009382,-0.013824,0.139993,0.006905,0.031435,0.155763,0.0,,,,,,,,,,,,,,,,,,,,
89.0,138383238.0,0.990012,-0.009384,-0.013825,0.139989,0.00566,0.011427,0.151881,0.0,,,,,,,,,,,,,,,,,,,,
90.0,138399905.0,0.990014,-0.009384,-0.013814,0.139976,0.013848,0.011276,0.157392,0.0,,,,,,,,,,,,,,,,,,,,
91.0,138416572.0,0.990014,-0.009385,-0.013822,0.139977,0.005768,-0.00284,0.153494,0.0,,,,,,,,,,,,,,,,,,,,
92.0,138433239.0,0.990015,-0.009377,-0.013815,0.139973,0.008594,-0.005608,0.169297,0.0,,,,,,,,,,,,,,,,,,,,
93.0,138449906.0,0.990015,-0.009379,-0.013809,0.139967,0.020455,0.002347,0.137774,0.0,,,,,,,,,,,,,,,,,,,,
94.0,138466573.0,0.990016,-0.009377,-0.013815,0.139965,0.010265,0.021722,0.1981,0.0,,,,,,,,,,,,,,,,,,,,
95.0,138483240.0,0.990016,-0.009363,-0.013811,0.139966,0.017805,0.019917,0.159225,0.0,,,,,,,,,,,,,,,,,,,,
96.0,138499907.0,0.990008,-0.009478,-0.013884,0.140007,0.01298,0.004583,0.139804,0.0,,,,,,,,,,,,,,,,,,,,
97.0,138516574.0,0.99001,-0.009487,-0.01389,0.139994,0.009173,0.01907,0.163293,0.0,,,,,,,,,,,,,,,,,,,,
98.0,138533241.0,0.99001,-0.009479,-0.013878,0.139991,0.012038,0.003021,0.172958,0.0,,,,,,,,,,,,,,,,,,,,
99.0,138549908.0,0.990011,-0.00948,-0.013886,0.139982,0.000795,0.002456,0.132907,0.0,,,,,,,,,,,,,,,,,,,,
100.0,138566575.0,0.99001,-0.009482,-0.013891,0.139989,0.00082,-0.002196,0.12397,0.0,,,,,,,,,,,,,,,,,,,,
101.0,138583242.0,0.990012,-0.009481,-0.013894,0.139979,-0.002905,-0.000426,0.174411,0.0,,,,,,,,,,,,,,,,,,,,
102.0,138599909.0,0.990012,-0.009483,-0.013896,0.139975,0.010688,0.008113,0.144746,0.0,,,,,,,,,,,,,,,,,,,,
103.0,138616576.0,0.990011,-0.00948,-0.013896,0.139983,0.010513,0.021901,0.13135,0.0,,,,,,,,,,,,,,,,,,,,
104.0,138633243.0,0.990012,-0.00949,-0.013889,0.139979,0.000588,0.021159,0.141551,0.0,,,,,,,,,,,,,,,,,,,,
105.0,138649910.0,0.990013,-0.009489,-0.01389,0.13997,0.01641,0.011246,0.141972,0.0,,,,,,,,,,,,,,,,,,,,
106.0,138666577.0,0.990014,-0.009485,-0.013892,0.139958,0.006861,0.021455,0.139859,0.0,,,,,,,,,,,,,,,,,,,,
107.0,138683244.0,0.990014,-0.009485,-0.013886,0.139961,0.021399,0.018325,0.175663,0.0,,,,,,,,,,,,,,,,,,,,
108.0,138699911.0,0.990013,-0.009482,-0.013888,0.139971,0.008998,0.004974,0.163349,0.0,,,,,,,,,,,,,,,,,,,,
109.0,138716578.0,0.990013,-0.009482,-0.013883,0.139968,0.005756,0.006042,0.152957,0.0,,,,,,,,,,,,,,,,,,,,
110.0,138733245.0,0.990013,-0.009487,-0.013875,0.139972,0.006848,0.003088,0.139915,0.0,,,,,,,,,,,,,,,,,,,,
111.0,138749912.0,0.990014,-0.009489,-0.013876,0.139964,0.005074,-0.004587,0.142979,0.0,,,,,,,,,,,,,,,,,,,,
112.0,138766579.0,0.990014,-0.009488,-0.013894,0.139961,0.001601,-0.003615,0.182735,0.0,,,,,,,,,,,,,,,,,,,,
113.0,138783246.0,0.990014,-0.009486,-0.013898,0.13996,-0.001508,0.007655,0.173237,0.0,,,,,,,,,,,,,,,,,,,,
114.0,138799913.0,0.990016,-0.009486,-0.013895,0.139951,-0.000359,0.006918,0.144029,0.0,,,,,,,,,,,,,,,,,,,,
115.0,138816580.0,0.990016,-0.009478,-0.013895,0.139947,-0.006682,0.020744,0.16975,0.0,,,,,,,,,,,,,,,,,,,,
116.0,138833247.0,0.990017,-0.009482,-0.013896,0.139942,0.016325,0.023433,0.152891,0.0,,,,,,,,,,,,,,,,,,,,
117.0,138849914.0,0.990017,-0.009484,-0.013893,0.139941,0.006203,0.016176,0.153626,0.0,,,,,,,,,,,,,,,,,,,,
118.0,138866581.0,0.990017,-0.009487,-0.013892,0.139942,0.005254,0.011844,0.148513,0.0,,,,,,,,,,,,,,,,,,,,
119.0,138883248.0,0.990016,-0.009483,-0.013905,0.139951,0.008395,-0.00686,0.124397,0.0,,,,,,,,,,,,,,,,,,,,
120.0,138899915.0,0.990016,-0.00949,-0.013916,0.139946,0.018264,-0.002184,0.143778,0.0,,,,,,,,,,,,,,,,,,,,
121.0,138916582.0,0.990016,-0.009486,-0.013908,0.139948,0.008461,0.002553,0.133743,0.0,,,,,,,,,,,,,,,,,,,,
122.0,138933249.0,0.990016,-0.009483,-0.013895,0.139951,0.018539,-0.001414,0.152225,0.0,,,,,,,,,,,,,,,,,,,,
123.0,138949916.0,0.990016,-0.009475,-0.013895,0.139947,0.007881,-0.007572,0.149366,0.0,,,,,,,,,,,,,,,,,,,,
124.0,138966583.0,0.990017,-0.009471,-0.013894,0.139945,0.01049,0.018056,0.123474,0.0,,,,,,,,,,,,,,,,,,,,
125.0,138983250.0,0.990018,-0.009471,-0.013899,0.139934,0.020482,0.013154,0.147525,0.0,,,,,,,,,,,,,,,,,,,,
126.0,138999917.0,0.990019,-0.009481,-0.013895,0.139928,0.014393,0.008782,0.152258,0.0,,,,,,,,,,,,,,,,,,,,
127.0,139016584.0,0.990019,-0.009482,-0.013899,0.139926,0.003405,0.011736,0.143868,0.0,,,,,,,,,,,,,,,,,,,,
128.0,139033251.0,0.990019,-0.009479,-0.013905,0.139926,-0.000797,0.021541,0.141166,0.0,,,,,,,,,,,,,,,,,,,,
129.0,139049918.0,0.99002,-0.009479,-0.013902,0.139916,0.000838,0.008426,0.14209,0.0,,,,,,,,,,,,,,,,,,,,
130.0,139066585.0,0.990021,-0.009477,-0.013897,0.139913,0.009611,0.004845,0.16219,0.0,,,,,,,,,,,,,,,,,,,,
131.0,139083252.0,0.99002,-0.009485,-0.013887,0.139918,-0.004302,-0.001521,0.157206,0.0,,,,,,,,,,,,,,,,,,,,
132.0,139099919.0,0.990019,-0.009487,-0.013887,0.139926,0.003465,0.020258,0.156941,0.0,,,,,,,,,,,,,,,,,,,,
133.0,139116586.0,0.99002,-0.009491,-0.013891,0.13992,0.001905,-0.000427,0.153691,0.0,,,,,,,,,,,,,,,,,,,,
134.0,139133253.0,0.99002,-0.009483,-0.013897,0.13992,0.02082,-0.000989,0.144358,0.0,,,,,,,,,,,,,,,,,,,,
135.0,139149920.0,0.99002,-0.009484,-0.013902,0.139921,0.004042,0.015956,0.128824,0.0,,,,,,,,,,,,,,,,,,,,
136.0,139166587.0,0.990021,-0.009482,-0.013899,0.139915,0.020273,0.016651,0.163111,0.0,,,,,,,,,,,,,,,,,,,,
137.0,139183254.0,0.990021,-0.009471,-0.0139,0.139915,0.021776,0.016041,0.154923,0.0,,,,,,,,,,,,,,,,,,,,
138.0,139199921.0,0.990021,-0.009469,-0.013898,0.139913,0.014815,0.010859,0.14828,0.0,,,,,,,,,,,,,,,,,,,,
139.0,139216588.0,0.99002,-0.009476,-0.013902,0.139919,0.006122,-0.000718,0.136211,0.0,,,,,,,,,,,,,,,,,,,,
140.0,139233255.0,0.990021,-0.009472,-0.013893,0.139916,-0.001716,0.016323,0.144554,0.0,,,,,,,,,,,,,,,,,,,,
141.0,139249922.0,0.990021,-0.009471,-0.013884,0.139916,0.014618,0.012961,0.15889,0.0,,,,,,,,,,,,,,,,,,,,
142.0,139266589.0,0.99002,-0.009473,-0.013879,0.13992,0.002258,0.001462,0.148444,0.0,,,,,,,,,,,,,,,,,,,,
143.0,139283256.0,0.990021,-0.009478,-0.013875,0.139914,0.007166,0.00503,0.131954,0.0,,,,,,,,,,,,,,,,,,,,
144.0,139299923.0,0.990021,-0.009475,-0.013877,0.139911,0.016195,0.015106,0.125328,0.0,,,,,,,,,,,,,,,,,,,,
145.0,139316590.0,0.990021,-0.009478,-0.013873,0.139917,0.016337,0.008191,0.143417,0.0,,,,,,,,,,,,,,,,,,,,
146.0,139333257.0,0.990022,-0.009484,-0.013873,0.139909,0.007812,0.004963,0.171248,0.0,,,,,,,,,,,,,,,,,,,,
147.0,139349924.0,0.990024,-0.009484,-0.013874,0.139896,0.025881,0.000167,0.162765,0.0,,,,,,,,,,,,,,,,,,,,
148.0,139366591.0,0.990025,-0.009476,-0.013868,0.139886,0.02708,-0.006683,0.119523,0.0,,,,,,,,,,,,,,,,,,,,
149.0,139383258.0,0.990024,-0.009467,-0.013869,0.139892,0.006526,0.000727,0.128312,0.0,,,,,,,,,,,,,,,,,,,,
150.0,139399925.0,0.990023,-0.00946,-0.013874,0.139901,0.026731,0.022716,0.157242,0.0,,,,,,,,,,,,,,,,,,,,
151.0,139416592.0,0.990023,-0.009462,-0.013866,0.139904,0.011302,0.022003,0.128002,0.0,,,,,,,,,,,,,,,,,,,,
152.0,139433259.0,0.990024,-0.009467,-0.013873,0.139896,0.01117,0.008296,0.126099,0.0,,,,,,,,,,,,,,,,,,,,
153.0,139449926.0,0.990023,-0.009467,-0.013871,0.139899,0.005334,0.002421,0.156379,0.0,,,,,,,,,,,,,,,,,,,,
154.0,139466593.0,0.990023,-0.00947,-0.013865,0.139903,-0.00316,-0.004885,0.175503,0.0,,,,,,,,,,,,,,,,,,,,
155.0,139483260.0,0.990023,-0.009479,-0.013857,0.139904,0.00183,-0.002298,0.15227,0.0,,,,,,,,,,,,,,,,,,,,
156.0,139499927.0,0.990023,-0.009487,-0.013857,0.139899,0.013134,0.009387,0.139659,0.0,,,,,,,,,,,,,,,,,,,,
157.0,139516594.0,0.990022,-0.009484,-0.01387,0.139904,0.015907,-0.005077,0.14514,0.0,,,,,,,,,,,,,,,,,,,,
158.0,139533261.0,0.990023,-0.009478,-0.013862,0.139901,0.015819,0.008997,0.173323,0.0,,,,,,,,,,,,,,,,,,,,
159.0,139549928.0,0.990024,-0.009483,-0.013861,0.139894,0.018887,0.016517,0.158766,0.0,,,,,,,,,,,,,,,,,,,,
160.0,139566595.0,0.990025,-0.009484,-0.013855,0.13989,0.024205,0.016288,0.151941,0.0,,,,,,,,,,,,,,,,,,,,
161.0,139583262.0,0.990025,-0.00948,-0.013844,0.139892,0.022595,0.017649,0.146064,0.0,,,,,,,,,,,,,,,,,,,,
162.0,139599929.0,0.990025,-0.009485,-0.013826,0.139893,0.00499,0.01146,0.158556,0.0,,,,,,,,,,,,,,,,,,,,
163.0,139616596.0,0.990024,-0.009485,-0.013824,0.1399,-0.001512,0.006518,0.175577,0.0,,,,,,,,,,,,,,,,,,,,
164.0,139633263.0,0.990023,-0.009487,-0.013821,0.139903,-0.001345,0.016965,0.149324,0.0,,,,,,,,,,,,,,,,,,,,
165.0,139649930.0,0.990023,-0.009485,-0.013826,0.139901,0.015966,-0.001649,0.147753,0.0,,,,,,,,,,,,,,,,,,,,
166.0,139666597.0,0.990024,-0.009481,-0.013811,0.139901,0.004341,0.008071,0.146564,0.0,,,,,,,,,,,,,,,,,,,,
167.0,139683264.0,0.990025,-0.009475,-0.013813,0.139889,0.011364,0.021648,0.156476,0.0,,,,,,,,,,,,,,,,,,,,
168.0,139699931.0,0.990026,-0.009475,-0.013817,0.139886,0.015346,0.007251,0.144726,0.0,,,,,,,,,,,,,,,,,,,,
169.0,139716598.0,0.990027,-0.009474,-0.013806,0.139879,0.009427,0.020909,0.171788,0.0,,,,,,,,,,,,,,,,,,,,
170.0,139733265.0,0.990027,-0.009472,-0.013809,0.139877,0.01568,0.009438,0.153963,0.0,,,,,,,,,,,,,,,,,,,,
171.0,139749932.0,0.990028,-0.009474,-0.013801,0.139873,0.010103,0.024477,0.137033,0.0,,,,,,,,,,,,,,,,,,,,
172.0,139766599.0,0.990029,-0.00948,-0.013794,0.139863,0.0164,0.011157,0.135704,0.0,,,,,,,,,,,,,,,,,,,,
173.0,139783266.0,0.990031,-0.009477,-0.013788,0.139856,0.019943,0.007854,0.168178,0.0,,,,,,,,,,,,,,,,,,,,
174.0,139799933.0,0.990032,-0.009482,-0.013798,0.139845,0.006147,0.006208,0.15114,0.0,,,,,,,,,,,,,,,,,,,,
175.0,139816600.0,0.990033,-0.009484,-0.013799,0.13984,0.011304,-0.001997,0.167529,0.0,,,,,,,,,,,,,,,,,,,,
176.0,139833267.0,0.990032,-0.009486,-0.013797,0.139847,0.010934,0.005126,0.142574,0.0,,,,,,,,,,,,,,,,,,,,
177.0,139849934.0,0.990033,-0.00948,-0.013806,0.139834,0.005146,0.003348,0.151746,0.0,,,,,,,,,,,,,,,,,,,,
178.0,139866601.0,0.990034,-0.009478,-0.013813,0.13983,0.005438,0.003918,0.166718,0.0,,,,,,,,,,,,,,,,,,,,
179.0,139883268.0,0.990034,-0.009471,-0.013818,0.139827,0.008239,0.015961,0.136015,0.0,,,,,,,,,,,,,,,,,,,,
180.0,139899935.0,0.990034,-0.009469,-0.01382,0.139831,0.005054,0.007991,0.155223,0.0,,,,,,,,,,,,,,,,,,,,
181.0,139916602.0,0.990035,-0.009478,-0.013818,0.139824,0.003085,0.000493,0.151607,0.0,,,,,,,,,,,,,,,,,,,,
182.0,139933269.0,0.990034,-0.00948,-0.01381,0.139826,0.011434,-0.000296,0.165011,0.0,,,,,,,,,,,,,,,,,,,,
183.0,139949936.0,0.990035,-0.009474,-0.013805,0.139824,0.022974,0.016407,0.168843,0.0,,,,,,,,,,,,,,,,,,,,
184.0,139966603.0,0.990036,-0.009476,-0.013803,0.139813,0.008208,0.02135,0.160926,0.0,,,,,,,,,,,,,,,,,,,,
185.0,139983270.0,0.990035,-0.009476,-0.013805,0.139822,0.012566,0.024644,0.154351,0.0,,,,,,,,,,,,,,,,,,,,
186.0,139999937.0,0.990037,-0.009474,-0.013806,0.139806,0.013157,0.016422,0.121088,0.0,,,,,,,,,,,,,,,,,,,,
187.0,140016604.0,0.990039,-0.009475,-0.013799,0.139795,0.005536,-0.006741,0.152538,0.0,,,,,,,,,,,,,,,,,,,,
188.0,140033271.0,0.990039,-0.009468,-0.013797,0.139798,0.01647,-0.002178,0.145991,0.0,,,,,,,,,,,,,,,,,,,,
189.0,140049938.0,0.990039,-0.009464,-0.013795,0.139796,0.008017,-0.003933,0.165742,0.0,,,,,,,,,,,,,,,,,,,,
190.0,140066605.0,0.990038,-0.009459,-0.013792,0.139804,0.015124,-0.001919,0.133317,0.0,,,,,,,,,,,,,,,,,,,,
191.0,140083272.0,0.990038,-0.009458,-0.013799,0.139803,0.004679,0.017054,0.155511,0.0,,,,,,,,,,,,,,,,,,,,
192.0,140099939.0,0.990038,-0.009457,-0.013793,0.139804,0.004309,0.009822,0.152651,0.0,,,,,,,,,,,,,,,,,,,,
193.0,140116606.0,0.990039,-0.009455,-0.013802,0.139796,0.006195,0.003569,0.150701,0.0,,,,,,,,,,,,,,,,,,,,
194.0,140133273.0,0.99004,-0.009451,-0.013811,0.139787,0.003508,-0.004687,0.177425,0.0,,,,,,,,,,,,,,,,,,,,
195.0,140149940.0,0.990042,-0.009452,-0.013812,0.139774,0.016935,-0.006101,0.161303,0.0,,,,,,,,,,,,,,,,,,,,
196.0,140166607.0,0.990042,-0.009438,-0.0138,0.139773,0.005517,1.4e-05,0.149613,0.0,,,,,,,,,,,,,,,,,,,,
197.0,140183274.0,0.990043,-0.00944,-0.013799,0.13977,0.015103,0.007883,0.146108,0.0,,,,,,,,,,,,,,,,,,,,
198.0,140199941.0,0.990043,-0.009443,-0.013799,0.139771,0.020682,0.016819,0.135395,0.0,,,,,,,,,,,,,,,,,,,,
199.0,140216608.0,0.990043,-0.009436,-0.013801,0.139772,0.025299,0.017583,0.156354,0.0,,,,,,,,,,,,,,,,,,,,
200.0,140233275.0,0.990043,-0.00943,-0.013801,0.139769,0.018403,0.012943,0.153798,0.0,,,,,,,,,,,,,,,,,,,,
201.0,140249942.0,0.990045,-0.009433,-0.013794,0.139755,0.002278,0.011562,0.158459,0.0,,,,,,,,,,,,,,,,,,,,
202.0,140266609.0,0.990043,-0.009436,-0.013787,0.139768,0.000268,0.005332,0.156762,0.0,,,,,,,,,,,,,,,,,,,,
203.0,140283276.0,0.990045,-0.009438,-0.013787,0.139753,0.02122,0.008001,0.139897,0.0,,,,,,,,,,,,,,,,,,,,
204.0,140299943.0,0.990046,-0.009441,-0.01378,0.139752,-0.010764,0.002911,0.144616,0.0,,,,,,,,,,,,,,,,,,,,
205.0,140316610.0,0.990045,-0.009458,-0.013776,0.139756,0.007362,0.002369,0.14185,0.0,,,,,,,,,,,,,,,,,,,,
206.0,140333277.0,0.990045,-0.009466,-0.013758,0.139759,-0.004842,0.000873,0.142612,0.0,,,,,,,,,,,,,,,,,,,,
207.0,140349944.0,0.990044,-0.009463,-0.013759,0.139765,0.00118,0.012719,0.13704,0.0,,,,,,,,,,,,,,,,,,,,
208.0,140366611.0,0.990045,-0.009461,-0.013751,0.139759,0.010771,0.014229,0.152073,0.0,,,,,,,,,,,,,,,,,,,,
209.0,140383278.0,0.990045,-0.009463,-0.013752,0.139757,0.011761,0.021667,0.141919,0.0,,,,,,,,,,,,,,,,,,,,
210.0,140399945.0,0.990045,-0.009456,-0.013754,0.139755,0.008764,0.007822,0.148738,0.0,,,,,,,,,,,,,,,,,,,,
211.0,140416612.0,0.990046,-0.009462,-0.013748,0.139753,0.013366,0.000823,0.153646,0.0,,,,,,,,,,,,,,,,,,,,
212.0,140433279.0,0.990046,-0.009463,-0.01374,0.139751,0.011681,0.000308,0.164589,0.0,,,,,,,,,,,,,,,,,,,,
213.0,140449946.0,0.990046,-0.009449,-0.013732,0.139755,0.00533,-0.01934,0.144811,0.0,,,,,,,,,,,,,,,,,,,,
214.0,140466613.0,0.990044,-0.009436,-0.013719,0.139768,-0.013705,-0.006182,0.148443,0.0,,,,,,,,,,,,,,,,,,,,
215.0,140483280.0,0.990044,-0.009432,-0.013698,0.139772,-0.019035,-0.004704,0.11767,0.0,,,,,,,,,,,,,,,,,,,,
216.0,140499947.0,0.990051,-0.009486,-0.013813,0.139709,0.000201,0.031506,0.172035,0.0,,,,,,,,,,,,,,,,,,,,
217.0,140516614.0,0.990053,-0.009485,-0.013818,0.139696,0.007126,0.028627,0.157249,0.0,,,,,,,,,,,,,,,,,,,,
218.0,140533281.0,0.990053,-0.00948,-0.013825,0.139691,0.04791,0.019322,0.165452,0.0,,,,,,,,,,,,,,,,,,,,
219.0,140549948.0,0.990055,-0.009473,-0.013819,0.139677,0.051017,0.022864,0.1675,0.0,,,,,,,,,,,,,,,,,,,,
220.0,140566615.0,0.990058,-0.009478,-0.013804,0.139661,0.046563,0.009057,0.13938,0.0,,,,,,,,,,,,,,,,,,,,
221.0,140583282.0,0.990059,-0.009472,-0.013809,0.13965,0.037641,0.002257,0.164433,0.0,,,,,,,,,,,,,,,,,,,,
222.0,140599949.0,0.990058,-0.009477,-0.013802,0.139659,0.025782,-0.01909,0.150564,0.0,,,,,,,,,,,,,,,,,,,,
223.0,140616616.0,0.990058,-0.009472,-0.013807,0.139664,0.013577,-0.008561,0.150849,0.0,,,,,,,,,,,,,,,,,,,,
224.0,140633283.0,0.990056,-0.009478,-0.013807,0.139672,-0.013621,0.010743,0.164886,0.0,,,,,,,,,,,,,,,,,,,,
225.0,140649950.0,0.990055,-0.009481,-0.013814,0.139679,-0.018738,0.022457,0.127409,0.0,,,,,,,,,,,,,,,,,,,,
226.0,140666617.0,0.990053,-0.00948,-0.013817,0.139692,-0.026076,0.024104,0.154448,0.0,,,,,,,,,,,,,,,,,,,,
227.0,140683284.0,0.990054,-0.00948,-0.013807,0.13969,-0.024047,0.026032,0.153186,0.0,,,,,,,,,,,,,,,,,,,,
228.0,140699951.0,0.990055,-0.009477,-0.013803,0.139679,-0.020003,0.032941,0.164919,0.0,,,,,,,,,,,,,,,,,,,,
229.0,140716618.0,0.990056,-0.009484,-0.013814,0.139672,-0.007147,-0.004004,0.143688,0.0,,,,,,,,,,,,,,,,,,,,
230.0,140733285.0,0.990057,-0.009485,-0.01381,0.139667,0.013865,-0.008874,0.132395,0.0,,,,,,,,,,,,,,,,,,,,
231.0,140749952.0,0.990057,-0.009481,-0.013821,0.139665,0.042062,0.002076,0.166594,0.0,,,,,,,,,,,,,,,,,,,,
232.0,140766619.0,0.990056,-0.009488,-0.01382,0.139669,0.056086,0.006732,0.141731,0.0,,,,,,,,,,,,,,,,,,,,
233.0,140783286.0,0.990056,-0.009481,-0.013829,0.139668,0.058145,0.014741,0.154253,0.0,,,,,,,,,,,,,,,,,,,,
234.0,140799953.0,0.990059,-0.009476,-0.013831,0.139651,0.033612,0.016353,0.151929,0.0,,,,,,,,,,,,,,,,,,,,
235.0,140816620.0,0.99006,-0.009481,-0.01383,0.139644,0.022786,0.019358,0.162671,0.0,,,,,,,,,,,,,,,,,,,,
236.0,140833287.0,0.990062,-0.009483,-0.013834,0.139631,0.001476,0.016879,0.137519,0.0,,,,,,,,,,,,,,,,,,,,
237.0,140849954.0,0.990063,-0.009473,-0.013822,0.139623,-0.00853,0.02015,0.170158,0.0,,,,,,,,,,,,,,,,,,,,
238.0,140866621.0,0.990063,-0.009466,-0.013825,0.139621,-0.022746,-0.003133,0.149269,0.0,,,,,,,,,,,,,,,,,,,,
239.0,140883288.0,0.990063,-0.009463,-0.013823,0.139622,0.00497,0.011988,0.172774,0.0,,,,,,,,,,,,,,,,,,,,
240.0,140899955.0,0.990062,-0.009463,-0.013817,0.139629,-0.020768,0.003558,0.16189,0.0,,,,,,,,,,,,,,,,,,,,
241.0,140916622.0,0.990063,-0.009459,-0.013817,0.139624,0.002456,-0.001808,0.131628,0.0,,,,,,,,,,,,,,,,,,,,
242.0,140933289.0,0.990063,-0.009463,-0.013808,0.139628,0.018367,0.002263,0.141801,0.0,,,,,,,,,,,,,,,,,,,,
243.0,140949956.0,0.990062,-0.009464,-0.01381,0.139633,0.027984,0.013144,0.158529,0.0,,,,,,,,,,,,,,,,,,,,
244.0,140966623.0,0.990063,-0.009466,-0.013801,0.139624,0.024396,0.01412,0.165458,0.0,,,,,,,,,,,,,,,,,,,,
245.0,140983290.0,0.990064,-0.009455,-0.013803,0.139618,0.035445,0.023197,0.143142,0.0,,,,,,,,,,,,,,,,,,,,
246.0,140999957.0,0.990063,-0.009467,-0.013798,0.139624,0.033678,0.026383,0.142638,0.0,,,,,,,,,,,,,,,,,,,,
247.0,141016624.0,0.990063,-0.009465,-0.01379,0.139627,0.033043,0.024862,0.143405,0.0,,,,,,,,,,,,,,,,,,,,
248.0,141033291.0,0.990062,-0.009476,-0.013784,0.13963,0.010701,0.016377,0.152395,0.0,,,,,,,,,,,,,,,,,,,,
249.0,141049958.0,0.990063,-0.009488,-0.013775,0.139626,0.012499,0.007588,0.168498,0.0,,,,,,,,,,,,,,,,,,,,
250.0,141066625.0,0.990064,-0.009496,-0.013763,0.139617,-0.006294,-0.012621,0.136515,0.0,,,,,,,,,,,,,,,,,,,,
251.0,141083292.0,0.990065,-0.00949,-0.013772,0.13961,-0.017111,-0.012869,0.139347,0.0,,,,,,,,,,,,,,,,,,,,
252.0,141099959.0,0.990066,-0.009487,-0.013768,0.139603,-0.011162,-0.019675,0.151098,0.0,,,,,,,,,,,,,,,,,,,,
253.0,141116626.0,0.990068,-0.009484,-0.013765,0.139594,-0.004975,0.010504,0.160014,0.0,,,,,,,,,,,,,,,,,,,,
254.0,141133293.0,0.990068,-0.009481,-0.013765,0.139595,-0.007811,0.020454,0.155795,0.0,,,,,,,,,,,,,,,,,,,,
255.0,141149960.0,0.990067,-0.009482,-0.013764,0.1396,0.013256,0.04185,0.14742,0.0,,,,,,,,,,,,,,,,,,,,
256.0,141166627.0,0.990068,-0.009477,-0.013759,0.139592,0.030959,0.031662,0.162838,0.0,,,,,,,,,,,,,,,,,,,,
257.0,141183294.0,0.990069,-0.009473,-0.013756,0.139586,0.051449,0.026361,0.165298,0.0,,,,,,,,,,,,,,,,,,,,
258.0,141199961.0,0.990069,-0.009475,-0.013755,0.139583,0.035808,0.019087,0.148969,0.0,,,,,,,,,,,,,,,,,,,,
259.0,141216628.0,0.990069,-0.009479,-0.013742,0.139586,0.027375,-0.002468,0.145821,0.0,,,,,,,,,,,,,,,,,,,,
260.0,141233295.0,0.990069,-0.009473,-0.013745,0.139586,0.029051,-0.00449,0.126776,0.0,,,,,,,,,,,,,,,,,,,,
261.0,141249962.0,0.990068,-0.009476,-0.01374,0.139599,0.031671,-0.001815,0.13212,0.0,,,,,,,,,,,,,,,,,,,,
262.0,141266629.0,0.990068,-0.009475,-0.01375,0.139597,0.007105,0.000939,0.142941,0.0,,,,,,,,,,,,,,,,,,,,
263.0,141283296.0,0.990066,-0.009479,-0.01374,0.139606,-0.002278,0.013329,0.160786,0.0,,,,,,,,,,,,,,,,,,,,
264.0,141299963.0,0.990066,-0.009486,-0.013727,0.139612,-0.011912,0.033874,0.139523,0.0,,,,,,,,,,,,,,,,,,,,
265.0,141316630.0,0.990066,-0.009486,-0.013723,0.139608,-0.023415,0.023533,0.162143,0.0,,,,,,,,,,,,,,,,,,,,
266.0,141333297.0,0.990068,-0.009475,-0.013725,0.1396,-0.002437,0.020037,0.144107,0.0,,,,,,,,,,,,,,,,,,,,
267.0,141349964.0,0.99007,-0.00947,-0.01372,0.139586,-0.006308,0.031726,0.151342,0.0,,,,,,,,,,,,,,,,,,,,
268.0,141366631.0,0.990071,-0.009468,-0.013719,0.139576,-6e-06,0.007659,0.143931,0.0,,,,,,,,,,,,,,,,,,,,
269.0,141383298.0,0.990071,-0.00947,-0.01371,0.139579,0.033374,-0.010114,0.152651,0.0,,,,,,,,,,,,,,,,,,,,
270.0,141399965.0,0.990071,-0.009467,-0.013705,0.139575,0.041515,-0.023012,0.163584,0.0,,,,,,,,,,,,,,,,,,,,
271.0,141416632.0,0.990072,-0.00946,-0.013703,0.139572,0.042795,-0.011496,0.171663,0.0,,,,,,,,,,,,,,,,,,,,
272.0,141433299.0,0.990072,-0.009452,-0.013698,0.139572,0.047705,-0.006203,0.162074,0.0,,,,,,,,,,,,,,,,,,,,
273.0,141449966.0,0.990071,-0.009453,-0.013704,0.139577,0.022802,0.018827,0.192609,0.0,,,,,,,,,,,,,,,,,,,,
274.0,141466633.0,0.990072,-0.009449,-0.013692,0.139571,0.02763,0.018886,0.132048,0.0,,,,,,,,,,,,,,,,,,,,
275.0,141483300.0,0.990072,-0.009454,-0.013683,0.139573,-0.001475,0.041001,0.154746,0.0,,,,,,,,,,,,,,,,,,,,
276.0,141499967.0,0.990074,-0.00946,-0.013679,0.139559,-0.004147,0.028271,0.172586,0.0,,,,,,,,,,,,,,,,,,,,
277.0,141516634.0,0.990074,-0.009456,-0.013678,0.139562,-0.012463,0.009568,0.146694,0.0,,,,,,,,,,,,,,,,,,,,
278.0,141533301.0,0.990074,-0.009451,-0.013683,0.139564,-0.013427,0.004662,0.166905,0.0,,,,,,,,,,,,,,,,,,,,
279.0,141549968.0,0.990074,-0.009451,-0.013688,0.13956,-0.017309,0.003065,0.136066,0.0,,,,,,,,,,,,,,,,,,,,
280.0,141566635.0,0.990074,-0.009444,-0.013685,0.139561,-0.009489,-0.008899,0.159364,0.0,,,,,,,,,,,,,,,,,,,,
281.0,141583302.0,0.990075,-0.009442,-0.013685,0.139556,0.013573,-0.012658,0.143395,0.0,,,,,,,,,,,,,,,,,,,,
282.0,141599969.0,0.990075,-0.00943,-0.013697,0.13955,0.030174,-0.003267,0.137719,0.0,,,,,,,,,,,,,,,,,,,,
283.0,141616636.0,0.990075,-0.009429,-0.013697,0.13955,0.034784,0.014956,0.142367,0.0,,,,,,,,,,,,,,,,,,,,
284.0,141633303.0,0.990076,-0.009427,-0.013688,0.13955,0.04759,0.030065,0.15945,0.0,,,,,,,,,,,,,,,,,,,,
285.0,141649970.0,0.990075,-0.009424,-0.013689,0.139555,0.027739,0.0274,0.153974,0.0,,,,,,,,,,,,,,,,,,,,
286.0,141666637.0,0.990076,-0.009423,-0.01369,0.139547,0.022582,0.035844,0.150353,0.0,,,,,,,,,,,,,,,,,,,,
287.0,141683304.0,0.990074,-0.009428,-0.013698,0.13956,0.01518,0.018137,0.132812,0.0,,,,,,,,,,,,,,,,,,,,
288.0,141699971.0,0.990076,-0.009424,-0.013699,0.139547,0.010207,-0.001501,0.148258,0.0,,,,,,,,,,,,,,,,,,,,
289.0,141716638.0,0.990076,-0.00943,-0.013697,0.139546,0.002287,-0.023671,0.162966,0.0,,,,,,,,,,,,,,,,,,,,
290.0,141733305.0,0.990076,-0.009431,-0.013701,0.139549,0.001252,-0.01537,0.179165,0.0,,,,,,,,,,,,,,,,,,,,
291.0,141749972.0,0.990077,-0.009424,-0.013695,0.139542,-0.004158,-0.013702,0.126432,0.0,,,,,,,,,,,,,,,,,,,,
292.0,141766639.0,0.990078,-0.009419,-0.013705,0.139528,0.008144,0.007114,0.135902,0.0,,,,,,,,,,,,,,,,,,,,
293.0,141783306.0,0.990077,-0.009418,-0.013707,0.139536,0.021912,0.015639,0.154502,0.0,,,,,,,,,,,,,,,,,,,,
294.0,141799973.0,0.990077,-0.009424,-0.013696,0.139535,0.015174,0.043169,0.166519,0.0,,,,,,,,,,,,,,,,,,,,
295.0,141816640.0,0.990079,-0.009426,-0.013689,0.139528,0.037249,0.046598,0.154067,0.0,,,,,,,,,,,,,,,,,,,,
296.0,141833307.0,0.990079,-0.009418,-0.013678,0.139527,0.027243,0.013336,0.139217,0.0,,,,,,,,,,,,,,,,,,,,
297.0,141849974.0,0.99008,-0.009416,-0.013673,0.139519,0.027024,0.007626,0.142388,0.0,,,,,,,,,,,,,,,,,,,,
298.0,141866641.0,0.99008,-0.009413,-0.013668,0.13952,0.015122,-0.018244,0.160989,0.0,,,,,,,,,,,,,,,,,,,,
299.0,141883308.0,0.990082,-0.009411,-0.013666,0.139509,0.030397,-0.04008,0.150923,0.0,,,,,,,,,,,,,,,,,,,,
300.0,141899975.0,0.990081,-0.009415,-0.013668,0.139515,0.014633,-0.019744,0.142528,0.0,,,,,,,,,,,,,,,,,,,,
301.0,141916642.0,0.99008,-0.009421,-0.013669,0.139521,0.005714,-0.011542,0.168285,0.0,,,,,,,,,,,,,,,,,,,,
302.0,141933309.0,0.99008,-0.009418,-0.013674,0.139519,-0.008743,0.020692,0.149357,0.0,,,,,,,,,,,,,,,,,,,,
303.0,141949976.0,0.990081,-0.009422,-0.013669,0.139512,0.01042,0.028985,0.155267,0.0,,,,,,,,,,,,,,,,,,,,
304.0,141966643.0,0.990082,-0.009434,-0.013661,0.139508,0.00152,0.039571,0.144713,0.0,,,,,,,,,,,,,,,,,,,,
305.0,141983310.0,0.990083,-0.009448,-0.01367,0.1395,7.3e-05,0.035119,0.129513,0.0,,,,,,,,,,,,,,,,,,,,
306.0,141999977.0,0.990083,-0.009445,-0.013672,0.139496,0.016689,0.025782,0.124468,0.0,,,,,,,,,,,,,,,,,,,,
307.0,142016644.0,0.990085,-0.009446,-0.013673,0.139482,0.015669,-0.004461,0.142088,0.0,,,,,,,,,,,,,,,,,,,,
308.0,142033311.0,0.990086,-0.009456,-0.013681,0.139475,0.029017,-0.015843,0.149129,0.0,,,,,,,,,,,,,,,,,,,,
309.0,142049978.0,0.990086,-0.009463,-0.013666,0.139478,0.039118,-0.026734,0.160401,0.0,,,,,,,,,,,,,,,,,,,,
310.0,142066645.0,0.990085,-0.009471,-0.013667,0.139479,0.025938,0.000241,0.152246,0.0,,,,,,,,,,,,,,,,,,,,
311.0,142083312.0,0.990085,-0.009471,-0.01367,0.139484,0.019307,0.017519,0.139478,0.0,,,,,,,,,,,,,,,,,,,,
312.0,142099979.0,0.990084,-0.009476,-0.013664,0.139488,0.023464,0.020262,0.14811,0.0,,,,,,,,,,,,,,,,,,,,
313.0,142116646.0,0.990085,-0.009468,-0.013655,0.139484,0.004571,0.026156,0.142071,0.0,,,,,,,,,,,,,,,,,,,,
314.0,142133313.0,0.990085,-0.00947,-0.013649,0.139487,-0.013498,0.023538,0.132634,0.0,,,,,,,,,,,,,,,,,,,,
315.0,142149980.0,0.990085,-0.009474,-0.013656,0.139486,-0.003197,0.026871,0.154364,0.0,,,,,,,,,,,,,,,,,,,,
316.0,142166647.0,0.990085,-0.009475,-0.013649,0.139481,0.006856,0.016778,0.153814,0.0,,,,,,,,,,,,,,,,,,,,
317.0,142183314.0,0.990087,-0.009462,-0.013648,0.139473,0.025076,-0.004227,0.148666,0.0,,,,,,,,,,,,,,,,,,,,
318.0,142199981.0,0.990086,-0.009473,-0.013646,0.139474,0.033897,-0.000148,0.152757,0.0,,,,,,,,,,,,,,,,,,,,
319.0,142216648.0,0.990086,-0.00947,-0.01364,0.139475,0.02635,-0.007447,0.153657,0.0,,,,,,,,,,,,,,,,,,,,
320.0,142233315.0,0.990086,-0.00948,-0.013652,0.139478,0.040398,-0.004785,0.165471,0.0,,,,,,,,,,,,,,,,,,,,
321.0,142249982.0,0.990085,-0.009485,-0.013658,0.139481,0.017387,0.008847,0.169472,0.0,,,,,,,,,,,,,,,,,,,,
322.0,142266649.0,0.990085,-0.009477,-0.013664,0.139482,0.022719,0.02852,0.163239,0.0,,,,,,,,,,,,,,,,,,,,
323.0,142283316.0,0.990085,-0.009477,-0.013658,0.139481,0.004137,0.028953,0.175611,0.0,,,,,,,,,,,,,,,,,,,,
324.0,142299983.0,0.990084,-0.009471,-0.013661,0.139488,0.007389,0.022215,0.145005,0.0,,,,,,,,,,,,,,,,,,,,
325.0,142316650.0,0.990085,-0.009473,-0.013661,0.13948,0.000781,0.016689,0.138154,0.0,,,,,,,,,,,,,,,,,,,,
326.0,142333317.0,0.990087,-0.009465,-0.013665,0.139469,-0.006646,0.012331,0.142217,0.0,,,,,,,,,,,,,,,,,,,,
327.0,142349984.0,0.990088,-0.009463,-0.013668,0.139462,-0.003451,0.011995,0.176859,0.0,,,,,,,,,,,,,,,,,,,,
328.0,142366651.0,0.990089,-0.009457,-0.013667,0.139455,-0.000446,-0.007116,0.149838,0.0,,,,,,,,,,,,,,,,,,,,
329.0,142383318.0,0.99009,-0.009456,-0.01367,0.139446,0.011661,-0.011867,0.161643,0.0,,,,,,,,,,,,,,,,,,,,
330.0,142399985.0,0.990091,-0.009455,-0.013682,0.139441,0.004593,-0.003739,0.139324,0.0,,,,,,,,,,,,,,,,,,,,
331.0,142416652.0,0.990092,-0.009465,-0.013667,0.139436,0.030825,-0.004931,0.155059,0.0,,,,,,,,,,,,,,,,,,,,
332.0,142433319.0,0.990092,-0.009468,-0.013669,0.139436,0.025852,0.014226,0.140745,0.0,,,,,,,,,,,,,,,,,,,,
333.0,142449986.0,0.990091,-0.009468,-0.013668,0.139439,0.054527,0.016609,0.144731,0.0,,,,,,,,,,,,,,,,,,,,
334.0,142466653.0,0.990092,-0.009463,-0.013674,0.139432,0.024397,0.031776,0.146465,0.0,,,,,,,,,,,,,,,,,,,,
335.0,142483320.0,0.990092,-0.009472,-0.013672,0.139434,0.019373,0.025539,0.139496,0.0,,,,,,,,,,,,,,,,,,,,
336.0,142499987.0,0.990092,-0.009491,-0.013759,0.139423,0.006303,0.004024,0.146894,0.0,,,,,,,,,,,,,,,,,,,,
337.0,142516654.0,0.990093,-0.009496,-0.013761,0.139417,0.015137,-0.006818,0.136214,0.0,,,,,,,,,,,,,,,,,,,,
338.0,142533321.0,0.990094,-0.009493,-0.013765,0.139409,0.007388,-0.004063,0.145391,0.0,,,,,,,,,,,,,,,,,,,,
339.0,142549988.0,0.990093,-0.009482,-0.013762,0.139416,-0.008195,0.006134,0.14066,0.0,,,,,,,,,,,,,,,,,,,,
340.0,142566655.0,0.990094,-0.009471,-0.013753,0.13941,0.000718,0.026107,0.163196,0.0,,,,,,,,,,,,,,,,,,,,
341.0,142583322.0,0.990093,-0.009478,-0.013746,0.139415,-0.00026,0.030391,0.149719,0.0,,,,,,,,,,,,,,,,,,,,
342.0,142599989.0,0.990094,-0.009482,-0.013741,0.139407,0.010438,0.027896,0.153151,0.0,,,,,,,,,,,,,,,,,,,,
343.0,142616656.0,0.990095,-0.009477,-0.013744,0.1394,0.019539,0.033005,0.148595,0.0,,,,,,,,,,,,,,,,,,,,
344.0,142633323.0,0.990097,-0.009482,-0.013742,0.139391,0.034364,0.028526,0.157898,0.0,,,,,,,,,,,,,,,,,,,,
345.0,142649990.0,0.990098,-0.009482,-0.013743,0.139385,0.044101,0.005847,0.148423,0.0,,,,,,,,,,,,,,,,,,,,
346.0,142666657.0,0.990097,-0.009484,-0.013735,0.139391,0.032148,0.000785,0.159301,0.0,,,,,,,,,,,,,,,,,,,,
347.0,142683324.0,0.990097,-0.009477,-0.01374,0.139389,0.037353,-0.024398,0.156548,0.0,,,,,,,,,,,,,,,,,,,,
348.0,142699991.0,0.990095,-0.009485,-0.013743,0.1394,0.013437,-0.007436,0.138004,0.0,,,,,,,,,,,,,,,,,,,,
349.0,142716658.0,0.990095,-0.009483,-0.013739,0.139405,0.00211,0.02052,0.138334,0.0,,,,,,,,,,,,,,,,,,,,
350.0,142733325.0,0.990094,-0.00949,-0.013738,0.139411,0.00131,0.022041,0.146471,0.0,,,,,,,,,,,,,,,,,,,,
351.0,142749992.0,0.990095,-0.009495,-0.013743,0.139405,-0.022146,0.029486,0.157212,0.0,,,,,,,,,,,,,,,,,,,,
352.0,142766659.0,0.990095,-0.009494,-0.01374,0.139402,-0.002602,0.025021,0.149806,0.0,,,,,,,,,,,,,,,,,,,,
353.0,142783326.0,0.990096,-0.009488,-0.013751,0.139395,-0.009317,0.017377,0.144734,0.0,,,,,,,,,,,,,,,,,,,,
354.0,142799993.0,0.990096,-0.009498,-0.013745,0.139393,0.008727,0.003816,0.144058,0.0,,,,,,,,,,,,,,,,,,,,
355.0,142816660.0,0.990097,-0.009488,-0.013746,0.13939,0.015606,-0.006632,0.14303,0.0,,,,,,,,,,,,,,,,,,,,
356.0,142833327.0,0.990096,-0.009491,-0.013747,0.139396,0.024051,0.010696,0.13424,0.0,,,,,,,,,,,,,,,,,,,,
357.0,142849994.0,0.990097,-0.00948,-0.013756,0.139388,0.01864,-0.006264,0.176092,0.0,,,,,,,,,,,,,,,,,,,,
358.0,142866661.0,0.990096,-0.00948,-0.013744,0.139397,0.021022,0.004947,0.1622,0.0,,,,,,,,,,,,,,,,,,,,
359.0,142883328.0,0.990095,-0.00948,-0.013737,0.139401,0.02245,0.011514,0.146282,0.0,,,,,,,,,,,,,,,,,,,,
360.0,142899995.0,0.990095,-0.009471,-0.013736,0.139401,0.00986,0.030336,0.139644,0.0,,,,,,,,,,,,,,,,,,,,
361.0,142916662.0,0.990096,-0.009462,-0.013746,0.139398,4.3e-05,0.036225,0.145204,0.0,,,,,,,,,,,,,,,,,,,,
362.0,142933329.0,0.990096,-0.009458,-0.01374,0.139397,-0.015888,0.026053,0.157296,0.0,,,,,,,,,,,,,,,,,,,,
363.0,142949996.0,0.990095,-0.009462,-0.013746,0.139401,-0.001011,-0.002534,0.145165,0.0,,,,,,,,,,,,,,,,,,,,
364.0,142966663.0,0.990094,-0.009457,-0.013743,0.139409,0.014447,-0.00764,0.150365,0.0,,,,,,,,,,,,,,,,,,,,
365.0,142983330.0,0.990095,-0.009456,-0.013745,0.139408,-0.007895,0.003914,0.135898,0.0,,,,,,,,,,,,,,,,,,,,
366.0,142999997.0,0.990095,-0.009453,-0.013741,0.139407,0.004197,-0.014153,0.161158,0.0,,,,,,,,,,,,,,,,,,,,
367.0,143016664.0,0.990097,-0.009454,-0.013746,0.139392,0.006943,-0.007684,0.155927,0.0,,,,,,,,,,,,,,,,,,,,
368.0,143033331.0,0.990097,-0.009444,-0.013744,0.139391,0.015652,-0.002669,0.166102,0.0,,,,,,,,,,,,,,,,,,,,
369.0,143049998.0,0.990098,-0.009444,-0.013755,0.139385,0.009007,0.022942,0.141438,0.0,,,,,,,,,,,,,,,,,,,,
370.0,143066665.0,0.990098,-0.009444,-0.013762,0.139379,0.006739,0.035127,0.152142,0.0,,,,,,,,,,,,,,,,,,,,
371.0,143083332.0,0.990098,-0.009447,-0.013764,0.13938,0.021544,0.036473,0.150436,0.0,,,,,,,,,,,,,,,,,,,,
372.0,143099999.0,0.990098,-0.009453,-0.013774,0.139381,0.01561,0.021497,0.133358,0.0,,,,,,,,,,,,,,,,,,,,
373.0,143116666.0,0.990099,-0.009452,-0.013774,0.139376,0.015124,0.003026,0.169098,0.0,,,,,,,,,,,,,,,,,,,,
374.0,143133333.0,0.990099,-0.009442,-0.013766,0.139375,0.001165,-0.003572,0.123879,0.0,,,,,,,,,,,,,,,,,,,,
375.0,143150000.0,0.990099,-0.009444,-0.013751,0.139378,0.0108,-0.018585,0.155377,0.0,,,,,,,,,,,,,,,,,,,,
376.0,143166667.0,0.990099,-0.00945,-0.013758,0.139378,-0.000368,-0.00578,0.124196,0.0,,,,,,,,,,,,,,,,,,,,
377.0,143183334.0,0.990098,-0.009453,-0.01375,0.139382,-0.002353,-0.00421,0.150918,0.0,,,,,,,,,,,,,,,,,,,,
378.0,143200001.0,0.990099,-0.009452,-0.013737,0.139377,-0.000476,0.004817,0.156033,0.0,,,,,,,,,,,,,,,,,,,,
379.0,143216668.0,0.990099,-0.009447,-0.013743,0.139376,-0.002187,0.035099,0.164721,0.0,,,,,,,,,,,,,,,,,,,,
380.0,143233335.0,0.990099,-0.009447,-0.013743,0.139375,0.011472,0.025195,0.139175,0.0,,,,,,,,,,,,,,,,,,,,
381.0,143250002.0,0.990099,-0.009456,-0.013738,0.13938,0.013231,0.022138,0.157648,0.0,,,,,,,,,,,,,,,,,,,,
382.0,143266669.0,0.9901,-0.009449,-0.013738,0.139367,0.032453,0.015702,0.148442,0.0,,,,,,,,,,,,,,,,,,,,
383.0,143283336.0,0.990102,-0.009455,-0.013736,0.139354,0.034645,-0.010492,0.159795,0.0,,,,,,,,,,,,,,,,,,,,
384.0,143300003.0,0.990104,-0.009449,-0.013727,0.13934,0.034786,-0.015901,0.157464,0.0,,,,,,,,,,,,,,,,,,,,
385.0,143316670.0,0.990104,-0.009444,-0.013736,0.139342,0.018352,-0.008552,0.148231,0.0,,,,,,,,,,,,,,,,,,,,
386.0,143333337.0,0.990104,-0.00944,-0.01373,0.139345,0.023751,-0.001881,0.144449,0.0,,,,,,,,,,,,,,,,,,,,
387.0,143350004.0,0.990103,-0.00944,-0.013733,0.139349,0.008538,0.00599,0.155177,0.0,,,,,,,,,,,,,,,,,,,,
388.0,143366671.0,0.990103,-0.009445,-0.013723,0.139352,-0.002507,0.022068,0.175942,0.0,,,,,,,,,,,,,,,,,,,,
389.0,143383338.0,0.990101,-0.009439,-0.013712,0.139365,-0.007074,0.025801,0.169939,0.0,,,,,,,,,,,,,,,,,,,,
390.0,143400005.0,0.990103,-0.009437,-0.013715,0.139355,-0.016986,0.022336,0.153893,0.0,,,,,,,,,,,,,,,,,,,,
391.0,143416672.0,0.990103,-0.009432,-0.013707,0.139354,-0.01359,0.014667,0.148115,0.0,,,,,,,,,,,,,,,,,,,,
392.0,143433339.0,0.990105,-0.009437,-0.013707,0.139339,0.006492,-0.004112,0.14892,0.0,,,,,,,,,,,,,,,,,,,,
393.0,143450006.0,0.990107,-0.009436,-0.0137,0.139325,0.024898,-0.00659,0.149696,0.0,,,,,,,,,,,,,,,,,,,,
394.0,143466673.0,0.990107,-0.009441,-0.013701,0.139324,0.038423,-0.014765,0.144745,0.0,,,,,,,,,,,,,,,,,,,,
395.0,143483340.0,0.990107,-0.009453,-0.013698,0.139323,0.043858,-0.001789,0.116251,0.0,,,,,,,,,,,,,,,,,,,,
396.0,143500007.0,0.990107,-0.009457,-0.013691,0.139325,0.036589,0.014953,0.126152,0.0,,,,,,,,,,,,,,,,,,,,
397.0,143516674.0,0.990107,-0.009448,-0.013689,0.139324,0.047399,0.024179,0.136939,0.0,,,,,,,,,,,,,,,,,,,,
398.0,143533341.0,0.990109,-0.009442,-0.013688,0.139309,0.014037,0.02107,0.162995,0.0,,,,,,,,,,,,,,,,,,,,
399.0,143550008.0,0.99011,-0.009444,-0.013678,0.139303,0.003049,0.026236,0.143725,0.0,,,,,,,,,,,,,,,,,,,,
400.0,143566675.0,0.99011,-0.00944,-0.013676,0.13931,-0.000943,0.015321,0.132923,0.0,,,,,,,,,,,,,,,,,,,,
401.0,143583342.0,0.99011,-0.009441,-0.013661,0.139305,-0.026283,-0.007475,0.132513,0.0,,,,,,,,,,,,,,,,,,,,
402.0,143600009.0,0.99011,-0.00945,-0.01366,0.139304,-0.012188,-0.006413,0.142871,0.0,,,,,,,,,,,,,,,,,,,,
403.0,143616676.0,0.990111,-0.009447,-0.013661,0.1393,-0.012406,-0.008806,0.157986,0.0,,,,,,,,,,,,,,,,,,,,
404.0,143633343.0,0.990112,-0.009453,-0.013661,0.13929,0.00873,-0.012157,0.141154,0.0,,,,,,,,,,,,,,,,,,,,
405.0,143650010.0,0.990113,-0.009445,-0.013671,0.139286,-0.005909,-0.000844,0.149145,0.0,,,,,,,,,,,,,,,,,,,,
406.0,143666677.0,0.990113,-0.009458,-0.013665,0.139284,0.030895,0.013699,0.131828,0.0,,,,,,,,,,,,,,,,,,,,
407.0,143683344.0,0.990113,-0.00945,-0.013665,0.139286,0.052978,0.036735,0.142496,0.0,,,,,,,,,,,,,,,,,,,,
408.0,143700011.0,0.990112,-0.009448,-0.013659,0.139289,0.034052,0.028246,0.157111,0.0,,,,,,,,,,,,,,,,,,,,
409.0,143716678.0,0.990112,-0.009455,-0.01365,0.13929,0.037423,0.036677,0.147833,0.0,,,,,,,,,,,,,,,,,,,,
410.0,143733345.0,0.990113,-0.009471,-0.013652,0.139282,0.02413,0.003666,0.166799,0.0,,,,,,,,,,,,,,,,,,,,
411.0,143750012.0,0.990113,-0.009478,-0.013655,0.139284,0.012008,0.004112,0.132981,0.0,,,,,,,,,,,,,,,,,,,,
412.0,143766679.0,0.990113,-0.009477,-0.013658,0.139284,0.014112,-0.009851,0.164147,0.0,,,,,,,,,,,,,,,,,,,,
413.0,143783346.0,0.990113,-0.009476,-0.013647,0.139288,0.01597,-0.006349,0.167735,0.0,,,,,,,,,,,,,,,,,,,,
414.0,143800013.0,0.990113,-0.009472,-0.013644,0.139284,-0.021516,-0.001318,0.161208,0.0,,,,,,,,,,,,,,,,,,,,
415.0,143816680.0,0.990113,-0.009471,-0.01365,0.139283,0.000507,-0.009906,0.145912,0.0,,,,,,,,,,,,,,,,,,,,
416.0,143833347.0,0.990113,-0.009468,-0.013653,0.139285,0.008007,0.016739,0.143085,0.0,,,,,,,,,,,,,,,,,,,,
417.0,143850014.0,0.990114,-0.009472,-0.013654,0.139279,0.015784,0.017997,0.155251,0.0,,,,,,,,,,,,,,,,,,,,
418.0,143866681.0,0.990116,-0.009472,-0.013666,0.139264,0.018367,0.026578,0.144462,0.0,,,,,,,,,,,,,,,,,,,,
419.0,143883348.0,0.990117,-0.009473,-0.013665,0.139256,0.026868,0.028318,0.150331,0.0,,,,,,,,,,,,,,,,,,,,
420.0,143900015.0,0.990117,-0.009479,-0.013661,0.139254,0.045296,0.020689,0.131831,0.0,,,,,,,,,,,,,,,,,,,,
421.0,143916682.0,0.990118,-0.009482,-0.013649,0.139249,0.041567,-0.000169,0.13803,0.0,,,,,,,,,,,,,,,,,,,,
422.0,143933349.0,0.990119,-0.009484,-0.013647,0.139244,0.027679,0.001052,0.137896,0.0,,,,,,,,,,,,,,,,,,,,
423.0,143950016.0,0.990119,-0.009489,-0.013653,0.13924,0.02159,-0.0163,0.169528,0.0,,,,,,,,,,,,,,,,,,,,
424.0,143966683.0,0.990118,-0.009492,-0.013646,0.139249,-0.003757,-0.009514,0.154202,0.0,,,,,,,,,,,,,,,,,,,,
425.0,143983350.0,0.990118,-0.009485,-0.013643,0.139249,-0.009032,0.004487,0.125705,0.0,,,,,,,,,,,,,,,,,,,,
426.0,144000017.0,0.990118,-0.009481,-0.013637,0.139251,-0.02326,0.02231,0.1454,0.0,,,,,,,,,,,,,,,,,,,,
427.0,144016684.0,0.990119,-0.009481,-0.013627,0.139246,-0.011583,0.030453,0.147429,0.0,,,,,,,,,,,,,,,,,,,,
428.0,144033351.0,0.990121,-0.009485,-0.013625,0.139233,-0.0272,0.023684,0.155272,0.0,,,,,,,,,,,,,,,,,,,,
429.0,144050018.0,0.990122,-0.00948,-0.013621,0.139225,0.005148,0.016098,0.159783,0.0,,,,,,,,,,,,,,,,,,,,
430.0,144066685.0,0.990122,-0.00947,-0.013618,0.139222,0.020312,0.017571,0.149534,0.0,,,,,,,,,,,,,,,,,,,,
431.0,144083352.0,0.990123,-0.009476,-0.013615,0.139215,0.032317,0.003676,0.159405,0.0,,,,,,,,,,,,,,,,,,,,
432.0,144100019.0,0.990124,-0.009465,-0.013612,0.139209,0.031893,0.005978,0.153759,0.0,,,,,,,,,,,,,,,,,,,,
433.0,144116686.0,0.990124,-0.009464,-0.013603,0.139214,0.041109,0.000789,0.146323,0.0,,,,,,,,,,,,,,,,,,,,
434.0,144133353.0,0.990123,-0.009462,-0.013595,0.139218,0.042642,0.01281,0.148456,0.0,,,,,,,,,,,,,,,,,,,,
435.0,144150020.0,0.990124,-0.009469,-0.013588,0.139213,0.010748,0.016306,0.170008,0.0,,,,,,,,,,,,,,,,,,,,
436.0,144166687.0,0.990124,-0.009469,-0.013584,0.13921,0.011497,0.024756,0.15186,0.0,,,,,,,,,,,,,,,,,,,,
437.0,144183354.0,0.990125,-0.009472,-0.013576,0.139206,-0.000316,0.035046,0.141201,0.0,,,,,,,,,,,,,,,,,,,,
438.0,144200021.0,0.990126,-0.009468,-0.013571,0.139201,-0.016639,0.007687,0.151237,0.0,,,,,,,,,,,,,,,,,,,,
439.0,144216688.0,0.990126,-0.009464,-0.013582,0.139198,-0.014834,-0.00383,0.131679,0.0,,,,,,,,,,,,,,,,,,,,
440.0,144233355.0,0.990127,-0.009459,-0.01358,0.139196,0.014901,0.001072,0.152856,0.0,,,,,,,,,,,,,,,,,,,,
441.0,144250022.0,0.990598,-0.009287,-0.013873,0.135779,7.96634,3.422372,0.358993,0.0,,,,,,,,,,,,,,,,,,,,
442.0,144266689.0,0.989732,-0.009272,-0.01377,0.141965,1.865455,0.276198,0.153738,0.0,,,,,,,,,,,,,,,,,,,,
443.0,144283356.0,0.989573,-0.00963,-0.013608,0.143062,-5.503763,-1.831556,-0.011717,0.0,,,,,,,,,,,,,,,,,,,,
444.0,144300023.0,0.990378,-0.009717,-0.013516,0.137386,1.888273,1.034438,0.199546,0.0,,,,,,,,,,,,,,,,,,,,
445.0,144316690.0,0.989789,-0.009653,-0.01339,0.141578,1.774564,0.140368,0.24334,0.0,,,,,,,,,,,,,,,,,,,,
446.0,144333357.0,0.989123,-0.00956,-0.013535,0.146154,-1.173061,0.245595,0.058585,0.0,,,,,,,,,,,,,,,,,,,,
447.0,144350024.0,0.98878,-0.009612,-0.013225,0.148479,-0.245178,0.712445,0.142826,0.0,,,,,,,,,,,,,,,,,,,,
448.0,144366691.0,0.988285,-0.009911,-0.012922,0.151748,0.9364,0.432875,0.165446,0.0,,,,,,,,,,,,,,,,,,,,
449.0,144383358.0,0.987925,-0.010053,-0.012881,0.154072,0.225479,-0.010327,0.159634,0.0,,,,,,,,,,,,,,,,,,,,
450.0,144400025.0,0.987853,-0.009832,-0.013038,0.154534,0.700982,-0.195392,0.181881,0.0,,,,,,,,,,,,,,,,,,,,
451.0,144416692.0,0.987457,-0.009717,-0.013177,0.157037,-0.467453,1.048776,0.120792,0.0,,,,,,,,,,,,,,,,,,,,
452.0,144433359.0,0.986485,-0.009562,-0.013215,0.163039,0.104217,0.826811,0.152356,0.0,,,,,,,,,,,,,,,,,,,,
453.0,144450026.0,0.985444,-0.009541,-0.013258,0.169215,0.722457,-0.163787,0.194721,0.0,,,,,,,,,,,,,,,,,,,,
454.0,144466693.0,0.984292,-0.009593,-0.013172,0.175797,-0.167373,-0.285851,0.13927,0.0,,,,,,,,,,,,,,,,,,,,
455.0,144483360.0,0.983322,-0.009662,-0.013073,0.181144,-1.47513,-0.785807,0.08241,0.0,,,,,,,,,,,,,,,,,,,,
456.0,144500027.0,0.982776,-0.009776,-0.012975,0.184088,-2.564707,-0.634142,0.087844,0.0,,,,,,,,,,,,,,,,,,,,
457.0,144516694.0,0.98276,-0.009934,-0.012841,0.184171,-1.366811,-0.506235,0.128276,0.0,,,,,,,,,,,,,,,,,,,,
458.0,144533361.0,0.983265,-0.00995,-0.012831,0.181459,-1.535767,0.214508,0.112505,0.0,,,,,,,,,,,,,,,,,,,,
459.0,144550028.0,0.983392,-0.009988,-0.012772,0.180768,2.83745,-0.296328,0.193268,0.0,,,,,,,,,,,,,,,,,,,,
460.0,144566695.0,0.982603,-0.009841,-0.01283,0.185012,-0.17187,-1.011009,0.143107,0.0,,,,,,,,,,,,,,,,,,,,
461.0,144583362.0,0.981685,-0.009824,-0.012805,0.189829,-1.454641,-0.151416,0.115103,0.0,,,,,,,,,,,,,,,,,,,,
462.0,144600029.0,0.981567,-0.009703,-0.012886,0.190437,-2.598606,-1.888343,0.098659,0.0,,,,,,,,,,,,,,,,,,,,
463.0,144616696.0,0.982998,-0.009814,-0.012864,0.182901,-0.176069,-0.155544,0.199437,0.0,,,,,,,,,,,,,,,,,,,,
464.0,144633363.0,0.983718,-0.009926,-0.012834,0.178984,0.435047,0.134249,0.100199,0.0,,,,,,,,,,,,,,,,,,,,
465.0,144650030.0,0.983712,-0.0099,-0.012855,0.179018,0.008395,0.041229,0.158799,0.0,,,,,,,,,,,,,,,,,,,,
466.0,144666697.0,0.98371,-0.009866,-0.012863,0.17903,0.011386,0.041237,0.158983,0.0,,,,,,,,,,,,,,,,,,,,
467.0,144683364.0,0.983708,-0.00989,-0.012849,0.17904,0.015514,0.051095,0.131397,0.0,,,,,,,,,,,,,,,,,,,,
468.0,144700031.0,0.983697,-0.009926,-0.012838,0.179098,0.025963,0.037841,0.118039,0.0,,,,,,,,,,,,,,,,,,,,
469.0,144716698.0,0.983498,-0.010073,-0.012741,0.180192,0.177054,0.169188,0.14465,0.0,,,,,,,,,,,,,,,,,,,,
470.0,144733365.0,0.981738,-0.010767,-0.012045,0.189552,0.310838,0.26514,0.193334,0.0,,,,,,,,,,,,,,,,,,,,
471.0,144750032.0,0.978466,-0.011819,-0.010672,0.205794,-0.352389,-0.608473,0.041999,0.0,,,,,,,,,,,,,,,,,,,,
472.0,144766699.0,0.974766,-0.012144,-0.010132,0.222667,0.137798,-0.242621,0.185348,0.0,,,,,,,,,,,,,,,,,,,,
473.0,144783366.0,0.971041,-0.012449,-0.00978,0.238387,-0.308282,-0.390862,0.098212,0.0,,,,,,,,,,,,,,,,,,,,
474.0,144800033.0,0.967353,-0.012696,-0.009645,0.252931,-1.792325,-1.321508,0.104138,0.0,,,,,,,,,,,,,,,,,,,,
475.0,144816700.0,0.968557,-0.012978,-0.008902,0.248295,1.11213,1.97813,0.256708,0.0,,,,,,,,,,,,,,,,,,,,
476.0,144833367.0,0.97044,-0.00906,-0.00618,0.241095,-1.103187,-2.329483,0.168094,0.0,,,,,,,,,,,,,,,,,,,,
477.0,144850034.0,0.974828,0.002765,-0.007434,0.222819,-0.28477,-0.269839,1.891018,0.0,,,,,,,,,,,,,,,,,,,,
478.0,144866701.0,0.975277,0.009466,-0.02349,0.219531,2.879395,3.604209,7.436783,0.0,,,,,,,,,,,,,,,,,,,,
479.0,144883368.0,0.97347,0.014591,-0.041074,0.224626,-2.377461,0.534741,4.547093,0.0,,,,,,,,,,,,,,,,,,,,
480.0,144900035.0,0.972845,0.028004,-0.050854,0.22406,-3.689745,0.336458,6.557365,0.0,,,,,,,,,,,,,,,,,,,,
481.0,144916702.0,0.973422,0.044918,-0.053068,0.218213,-1.987726,-0.95732,7.882528,0.0,,,,,,,,,,,,,,,,,,,,
482.0,144933369.0,0.973834,0.062723,-0.053705,0.211727,-0.736871,-0.552033,8.552597,0.0,,,,,,,,,,,,,,,,,,,,
483.0,144950036.0,0.974223,0.080065,-0.05188,0.204422,-1.233647,-0.775731,8.383183,0.0,,,,,,,,,,,,,,,,,,,,
484.0,144966703.0,0.974646,0.097112,-0.049422,0.195427,-2.179419,-0.887286,7.907396,0.0,,,,,,,,,,,,,,,,,,,,
485.0,144983370.0,0.974663,0.113213,-0.048513,0.186711,-2.045559,-0.154424,6.549528,0.0,,,,,,,,,,,,,,,,,,,,
486.0,145000037.0,0.973775,0.128157,-0.049976,0.181218,-1.264735,-0.613078,3.123098,0.0,,,,,,,,,,,,,,,,,,,,
487.0,145016704.0,0.971901,0.141595,-0.054823,0.17987,-1.666628,-0.902457,-0.720396,0.0,,,,,,,,,,,,,,,,,,,,
488.0,145033371.0,0.970392,0.152287,-0.059653,0.177734,-0.846484,-0.937724,-3.721911,0.0,,,,,,,,,,,,,,,,,,,,
489.0,145050038.0,0.970175,0.157723,-0.063968,0.172605,2.05907,-0.665636,-7.857764,0.0,,,,,,,,,,,,,,,,,,,,
490.0,145066705.0,0.969467,0.158728,-0.072461,0.172307,3.808641,0.05528,-10.826285,0.0,,,,,,,,,,,,,,,,,,,,
491.0,145083372.0,0.968661,0.155619,-0.080094,0.17625,2.651051,0.7372,-11.670864,0.0,,,,,,,,,,,,,,,,,,,,
492.0,145100039.0,0.969086,0.150325,-0.080392,0.178358,1.87989,1.260696,-11.006162,0.0,,,,,,,,,,,,,,,,,,,,
493.0,145116706.0,0.970981,0.143356,-0.072539,0.177151,2.470905,1.194253,-10.145849,0.0,,,,,,,,,,,,,,,,,,,,
494.0,145133373.0,0.97297,0.135644,-0.065686,0.174975,3.955366,1.567301,-8.245505,0.0,,,,,,,,,,,,,,,,,,,,
495.0,145150040.0,0.974419,0.127533,-0.065977,0.172888,3.792506,0.718876,-7.97002,0.0,,,,,,,,,,,,,,,,,,,,
496.0,145166707.0,0.975938,0.11937,-0.067628,0.169479,2.935718,1.008108,-7.715073,0.0,,,,,,,,,,,,,,,,,,,,
497.0,145183374.0,0.977405,0.111292,-0.066983,0.166755,2.052694,0.850044,-6.944532,0.0,,,,,,,,,,,,,,,,,,,,
498.0,145200041.0,0.979083,0.102135,-0.063404,0.164151,1.991114,-0.189591,-6.45211,0.0,,,,,,,,,,,,,,,,,,,,
499.0,145216708.0,0.981063,0.090658,-0.058204,0.160964,1.688137,-1.012021,-5.270689,0.0,,,,,,,,,,,,,,,,,,,,
500.0,145233375.0,0.982478,0.077187,-0.056434,0.15998,-0.798772,-0.711427,-2.768827,0.0,,,,,,,,,,,,,,,,,,,,
501.0,145250042.0,0.983565,0.0634,-0.055295,0.159759,-1.781366,0.01474,-0.253918,0.0,,,,,,,,,,,,,,,,,,,,
502.0,145266709.0,0.983905,0.053019,-0.054485,0.161714,-1.161418,1.40144,2.364215,0.0,,,,,,,,,,,,,,,,,,,,
503.0,145283376.0,0.983729,0.046587,-0.052402,0.16541,-0.812043,0.099162,1.815528,0.0,,,,,,,,,,,,,,,,,,,,
504.0,145300043.0,0.983865,0.040385,-0.047921,0.167579,-1.47982,-1.583327,0.352321,0.0,,,,,,,,,,,,,,,,,,,,
505.0,145316710.0,0.983994,0.033227,-0.04288,0.169744,-2.337446,-0.877167,1.184727,0.0,,,,,,,,,,,,,,,,,,,,
506.0,145333377.0,0.983992,0.026154,-0.037212,0.172313,-1.405254,0.358737,3.078649,0.0,,,,,,,,,,,,,,,,,,,,
507.0,145350044.0,0.983804,0.020229,-0.031608,0.175272,-0.60829,-0.010407,3.379848,0.0,,,,,,,,,,,,,,,,,,,,
508.0,145366711.0,0.983741,0.014392,-0.026632,0.177023,-0.41664,-0.97918,2.952775,0.0,,,,,,,,,,,,,,,,,,,,
509.0,145383378.0,0.983977,0.008011,-0.022988,0.176627,-0.233847,-0.728126,3.378905,0.0,,,,,,,,,,,,,,,,,,,,
510.0,145400045.0,0.98407,0.001933,-0.023274,0.176238,0.459002,-0.008102,4.285935,0.0,,,,,,,,,,,,,,,,,,,,
511.0,145416712.0,0.984031,-0.002394,-0.024311,0.176313,0.256706,0.449223,4.227671,0.0,,,,,,,,,,,,,,,,,,,,
512.0,145433379.0,0.98378,-0.005033,-0.023766,0.177729,-0.959503,0.433244,3.564933,0.0,,,,,,,,,,,,,,,,,,,,
513.0,145450046.0,0.983641,-0.006195,-0.021525,0.178742,-1.667373,0.254679,2.801849,0.0,,,,,,,,,,,,,,,,,,,,
514.0,145466713.0,0.983701,-0.006353,-0.01753,0.178841,-0.67679,0.436394,2.150217,0.0,,,,,,,,,,,,,,,,,,,,
515.0,145483380.0,0.983627,-0.006181,-0.013257,0.179621,0.201847,-0.229214,1.640519,0.0,,,,,,,,,,,,,,,,,,,,
516.0,145500047.0,0.98373,-0.006048,-0.009973,0.179276,0.836503,-0.136962,1.940929,0.0,,,,,,,,,,,,,,,,,,,,
517.0,145516714.0,0.983834,-0.005701,-0.009278,0.178753,1.203474,0.299784,1.743793,0.0,,,,,,,,,,,,,,,,,,,,
518.0,145533381.0,0.983971,-0.004436,-0.009212,0.178035,0.034166,0.240492,0.931353,0.0,,,,,,,,,,,,,,,,,,,,
519.0,145550048.0,0.98432,-0.009634,-0.007963,0.175948,0.208019,1.217906,2.907228,0.0,,,,,,,,,,,,,,,,,,,,
520.0,145566715.0,0.984095,-0.010734,-0.010237,0.177022,0.423546,0.06843,0.207787,0.0,,,,,,,,,,,,,,,,,,,,
521.0,145583382.0,0.984102,-0.010971,-0.010985,0.176924,-0.158942,-0.190942,0.221579,0.0,,,,,,,,,,,,,,,,,,,,
522.0,145600049.0,0.984306,-0.010894,-0.011403,0.175766,0.132571,0.105206,0.162401,0.0,,,,,,,,,,,,,,,,,,,,
523.0,145616716.0,0.984556,-0.010703,-0.012087,0.174327,0.096993,0.011907,0.156032,0.0,,,,,,,,,,,,,,,,,,,,
524.0,145633383.0,0.984844,-0.010651,-0.012275,0.172681,0.022081,0.034095,0.16162,0.0,,,,,,,,,,,,,,,,,,,,
525.0,145650050.0,0.985089,-0.010627,-0.012325,0.171275,0.003134,0.090255,0.156159,0.0,,,,,,,,,,,,,,,,,,,,
526.0,145666717.0,0.985238,-0.010584,-0.012502,0.170405,-0.027167,0.0118,0.145569,0.0,,,,,,,,,,,,,,,,,,,,
527.0,145683384.0,0.985429,-0.01053,-0.012685,0.169286,0.176256,0.154033,0.170114,0.0,,,,,,,,,,,,,,,,,,,,
528.0,145700051.0,0.985674,-0.010471,-0.012778,0.167851,-0.027766,-0.09352,0.15055,0.0,,,,,,,,,,,,,,,,,,,,
529.0,145716718.0,0.985889,-0.010339,-0.012954,0.16658,0.021332,-0.06227,0.151625,0.0,,,,,,,,,,,,,,,,,,,,
530.0,145733385.0,0.986035,-0.01015,-0.013117,0.165709,-0.081057,-0.044952,0.151902,0.0,,,,,,,,,,,,,,,,,,,,
531.0,145750052.0,0.986076,-0.010174,-0.013051,0.165469,-0.091277,0.005926,0.144906,0.0,,,,,,,,,,,,,,,,,,,,
532.0,145766719.0,0.986118,-0.010157,-0.013102,0.165219,0.125877,0.074926,0.15642,0.0,,,,,,,,,,,,,,,,,,,,
533.0,145783386.0,0.98617,-0.01012,-0.013138,0.164904,0.152327,0.113752,0.131063,0.0,,,,,,,,,,,,,,,,,,,,
534.0,145800053.0,0.986249,-0.010066,-0.013167,0.164432,0.093426,0.10532,0.148851,0.0,,,,,,,,,,,,,,,,,,,,
535.0,145816720.0,0.986371,-0.01002,-0.013198,0.163701,0.061035,0.095603,0.155857,0.0,,,,,,,,,,,,,,,,,,,,
536.0,145833387.0,0.986537,-0.009965,-0.013251,0.162695,0.052486,0.05265,0.156238,0.0,,,,,,,,,,,,,,,,,,,,
537.0,145850054.0,0.9867,-0.009928,-0.013256,0.161704,0.019641,-0.005264,0.144876,0.0,,,,,,,,,,,,,,,,,,,,
538.0,145866721.0,0.986866,-0.009882,-0.013271,0.160692,0.068325,0.031753,0.156807,0.0,,,,,,,,,,,,,,,,,,,,
539.0,145883388.0,0.986986,-0.009852,-0.013269,0.159957,-0.056397,-0.069796,0.120259,0.0,,,,,,,,,,,,,,,,,,,,
540.0,145900055.0,0.987084,-0.009864,-0.013214,0.159353,-0.083222,-0.005186,0.164497,0.0,,,,,,,,,,,,,,,,,,,,
541.0,145916722.0,0.98718,-0.009854,-0.01323,0.158754,-0.0973,-0.013316,0.159586,0.0,,,,,,,,,,,,,,,,,,,,
542.0,145933389.0,0.98729,-0.00985,-0.013242,0.158072,-0.046471,-0.004476,0.148446,0.0,,,,,,,,,,,,,,,,,,,,
543.0,145950056.0,0.987434,-0.009847,-0.013244,0.157171,-0.032253,0.01081,0.159893,0.0,,,,,,,,,,,,,,,,,,,,
544.0,145966723.0,0.987582,-0.009842,-0.013241,0.156236,-0.084561,-0.134934,0.127983,0.0,,,,,,,,,,,,,,,,,,,,
545.0,145983390.0,0.987748,-0.00985,-0.013238,0.155183,-0.012394,-0.071461,0.141587,0.0,,,,,,,,,,,,,,,,,,,,
546.0,146000057.0,0.987895,-0.009857,-0.013228,0.154246,0.019706,-0.010319,0.158875,0.0,,,,,,,,,,,,,,,,,,,,
547.0,146016724.0,0.988035,-0.009855,-0.013229,0.153347,0.036846,0.026047,0.133685,0.0,,,,,,,,,,,,,,,,,,,,
548.0,146033391.0,0.988156,-0.009839,-0.013228,0.152566,0.048756,0.015279,0.186385,0.0,,,,,,,,,,,,,,,,,,,,
549.0,146050058.0,0.988259,-0.00984,-0.013233,0.151896,0.052182,0.030337,0.101473,0.0,,,,,,,,,,,,,,,,,,,,
550.0,146066725.0,0.988357,-0.009839,-0.013228,0.151255,0.030337,0.026989,0.185556,0.0,,,,,,,,,,,,,,,,,,,,
551.0,146083392.0,0.988424,-0.009853,-0.013207,0.150822,0.046858,0.033268,0.128527,0.0,,,,,,,,,,,,,,,,,,,,
552.0,146100059.0,0.988475,-0.009859,-0.013196,0.150487,-0.002239,0.008036,0.150795,0.0,,,,,,,,,,,,,,,,,,,,
553.0,146116726.0,0.988535,-0.00988,-0.013193,0.150091,-0.022301,0.007649,0.177938,0.0,,,,,,,,,,,,,,,,,,,,
554.0,146133393.0,0.988591,-0.009905,-0.013184,0.149722,-0.001719,0.00932,0.083572,0.0,,,,,,,,,,,,,,,,,,,,
555.0,146150060.0,0.988628,-0.00991,-0.013176,0.149475,0.006976,0.037029,0.183078,0.0,,,,,,,,,,,,,,,,,,,,
556.0,146166727.0,0.988645,-0.009902,-0.013185,0.149364,-0.001005,0.0295,0.145199,0.0,,,,,,,,,,,,,,,,,,,,
557.0,146183394.0,0.988653,-0.009904,-0.013173,0.149312,0.000992,0.023078,0.174932,0.0,,,,,,,,,,,,,,,,,,,,
558.0,146200061.0,0.988666,-0.00992,-0.013174,0.149225,0.0226,0.017141,0.165377,0.0,,,,,,,,,,,,,,,,,,,,
559.0,146216728.0,0.988655,-0.009907,-0.013175,0.149297,0.067784,0.04648,0.111733,0.0,,,,,,,,,,,,,,,,,,,,
560.0,146233395.0,0.988549,-0.009899,-0.012995,0.150017,-0.142125,0.005773,0.112376,0.0,,,,,,,,,,,,,,,,,,,,
561.0,146250062.0,0.98846,-0.009909,-0.012932,0.150605,0.177,-0.021349,0.166572,0.0,,,,,,,,,,,,,,,,,,,,
562.0,146266729.0,0.988408,-0.009907,-0.012919,0.150946,0.106257,0.007331,0.143661,0.0,,,,,,,,,,,,,,,,,,,,
563.0,146283396.0,0.988336,-0.009909,-0.012916,0.151418,0.068756,0.067123,0.188487,0.0,,,,,,,,,,,,,,,,,,,,
564.0,146300063.0,0.988194,-0.010003,-0.012798,0.152348,0.077954,0.130133,0.170083,0.0,,,,,,,,,,,,,,,,,,,,
565.0,146316730.0,0.987895,-0.010101,-0.012634,0.154276,0.421416,0.45023,0.130833,0.0,,,,,,,,,,,,,,,,,,,,
566.0,146333397.0,0.987311,-0.010083,-0.012598,0.157979,0.603184,0.462851,0.136805,0.0,,,,,,,,,,,,,,,,,,,,
567.0,146350064.0,0.986674,-0.009967,-0.012764,0.161903,-0.433993,-0.502236,0.172705,0.0,,,,,,,,,,,,,,,,,,,,
568.0,146366731.0,0.986367,-0.009968,-0.012934,0.16375,-0.340853,-0.169844,0.193757,0.0,,,,,,,,,,,,,,,,,,,,
569.0,146383398.0,0.985698,-0.010024,-0.012802,0.167737,0.211906,0.112358,0.049431,0.0,,,,,,,,,,,,,,,,,,,,
570.0,146400065.0,0.985176,-0.010169,-0.012184,0.170813,0.165776,-0.092129,0.328884,0.0,,,,,,,,,,,,,,,,,,,,
571.0,146416732.0,0.985985,-0.010191,-0.012459,0.166057,-0.892444,-0.306157,0.037807,0.0,,,,,,,,,,,,,,,,,,,,
572.0,146433399.0,0.986816,-0.009967,-0.012712,0.16104,0.045462,-0.147225,0.11035,0.0,,,,,,,,,,,,,,,,,,,,
573.0,146450066.0,0.986987,-0.009947,-0.012717,0.159989,0.196511,0.201737,0.170517,0.0,,,,,,,,,,,,,,,,,,,,
574.0,146466733.0,0.986988,-0.009952,-0.012718,0.159981,0.053805,0.032896,0.155484,0.0,,,,,,,,,,,,,,,,,,,,
575.0,146483400.0,0.986988,-0.009944,-0.012714,0.159981,0.039006,0.034858,0.190969,0.0,,,,,,,,,,,,,,,,,,,,
576.0,146500067.0,0.986988,-0.00994,-0.012719,0.159983,0.030027,0.033757,0.130485,0.0,,,,,,,,,,,,,,,,,,,,
577.0,146516734.0,0.986988,-0.009937,-0.012701,0.159986,0.019669,0.022884,0.117602,0.0,,,,,,,,,,,,,,,,,,,,
578.0,146533401.0,0.986988,-0.009938,-0.012695,0.159981,0.004467,0.007791,0.180516,0.0,,,,,,,,,,,,,,,,,,,,
579.0,146550068.0,0.986989,-0.009945,-0.012681,0.159978,-0.017965,0.013764,0.108114,0.0,,,,,,,,,,,,,,,,,,,,
580.0,146566735.0,0.98699,-0.009947,-0.012669,0.159976,-0.013373,0.015915,0.187107,0.0,,,,,,,,,,,,,,,,,,,,
581.0,146583402.0,0.986988,-0.009948,-0.012682,0.159983,0.008207,0.019702,0.178674,0.0,,,,,,,,,,,,,,,,,,,,
582.0,146600069.0,0.986989,-0.009941,-0.012686,0.159975,0.002805,0.025048,0.094049,0.0,,,,,,,,,,,,,,,,,,,,
583.0,146616736.0,0.98699,-0.009941,-0.012678,0.159971,0.012474,0.015951,0.152818,0.0,,,,,,,,,,,,,,,,,,,,
584.0,146633403.0,0.986991,-0.009943,-0.012676,0.159964,0.028236,0.030264,0.198491,0.0,,,,,,,,,,,,,,,,,,,,
585.0,146650070.0,0.986992,-0.009942,-0.01268,0.159959,0.041412,0.021118,0.13633,0.0,,,,,,,,,,,,,,,,,,,,
586.0,146666737.0,0.986993,-0.009947,-0.012685,0.159954,0.045075,0.036127,0.17098,0.0,,,,,,,,,,,,,,,,,,,,
587.0,146683404.0,0.986993,-0.009947,-0.012694,0.159953,0.057913,0.013716,0.184756,0.0,,,,,,,,,,,,,,,,,,,,
588.0,146700071.0,0.986992,-0.009956,-0.012686,0.159957,0.044175,0.010267,0.12524,0.0,,,,,,,,,,,,,,,,,,,,
589.0,146716738.0,0.986993,-0.009961,-0.012693,0.159952,0.03108,0.022547,0.167648,0.0,,,,,,,,,,,,,,,,,,,,
590.0,146733405.0,0.986993,-0.009949,-0.012696,0.159951,0.027082,0.021122,0.158835,0.0,,,,,,,,,,,,,,,,,,,,
591.0,146750072.0,0.986994,-0.009942,-0.012705,0.159947,0.010365,0.010336,0.131326,0.0,,,,,,,,,,,,,,,,,,,,
592.0,146766739.0,0.986995,-0.009943,-0.012699,0.15994,-0.01302,0.017801,0.138217,0.0,,,,,,,,,,,,,,,,,,,,
593.0,146783406.0,0.986995,-0.009939,-0.012692,0.15994,-0.024226,0.033757,0.1667,0.0,,,,,,,,,,,,,,,,,,,,
594.0,146800073.0,0.986995,-0.009942,-0.012697,0.159942,-0.029927,0.037664,0.142029,0.0,,,,,,,,,,,,,,,,,,,,
595.0,146816740.0,0.986994,-0.009953,-0.012696,0.159945,-0.001553,0.038559,0.141109,0.0,,,,,,,,,,,,,,,,,,,,
596.0,146833407.0,0.986995,-0.009965,-0.012702,0.159941,0.008919,0.020873,0.147947,0.0,,,,,,,,,,,,,,,,,,,,
597.0,146850074.0,0.986996,-0.009964,-0.012709,0.159934,0.03272,0.023855,0.142082,0.0,,,,,,,,,,,,,,,,,,,,
598.0,146866741.0,0.986995,-0.009966,-0.01272,0.159938,0.037625,0.011515,0.141529,0.0,,,,,,,,,,,,,,,,,,,,
599.0,146883408.0,0.986997,-0.009968,-0.012718,0.159927,0.048394,0.011276,0.164297,0.0,,,,,,,,,,,,,,,,,,,,
600.0,146900075.0,0.986997,-0.009967,-0.012735,0.159926,0.051141,0.012772,0.170954,0.0,,,,,,,,,,,,,,,,,,,,
601.0,146916742.0,0.986996,-0.009965,-0.01274,0.159926,0.044839,0.007413,0.1406,0.0,,,,,,,,,,,,,,,,,,,,
602.0,146933409.0,0.986996,-0.009963,-0.012741,0.159927,0.03189,0.020396,0.113416,0.0,,,,,,,,,,,,,,,,,,,,
603.0,146950076.0,0.986996,-0.00997,-0.012741,0.159929,0.023886,0.049526,0.140151,0.0,,,,,,,,,,,,,,,,,,,,
604.0,146966743.0,0.986995,-0.009975,-0.012738,0.159935,0.001989,0.03237,0.164981,0.0,,,,,,,,,,,,,,,,,,,,
605.0,146983410.0,0.986996,-0.009973,-0.012731,0.15993,-0.010565,0.031831,0.134439,0.0,,,,,,,,,,,,,,,,,,,,
606.0,147000077.0,0.986995,-0.009978,-0.012726,0.159934,0.006195,0.000964,0.157924,0.0,,,,,,,,,,,,,,,,,,,,
607.0,147016744.0,0.986996,-0.00998,-0.01272,0.159927,0.00206,0.010132,0.138744,0.0,,,,,,,,,,,,,,,,,,,,
608.0,147033411.0,0.986997,-0.009989,-0.012718,0.159925,0.003415,0.00471,0.155533,0.0,,,,,,,,,,,,,,,,,,,,
609.0,147050078.0,0.986997,-0.00999,-0.012713,0.159922,0.017447,0.009645,0.15626,0.0,,,,,,,,,,,,,,,,,,,,
610.0,147066745.0,0.986997,-0.009992,-0.012707,0.159923,0.043794,0.042859,0.135737,0.0,,,,,,,,,,,,,,,,,,,,
611.0,147083412.0,0.986998,-0.009998,-0.012711,0.159914,0.042931,0.041148,0.148033,0.0,,,,,,,,,,,,,,,,,,,,
612.0,147100079.0,0.986999,-0.009999,-0.01271,0.15991,0.032859,0.04034,0.143461,0.0,,,,,,,,,,,,,,,,,,,,
613.0,147116746.0,0.987,-0.009997,-0.012698,0.159907,0.040662,0.028879,0.151002,0.0,,,,,,,,,,,,,,,,,,,,
614.0,147133413.0,0.987,-0.009997,-0.012688,0.159906,0.054613,0.021895,0.136201,0.0,,,,,,,,,,,,,,,,,,,,
615.0,147150080.0,0.987,-0.009992,-0.012691,0.159904,0.039384,0.013812,0.159438,0.0,,,,,,,,,,,,,,,,,,,,
616.0,147166747.0,0.987,-0.009984,-0.012689,0.159907,0.01385,0.011987,0.146442,0.0,,,,,,,,,,,,,,,,,,,,
617.0,147183414.0,0.987,-0.009976,-0.012689,0.159905,-0.004004,0.004384,0.120568,0.0,,,,,,,,,,,,,,,,,,,,
618.0,147200081.0,0.987001,-0.009979,-0.0127,0.159903,-0.01308,0.026192,0.150831,0.0,,,,,,,,,,,,,,,,,,,,
619.0,147216748.0,0.987002,-0.00999,-0.012686,0.159895,-0.012273,0.025364,0.141757,0.0,,,,,,,,,,,,,,,,,,,,
620.0,147233415.0,0.987002,-0.009998,-0.012686,0.159895,-0.000123,0.03001,0.142564,0.0,,,,,,,,,,,,,,,,,,,,
621.0,147250082.0,0.987002,-0.010001,-0.01267,0.159893,0.017113,0.024639,0.160848,0.0,,,,,,,,,,,,,,,,,,,,
622.0,147266749.0,0.987004,-0.010006,-0.012677,0.15988,0.02251,0.026342,0.130816,0.0,,,,,,,,,,,,,,,,,,,,
623.0,147283416.0,0.987005,-0.010007,-0.012682,0.159875,0.041215,0.024782,0.125413,0.0,,,,,,,,,,,,,,,,,,,,
624.0,147300083.0,0.987005,-0.010001,-0.012676,0.159877,0.045374,0.011555,0.147127,0.0,,,,,,,,,,,,,,,,,,,,
625.0,147316750.0,0.987004,-0.01,-0.012675,0.159886,0.045051,0.019581,0.158859,0.0,,,,,,,,,,,,,,,,,,,,
626.0,147333417.0,0.987002,-0.009991,-0.012683,0.159898,0.036764,0.005254,0.14405,0.0,,,,,,,,,,,,,,,,,,,,
627.0,147350084.0,0.987001,-0.009988,-0.012685,0.159899,0.029654,0.002801,0.156415,0.0,,,,,,,,,,,,,,,,,,,,
628.0,147366751.0,0.987002,-0.009994,-0.012682,0.159894,0.004306,0.010684,0.160183,0.0,,,,,,,,,,,,,,,,,,,,
629.0,147383418.0,0.987002,-0.009992,-0.012678,0.159897,0.005882,0.024443,0.138186,0.0,,,,,,,,,,,,,,,,,,,,
630.0,147400085.0,0.987002,-0.010002,-0.012673,0.159893,-0.002074,0.032183,0.172885,0.0,,,,,,,,,,,,,,,,,,,,
631.0,147416752.0,0.987003,-0.010004,-0.012676,0.159889,-0.009965,0.036949,0.160028,0.0,,,,,,,,,,,,,,,,,,,,
632.0,147433419.0,0.987002,-0.010002,-0.012675,0.159893,0.003049,0.040357,0.140644,0.0,,,,,,,,,,,,,,,,,,,,
633.0,147450086.0,0.987004,-0.010005,-0.012669,0.159886,-0.010871,0.038921,0.141594,0.0,,,,,,,,,,,,,,,,,,,,
634.0,147466753.0,0.987005,-0.010006,-0.012672,0.159879,0.013033,0.016892,0.132381,0.0,,,,,,,,,,,,,,,,,,,,
635.0,147483420.0,0.987005,-0.010014,-0.012669,0.159879,0.045901,0.007175,0.152139,0.0,,,,,,,,,,,,,,,,,,,,
636.0,147500087.0,0.987005,-0.010027,-0.012665,0.159875,0.05069,0.016999,0.162469,0.0,,,,,,,,,,,,,,,,,,,,
637.0,147516754.0,0.987005,-0.010036,-0.012666,0.159876,0.055393,0.011326,0.150679,0.0,,,,,,,,,,,,,,,,,,,,
638.0,147533421.0,0.987006,-0.010035,-0.012657,0.159872,0.038504,0.005986,0.138328,0.0,,,,,,,,,,,,,,,,,,,,
639.0,147550088.0,0.987005,-0.01004,-0.012655,0.159877,0.046083,0.02172,0.157701,0.0,,,,,,,,,,,,,,,,,,,,
640.0,147566755.0,0.987005,-0.010042,-0.012656,0.159878,0.030306,0.022403,0.158334,0.0,,,,,,,,,,,,,,,,,,,,
641.0,147583422.0,0.987004,-0.010035,-0.012663,0.15988,0.011575,0.032496,0.16225,0.0,,,,,,,,,,,,,,,,,,,,
642.0,147600089.0,0.987005,-0.010043,-0.01265,0.159878,0.001969,0.029321,0.171006,0.0,,,,,,,,,,,,,,,,,,,,
643.0,147616756.0,0.987006,-0.010043,-0.012647,0.159872,0.007595,0.032696,0.125681,0.0,,,,,,,,,,,,,,,,,,,,
644.0,147633423.0,0.987006,-0.010044,-0.012636,0.159873,-0.010074,0.027736,0.144631,0.0,,,,,,,,,,,,,,,,,,,,
645.0,147650090.0,0.987007,-0.010047,-0.012644,0.159864,-0.01622,0.010091,0.124418,0.0,,,,,,,,,,,,,,,,,,,,
646.0,147666757.0,0.987007,-0.010047,-0.012626,0.159862,-0.003192,0.00933,0.148699,0.0,,,,,,,,,,,,,,,,,,,,
647.0,147683424.0,0.987007,-0.010041,-0.012638,0.159865,-0.000886,-0.015347,0.160148,0.0,,,,,,,,,,,,,,,,,,,,
648.0,147700091.0,0.987005,-0.010038,-0.012636,0.159876,0.02495,0.01781,0.118757,0.0,,,,,,,,,,,,,,,,,,,,
649.0,147716758.0,0.987004,-0.010042,-0.012638,0.159881,0.053281,0.025674,0.162287,0.0,,,,,,,,,,,,,,,,,,,,
650.0,147733425.0,0.987005,-0.010038,-0.012638,0.15988,0.057243,0.046689,0.144908,0.0,,,,,,,,,,,,,,,,,,,,
651.0,147750092.0,0.987005,-0.01004,-0.012625,0.159881,0.053842,0.0533,0.160412,0.0,,,,,,,,,,,,,,,,,,,,
652.0,147766759.0,0.987006,-0.010037,-0.012628,0.159875,0.033308,0.030959,0.145782,0.0,,,,,,,,,,,,,,,,,,,,
653.0,147783426.0,0.987007,-0.010036,-0.012627,0.159867,0.027281,0.030457,0.190351,0.0,,,,,,,,,,,,,,,,,,,,
654.0,147800093.0,0.987007,-0.010043,-0.012629,0.159865,0.022663,0.029904,0.146011,0.0,,,,,,,,,,,,,,,,,,,,
655.0,147816760.0,0.987006,-0.010043,-0.012628,0.159869,-0.014741,0.023846,0.113789,0.0,,,,,,,,,,,,,,,,,,,,
656.0,147833427.0,0.987007,-0.010039,-0.012631,0.159867,-0.007458,0.018333,0.147261,0.0,,,,,,,,,,,,,,,,,,,,
657.0,147850094.0,0.987006,-0.010042,-0.012635,0.159874,-0.006109,0.023826,0.135571,0.0,,,,,,,,,,,,,,,,,,,,
658.0,147866761.0,0.987006,-0.01004,-0.012627,0.159869,0.004341,0.026487,0.131774,0.0,,,,,,,,,,,,,,,,,,,,
659.0,147883428.0,0.987009,-0.010034,-0.012627,0.159852,0.012837,0.035903,0.12695,0.0,,,,,,,,,,,,,,,,,,,,
660.0,147900095.0,0.987011,-0.010035,-0.012638,0.159841,0.027247,0.040268,0.143454,0.0,,,,,,,,,,,,,,,,,,,,
661.0,147916762.0,0.987012,-0.010032,-0.012628,0.159834,0.036188,0.019727,0.151326,0.0,,,,,,,,,,,,,,,,,,,,
662.0,147933429.0,0.987013,-0.010027,-0.012621,0.159832,0.038605,0.006525,0.157681,0.0,,,,,,,,,,,,,,,,,,,,
663.0,147950096.0,0.987012,-0.010025,-0.012617,0.159836,0.037084,0.020797,0.171676,0.0,,,,,,,,,,,,,,,,,,,,
664.0,147966763.0,0.987011,-0.010024,-0.012616,0.159845,0.044662,0.016355,0.162059,0.0,,,,,,,,,,,,,,,,,,,,
665.0,147983430.0,0.98701,-0.010022,-0.012624,0.159847,0.031225,0.003498,0.134844,0.0,,,,,,,,,,,,,,,,,,,,
666.0,148000097.0,0.987011,-0.010026,-0.012622,0.15984,0.027147,0.028453,0.127065,0.0,,,,,,,,,,,,,,,,,,,,
667.0,148016764.0,0.987011,-0.010026,-0.012619,0.15984,0.015352,0.040926,0.109104,0.0,,,,,,,,,,,,,,,,,,,,
668.0,148033431.0,0.987012,-0.010019,-0.01261,0.159838,0.000406,0.035616,0.14608,0.0,,,,,,,,,,,,,,,,,,,,
669.0,148050098.0,0.987012,-0.010011,-0.012611,0.159835,-0.003032,0.051515,0.171755,0.0,,,,,,,,,,,,,,,,,,,,
670.0,148066765.0,0.987014,-0.01001,-0.012607,0.159827,-0.001865,0.048178,0.121456,0.0,,,,,,,,,,,,,,,,,,,,
671.0,148083432.0,0.987015,-0.010018,-0.012608,0.159821,0.004685,0.020726,0.157337,0.0,,,,,,,,,,,,,,,,,,,,
672.0,148100099.0,0.987015,-0.010014,-0.012615,0.159819,0.025122,0.005191,0.124213,0.0,,,,,,,,,,,,,,,,,,,,
673.0,148116766.0,0.987015,-0.010008,-0.012611,0.159818,0.030065,0.024913,0.160232,0.0,,,,,,,,,,,,,,,,,,,,
674.0,148133433.0,0.987016,-0.010008,-0.012615,0.159814,0.045684,0.019119,0.185629,0.0,,,,,,,,,,,,,,,,,,,,
675.0,148150100.0,0.987017,-0.009996,-0.01261,0.159809,0.055559,0.002517,0.142638,0.0,,,,,,,,,,,,,,,,,,,,
676.0,148166767.0,0.987018,-0.00999,-0.012602,0.159803,0.046694,0.013334,0.159925,0.0,,,,,,,,,,,,,,,,,,,,
677.0,148183434.0,0.987018,-0.009984,-0.012608,0.159803,0.026992,0.023333,0.164623,0.0,,,,,,,,,,,,,,,,,,,,
678.0,148200101.0,0.987018,-0.009982,-0.012607,0.1598,0.016993,0.030198,0.168875,0.0,,,,,,,,,,,,,,,,,,,,
679.0,148216768.0,0.987018,-0.009977,-0.012613,0.1598,0.006674,0.041602,0.146922,0.0,,,,,,,,,,,,,,,,,,,,
680.0,148233435.0,0.987019,-0.009969,-0.012612,0.159796,0.002859,0.019664,0.14728,0.0,,,,,,,,,,,,,,,,,,,,
681.0,148250102.0,0.987019,-0.009969,-0.01263,0.159796,0.007897,0.003977,0.118233,0.0,,,,,,,,,,,,,,,,,,,,
682.0,148266769.0,0.987018,-0.009964,-0.012632,0.159799,-0.004721,0.007884,0.133722,0.0,,,,,,,,,,,,,,,,,,,,
683.0,148283436.0,0.987019,-0.009962,-0.012634,0.159797,0.00656,0.001038,0.157381,0.0,,,,,,,,,,,,,,,,,,,,
684.0,148300103.0,0.987019,-0.009957,-0.012638,0.159799,0.016736,0.013135,0.148641,0.0,,,,,,,,,,,,,,,,,,,,
685.0,148316770.0,0.987018,-0.009947,-0.012629,0.159804,0.0063,0.02802,0.129928,0.0,,,,,,,,,,,,,,,,,,,,
686.0,148333437.0,0.987018,-0.009944,-0.012634,0.159801,0.022651,0.024174,0.149368,0.0,,,,,,,,,,,,,,,,,,,,
687.0,148350104.0,0.987019,-0.00995,-0.012644,0.159798,0.024168,0.040011,0.139336,0.0,,,,,,,,,,,,,,,,,,,,
688.0,148366771.0,0.987016,-0.009945,-0.012646,0.159812,0.027686,0.043952,0.152226,0.0,,,,,,,,,,,,,,,,,,,,
689.0,148383438.0,0.987017,-0.009938,-0.012654,0.159811,0.030568,0.033194,0.18287,0.0,,,,,,,,,,,,,,,,,,,,
690.0,148400105.0,0.987017,-0.009944,-0.012651,0.15981,0.028743,0.008674,0.148911,0.0,,,,,,,,,,,,,,,,,,,,
691.0,148416772.0,0.987016,-0.009945,-0.012653,0.159814,0.021392,0.010325,0.152905,0.0,,,,,,,,,,,,,,,,,,,,
692.0,148433439.0,0.987015,-0.009953,-0.012656,0.159821,0.013688,0.004917,0.14198,0.0,,,,,,,,,,,,,,,,,,,,
693.0,148450106.0,0.987015,-0.009951,-0.012656,0.159822,0.016926,0.005442,0.142182,0.0,,,,,,,,,,,,,,,,,,,,
694.0,148466773.0,0.987014,-0.009954,-0.012653,0.159829,0.002736,0.019501,0.152133,0.0,,,,,,,,,,,,,,,,,,,,
695.0,148483440.0,0.987014,-0.009947,-0.012654,0.159826,0.019402,0.029744,0.164551,0.0,,,,,,,,,,,,,,,,,,,,
696.0,148500107.0,0.986991,-0.009946,-0.01273,0.159962,0.002405,0.049219,0.153524,0.0,,,,,,,,,,,,,,,,,,,,
697.0,148516774.0,0.986991,-0.009948,-0.01273,0.159963,0.03406,0.044625,0.132257,0.0,,,,,,,,,,,,,,,,,,,,
698.0,148533441.0,0.986992,-0.009951,-0.012728,0.159955,0.020469,0.027968,0.14782,0.0,,,,,,,,,,,,,,,,,,,,
699.0,148550108.0,0.986993,-0.009944,-0.012725,0.159952,0.040144,0.023499,0.176429,0.0,,,,,,,,,,,,,,,,,,,,
700.0,148566775.0,0.986993,-0.009947,-0.012719,0.159952,0.028529,0.012276,0.131698,0.0,,,,,,,,,,,,,,,,,,,,
701.0,148583442.0,0.986994,-0.009941,-0.012722,0.159947,0.045982,0.008788,0.131653,0.0,,,,,,,,,,,,,,,,,,,,
702.0,148600109.0,0.986994,-0.009949,-0.012727,0.159942,0.030139,-0.007761,0.159275,0.0,,,,,,,,,,,,,,,,,,,,
703.0,148616776.0,0.986994,-0.00994,-0.012726,0.159942,0.023713,0.006921,0.180783,0.0,,,,,,,,,,,,,,,,,,,,
704.0,148633443.0,0.986995,-0.009938,-0.012728,0.159939,0.037454,0.018911,0.110193,0.0,,,,,,,,,,,,,,,,,,,,
705.0,148650110.0,0.986994,-0.009929,-0.012732,0.159942,0.002729,0.04544,0.181629,0.0,,,,,,,,,,,,,,,,,,,,
706.0,148666777.0,0.986995,-0.009929,-0.012731,0.159935,-0.003111,0.037305,0.134873,0.0,,,,,,,,,,,,,,,,,,,,
707.0,148683444.0,0.986996,-0.009933,-0.012739,0.159934,-0.003867,0.035259,0.154905,0.0,,,,,,,,,,,,,,,,,,,,
708.0,148700111.0,0.986997,-0.009934,-0.012752,0.159926,-0.011928,0.04053,0.173693,0.0,,,,,,,,,,,,,,,,,,,,
709.0,148716778.0,0.986996,-0.009934,-0.012757,0.159927,-0.003639,0.001136,0.111513,0.0,,,,,,,,,,,,,,,,,,,,
710.0,148733445.0,0.986998,-0.009939,-0.012756,0.15992,0.011709,-0.013105,0.158741,0.0,,,,,,,,,,,,,,,,,,,,
711.0,148750112.0,0.986996,-0.009943,-0.012752,0.159929,0.035671,0.002626,0.164457,0.0,,,,,,,,,,,,,,,,,,,,
712.0,148766779.0,0.986995,-0.009942,-0.012752,0.159935,0.028662,0.000534,0.145642,0.0,,,,,,,,,,,,,,,,,,,,
713.0,148783446.0,0.986996,-0.009946,-0.012751,0.15993,0.038694,0.025796,0.180976,0.0,,,,,,,,,,,,,,,,,,,,
714.0,148800113.0,0.986994,-0.009953,-0.012761,0.15994,0.041335,0.029935,0.107767,0.0,,,,,,,,,,,,,,,,,,,,
715.0,148816780.0,0.986994,-0.009949,-0.012759,0.159939,0.051282,0.03701,0.14301,0.0,,,,,,,,,,,,,,,,,,,,
716.0,148833447.0,0.986994,-0.009946,-0.012747,0.159944,0.044087,0.056784,0.171475,0.0,,,,,,,,,,,,,,,,,,,,
717.0,148850114.0,0.986994,-0.009936,-0.012749,0.159941,0.025085,0.035865,0.151171,0.0,,,,,,,,,,,,,,,,,,,,
718.0,148866781.0,0.986995,-0.009932,-0.012747,0.159934,0.013637,0.031186,0.143409,0.0,,,,,,,,,,,,,,,,,,,,
719.0,148883448.0,0.986995,-0.009935,-0.012741,0.159938,0.002955,0.005049,0.14604,0.0,,,,,,,,,,,,,,,,,,,,
720.0,148900115.0,0.986996,-0.009934,-0.012739,0.159933,0.00045,-0.003028,0.130476,0.0,,,,,,,,,,,,,,,,,,,,
721.0,148916782.0,0.986995,-0.009936,-0.012744,0.159935,-0.00472,0.004993,0.124829,0.0,,,,,,,,,,,,,,,,,,,,
722.0,148933449.0,0.986995,-0.009946,-0.012751,0.159937,0.000465,-0.003757,0.125001,0.0,,,,,,,,,,,,,,,,,,,,
723.0,148950116.0,0.986994,-0.009946,-0.012759,0.15994,0.005746,0.015575,0.147546,0.0,,,,,,,,,,,,,,,,,,,,
724.0,148966783.0,0.986994,-0.009931,-0.012768,0.159941,0.000914,0.036413,0.18233,0.0,,,,,,,,,,,,,,,,,,,,
725.0,148983450.0,0.986993,-0.009931,-0.012767,0.159944,0.033473,0.041524,0.136566,0.0,,,,,,,,,,,,,,,,,,,,
726.0,149000117.0,0.986994,-0.009921,-0.01277,0.159941,0.031767,0.034177,0.127769,0.0,,,,,,,,,,,,,,,,,,,,
727.0,149016784.0,0.986994,-0.00992,-0.012776,0.159939,0.04366,0.028098,0.158859,0.0,,,,,,,,,,,,,,,,,,,,
728.0,149033451.0,0.986996,-0.00992,-0.012782,0.159927,0.055406,0.007082,0.136071,0.0,,,,,,,,,,,,,,,,,,,,
729.0,149050118.0,0.986996,-0.009917,-0.012764,0.15993,0.04186,0.013264,0.2013,0.0,,,,,,,,,,,,,,,,,,,,
730.0,149066785.0,0.986996,-0.009927,-0.012773,0.159926,0.035451,0.010115,0.142027,0.0,,,,,,,,,,,,,,,,,,,,
731.0,149083452.0,0.986996,-0.009933,-0.012777,0.159931,0.029203,-0.010215,0.144148,0.0,,,,,,,,,,,,,,,,,,,,
732.0,149100119.0,0.986993,-0.009926,-0.012767,0.159946,0.008987,0.015921,0.144107,0.0,,,,,,,,,,,,,,,,,,,,
733.0,149116786.0,0.986992,-0.009925,-0.012763,0.159955,-0.000163,0.012573,0.151212,0.0,,,,,,,,,,,,,,,,,,,,
734.0,149133453.0,0.986991,-0.009937,-0.012765,0.15996,-0.011415,0.028136,0.129421,0.0,,,,,,,,,,,,,,,,,,,,
735.0,149150120.0,0.986991,-0.009933,-0.012746,0.15996,0.000322,0.038726,0.174362,0.0,,,,,,,,,,,,,,,,,,,,
736.0,149166787.0,0.986993,-0.00993,-0.012745,0.159946,-0.012979,0.027192,0.119758,0.0,,,,,,,,,,,,,,,,,,,,
737.0,149183454.0,0.986993,-0.00993,-0.012745,0.159948,0.02354,0.024416,0.146066,0.0,,,,,,,,,,,,,,,,,,,,
738.0,149200121.0,0.986993,-0.00993,-0.012733,0.159948,0.02643,0.017581,0.16476,0.0,,,,,,,,,,,,,,,,,,,,
739.0,149216788.0,0.986994,-0.009927,-0.012739,0.159942,0.041964,0.008611,0.130215,0.0,,,,,,,,,,,,,,,,,,,,
740.0,149233455.0,0.986993,-0.009939,-0.012734,0.159952,0.043653,0.001167,0.146684,0.0,,,,,,,,,,,,,,,,,,,,
741.0,149250122.0,0.986992,-0.009943,-0.012736,0.159957,0.043422,0.020351,0.181293,0.0,,,,,,,,,,,,,,,,,,,,
742.0,149266789.0,0.986991,-0.009932,-0.012735,0.159965,0.03445,0.034174,0.142878,0.0,,,,,,,,,,,,,,,,,,,,
743.0,149283456.0,0.98699,-0.009935,-0.012728,0.15997,0.040105,0.042402,0.140985,0.0,,,,,,,,,,,,,,,,,,,,
744.0,149300123.0,0.986991,-0.009941,-0.012732,0.159964,0.004732,0.045793,0.15045,0.0,,,,,,,,,,,,,,,,,,,,
745.0,149316790.0,0.98699,-0.009924,-0.01273,0.159968,0.008368,0.031474,0.130019,0.0,,,,,,,,,,,,,,,,,,,,
746.0,149333457.0,0.986989,-0.009933,-0.012735,0.159975,0.004174,0.021568,0.137364,0.0,,,,,,,,,,,,,,,,,,,,
747.0,149350124.0,0.986987,-0.009932,-0.01274,0.159985,-0.007212,0.013102,0.157446,0.0,,,,,,,,,,,,,,,,,,,,
748.0,149366791.0,0.986988,-0.009924,-0.012749,0.159983,0.008544,0.015497,0.135312,0.0,,,,,,,,,,,,,,,,,,,,
749.0,149383458.0,0.986989,-0.009911,-0.012747,0.159976,-0.0029,0.004276,0.140749,0.0,,,,,,,,,,,,,,,,,,,,
750.0,149400125.0,0.986988,-0.009909,-0.012746,0.159984,0.008956,0.010828,0.140354,0.0,,,,,,,,,,,,,,,,,,,,
751.0,149416792.0,0.986987,-0.009909,-0.012746,0.15999,0.022837,0.035834,0.159268,0.0,,,,,,,,,,,,,,,,,,,,
752.0,149433459.0,0.986988,-0.00991,-0.012741,0.159985,0.030929,0.053584,0.145649,0.0,,,,,,,,,,,,,,,,,,,,
753.0,149450126.0,0.986987,-0.009911,-0.012745,0.159986,0.055459,0.044957,0.124232,0.0,,,,,,,,,,,,,,,,,,,,
754.0,149466793.0,0.986988,-0.009911,-0.012753,0.159984,0.026163,0.038085,0.158237,0.0,,,,,,,,,,,,,,,,,,,,
755.0,149483460.0,0.986987,-0.009902,-0.01275,0.159988,0.029435,0.050067,0.175189,0.0,,,,,,,,,,,,,,,,,,,,
756.0,149500127.0,0.986988,-0.009901,-0.012769,0.159983,0.035474,0.021825,0.152882,0.0,,,,,,,,,,,,,,,,,,,,
757.0,149516794.0,0.986988,-0.009899,-0.012767,0.159981,0.014042,0.004619,0.135968,0.0,,,,,,,,,,,,,,,,,,,,
758.0,149533461.0,0.986989,-0.009898,-0.012752,0.159975,0.009766,-0.00599,0.143256,0.0,,,,,,,,,,,,,,,,,,,,
759.0,149550128.0,0.986988,-0.009904,-0.012761,0.159981,0.000846,0.005805,0.100785,0.0,,,,,,,,,,,,,,,,,,,,
760.0,149566795.0,0.986988,-0.009914,-0.012758,0.159981,-0.007669,0.010985,0.158362,0.0,,,,,,,,,,,,,,,,,,,,
761.0,149583462.0,0.986989,-0.009916,-0.012753,0.159977,-0.001306,0.028931,0.164603,0.0,,,,,,,,,,,,,,,,,,,,
762.0,149600129.0,0.986989,-0.009911,-0.012756,0.159974,0.017254,0.041853,0.159982,0.0,,,,,,,,,,,,,,,,,,,,
763.0,149616796.0,0.986989,-0.009906,-0.012756,0.159975,0.04028,0.04803,0.091145,0.0,,,,,,,,,,,,,,,,,,,,
764.0,149633463.0,0.986988,-0.009904,-0.012745,0.159981,0.0503,0.03593,0.131742,0.0,,,,,,,,,,,,,,,,,,,,
765.0,149650130.0,0.986987,-0.009909,-0.01275,0.159987,0.038013,0.021263,0.188112,0.0,,,,,,,,,,,,,,,,,,,,
766.0,149666797.0,0.986988,-0.009901,-0.012762,0.159983,0.038524,0.024613,0.138769,0.0,,,,,,,,,,,,,,,,,,,,
767.0,149683464.0,0.986988,-0.009908,-0.012755,0.159981,0.029792,0.013154,0.146324,0.0,,,,,,,,,,,,,,,,,,,,
768.0,149700131.0,0.986987,-0.009911,-0.012762,0.159989,0.025968,0.012532,0.117163,0.0,,,,,,,,,,,,,,,,,,,,
769.0,149716798.0,0.986986,-0.009907,-0.012743,0.159996,0.011874,0.009695,0.162893,0.0,,,,,,,,,,,,,,,,,,,,
770.0,149733465.0,0.986987,-0.009901,-0.012756,0.159988,-0.00211,0.016879,0.163527,0.0,,,,,,,,,,,,,,,,,,,,
771.0,149750132.0,0.986987,-0.009904,-0.012756,0.159991,-0.010286,0.019455,0.119052,0.0,,,,,,,,,,,,,,,,,,,,
772.0,149766799.0,0.986987,-0.009896,-0.012745,0.15999,-0.024827,0.024777,0.156286,0.0,,,,,,,,,,,,,,,,,,,,
773.0,149783466.0,0.986986,-0.009898,-0.01275,0.159994,-0.025292,0.030642,0.115753,0.0,,,,,,,,,,,,,,,,,,,,
774.0,149800133.0,0.986988,-0.009891,-0.01274,0.159985,0.016609,0.042931,0.15144,0.0,,,,,,,,,,,,,,,,,,,,
775.0,149816800.0,0.986989,-0.009886,-0.012739,0.159977,0.023388,0.013317,0.176301,0.0,,,,,,,,,,,,,,,,,,,,
776.0,149833467.0,0.98699,-0.009898,-0.01274,0.159972,0.025372,0.003605,0.132416,0.0,,,,,,,,,,,,,,,,,,,,
777.0,149850134.0,0.986989,-0.009894,-0.01274,0.159975,0.046192,0.021171,0.146791,0.0,,,,,,,,,,,,,,,,,,,,
778.0,149866801.0,0.986989,-0.009892,-0.012736,0.159975,0.0411,0.016398,0.150259,0.0,,,,,,,,,,,,,,,,,,,,
779.0,149883468.0,0.986988,-0.009883,-0.012732,0.159983,0.043112,0.025603,0.149678,0.0,,,,,,,,,,,,,,,,,,,,
780.0,149900135.0,0.986988,-0.009893,-0.012731,0.159986,0.039784,0.028552,0.129782,0.0,,,,,,,,,,,,,,,,,,,,
781.0,149916802.0,0.986986,-0.009897,-0.012732,0.159996,0.006842,0.04042,0.199413,0.0,,,,,,,,,,,,,,,,,,,,
782.0,149933469.0,0.986985,-0.009906,-0.012728,0.160002,0.006661,0.038868,0.1113,0.0,,,,,,,,,,,,,,,,,,,,
783.0,149950136.0,0.986985,-0.0099,-0.012724,0.160001,-0.003626,0.037498,0.125265,0.0,,,,,,,,,,,,,,,,,,,,
784.0,149966803.0,0.986985,-0.009896,-0.012724,0.160002,-0.013107,0.036091,0.136333,0.0,,,,,,,,,,,,,,,,,,,,
785.0,149983470.0,0.986985,-0.009897,-0.012721,0.160002,-0.001796,0.012884,0.164931,0.0,,,,,,,,,,,,,,,,,,,,
786.0,150000137.0,0.986985,-0.009887,-0.012733,0.160003,0.013089,0.012156,0.14817,0.0,,,,,,,,,,,,,,,,,,,,
787.0,150016804.0,0.986985,-0.009881,-0.012738,0.160001,0.01218,-0.000114,0.132668,0.0,,,,,,,,,,,,,,,,,,,,
788.0,150033471.0,0.986985,-0.009891,-0.01274,0.159999,0.031851,0.013466,0.162144,0.0,,,,,,,,,,,,,,,,,,,,
789.0,150050138.0,0.986986,-0.009885,-0.012747,0.159996,0.023988,0.003678,0.157628,0.0,,,,,,,,,,,,,,,,,,,,
790.0,150066805.0,0.986985,-0.009885,-0.012749,0.160004,0.042505,0.024728,0.160503,0.0,,,,,,,,,,,,,,,,,,,,
791.0,150083472.0,0.986984,-0.009884,-0.012749,0.160008,0.045578,0.032253,0.136264,0.0,,,,,,,,,,,,,,,,,,,,
792.0,150100139.0,0.986984,-0.009881,-0.012755,0.160006,0.033017,0.033042,0.131663,0.0,,,,,,,,,,,,,,,,,,,,
793.0,150116806.0,0.986983,-0.009874,-0.012764,0.160011,0.025418,0.028931,0.143471,0.0,,,,,,,,,,,,,,,,,,,,
794.0,150133473.0,0.986983,-0.009879,-0.012766,0.160012,0.006869,0.008598,0.14188,0.0,,,,,,,,,,,,,,,,,,,,
795.0,150150140.0,0.986984,-0.009878,-0.012754,0.16001,0.006326,0.001301,0.169001,0.0,,,,,,,,,,,,,,,,,,,,
796.0,150166807.0,0.986983,-0.009871,-0.012751,0.160013,-0.012393,0.007983,0.133149,0.0,,,,,,,,,,,,,,,,,,,,
797.0,150183474.0,0.986982,-0.009874,-0.01277,0.16002,0.008855,0.015636,0.136421,0.0,,,,,,,,,,,,,,,,,,,,
798.0,150200141.0,0.986982,-0.009871,-0.012768,0.160022,0.023616,0.01684,0.139131,0.0,,,,,,,,,,,,,,,,,,,,
799.0,150216808.0,0.986982,-0.009874,-0.01277,0.160019,0.025545,0.038628,0.150632,0.0,,,,,,,,,,,,,,,,,,,,
800.0,150233475.0,0.986982,-0.009872,-0.012787,0.160017,0.028223,0.042065,0.146975,0.0,,,,,,,,,,,,,,,,,,,,
801.0,150250142.0,0.986982,-0.009871,-0.012784,0.160019,0.032997,0.031852,0.118575,0.0,,,,,,,,,,,,,,,,,,,,
802.0,150266809.0,0.986982,-0.009868,-0.012794,0.160015,0.039891,0.044558,0.121661,0.0,,,,,,,,,,,,,,,,,,,,
803.0,150283476.0,0.986982,-0.00987,-0.012805,0.160014,0.057633,0.024909,0.144517,0.0,,,,,,,,,,,,,,,,,,,,
804.0,150300143.0,0.986982,-0.009872,-0.012803,0.160015,0.026055,0.012162,0.146543,0.0,,,,,,,,,,,,,,,,,,,,
805.0,150316810.0,0.986982,-0.009871,-0.012813,0.160017,0.031802,0.014713,0.165123,0.0,,,,,,,,,,,,,,,,,,,,
806.0,150333477.0,0.986982,-0.009883,-0.012814,0.160016,0.029937,0.018098,0.14467,0.0,,,,,,,,,,,,,,,,,,,,
807.0,150350144.0,0.986981,-0.009886,-0.012823,0.160018,-0.00027,0.017029,0.120247,0.0,,,,,,,,,,,,,,,,,,,,
808.0,150366811.0,0.986981,-0.009891,-0.012836,0.16002,0.000896,0.012888,0.145628,0.0,,,,,,,,,,,,,,,,,,,,
809.0,150383478.0,0.986981,-0.009896,-0.012835,0.160016,-0.00502,0.020025,0.15177,0.0,,,,,,,,,,,,,,,,,,,,
810.0,150400145.0,0.986982,-0.00989,-0.012844,0.160013,-0.017807,0.032311,0.162158,0.0,,,,,,,,,,,,,,,,,,,,
811.0,150416812.0,0.98698,-0.009893,-0.012845,0.160023,0.001254,0.028077,0.124487,0.0,,,,,,,,,,,,,,,,,,,,
812.0,150433479.0,0.98698,-0.009886,-0.012841,0.160026,0.028817,0.023616,0.14512,0.0,,,,,,,,,,,,,,,,,,,,
813.0,150450146.0,0.98698,-0.009878,-0.01285,0.160022,0.019558,0.026878,0.15745,0.0,,,,,,,,,,,,,,,,,,,,
814.0,150466813.0,0.986979,-0.009873,-0.01285,0.160033,0.027108,0.029318,0.152338,0.0,,,,,,,,,,,,,,,,,,,,
815.0,150483480.0,0.986981,-0.009865,-0.012853,0.160021,0.05201,0.022584,0.157981,0.0,,,,,,,,,,,,,,,,,,,,
816.0,150500147.0,0.986999,-0.009939,-0.012795,0.159906,0.043547,0.028193,0.151476,0.0,,,,,,,,,,,,,,,,,,,,
817.0,150516814.0,0.987001,-0.009932,-0.012796,0.159896,0.021709,0.027902,0.155863,0.0,,,,,,,,,,,,,,,,,,,,
818.0,150533481.0,0.987,-0.009938,-0.012791,0.159904,0.024312,0.020966,0.154086,0.0,,,,,,,,,,,,,,,,,,,,
819.0,150550148.0,0.987,-0.009934,-0.012802,0.159904,0.017383,0.02285,0.131549,0.0,,,,,,,,,,,,,,,,,,,,
820.0,150566815.0,0.987001,-0.009938,-0.0128,0.159897,-0.001271,0.026155,0.131717,0.0,,,,,,,,,,,,,,,,,,,,
821.0,150583482.0,0.987001,-0.009941,-0.012801,0.159896,0.004107,0.04748,0.142964,0.0,,,,,,,,,,,,,,,,,,,,
822.0,150600149.0,0.987001,-0.009942,-0.01281,0.159892,0.012268,0.036398,0.153682,0.0,,,,,,,,,,,,,,,,,,,,
823.0,150616816.0,0.987003,-0.009934,-0.01281,0.159882,-0.00447,0.031448,0.179591,0.0,,,,,,,,,,,,,,,,,,,,
824.0,150633483.0,0.987005,-0.009932,-0.012803,0.159873,-0.010001,0.015585,0.133832,0.0,,,,,,,,,,,,,,,,,,,,
825.0,150650150.0,0.987005,-0.00993,-0.012811,0.159871,0.017911,0.0058,0.160959,0.0,,,,,,,,,,,,,,,,,,,,
826.0,150666817.0,0.987003,-0.009926,-0.012822,0.159882,0.034752,0.035509,0.124399,0.0,,,,,,,,,,,,,,,,,,,,
827.0,150683484.0,0.987002,-0.00992,-0.012831,0.159887,0.039741,0.014269,0.138161,0.0,,,,,,,,,,,,,,,,,,,,
828.0,150700151.0,0.987,-0.009917,-0.012828,0.159899,0.038114,0.017966,0.161758,0.0,,,,,,,,,,,,,,,,,,,,
829.0,150716818.0,0.987,-0.00992,-0.012827,0.159902,0.031227,0.029517,0.131781,0.0,,,,,,,,,,,,,,,,,,,,
830.0,150733485.0,0.987001,-0.00992,-0.012831,0.159896,0.024758,0.037551,0.169847,0.0,,,,,,,,,,,,,,,,,,,,
831.0,150750152.0,0.987,-0.009918,-0.012831,0.159898,0.007182,0.022483,0.146086,0.0,,,,,,,,,,,,,,,,,,,,
832.0,150766819.0,0.987002,-0.009914,-0.012831,0.15989,-0.002728,0.023751,0.144581,0.0,,,,,,,,,,,,,,,,,,,,
833.0,150783486.0,0.987002,-0.009908,-0.012832,0.159891,0.002037,0.020073,0.134288,0.0,,,,,,,,,,,,,,,,,,,,
834.0,150800153.0,0.987,-0.009911,-0.01282,0.159904,0.003772,0.026586,0.165422,0.0,,,,,,,,,,,,,,,,,,,,
835.0,150816820.0,0.987,-0.009915,-0.012801,0.1599,0.010688,0.010925,0.150137,0.0,,,,,,,,,,,,,,,,,,,,
836.0,150833487.0,0.987,-0.009922,-0.012806,0.159902,0.01015,0.02086,0.129645,0.0,,,,,,,,,,,,,,,,,,,,
837.0,150850154.0,0.986999,-0.009921,-0.012798,0.159909,0.021799,0.005118,0.131502,0.0,,,,,,,,,,,,,,,,,,,,
838.0,150866821.0,0.987,-0.009918,-0.012803,0.159902,0.014173,0.026905,0.140658,0.0,,,,,,,,,,,,,,,,,,,,
839.0,150883488.0,0.987,-0.009917,-0.012805,0.159902,0.043184,0.035475,0.148871,0.0,,,,,,,,,,,,,,,,,,,,
840.0,150900155.0,0.987,-0.009911,-0.012816,0.159899,0.031375,0.0243,0.145647,0.0,,,,,,,,,,,,,,,,,,,,
841.0,150916822.0,0.987,-0.009907,-0.012821,0.159901,0.049189,0.029047,0.134939,0.0,,,,,,,,,,,,,,,,,,,,
842.0,150933489.0,0.986999,-0.009908,-0.012829,0.159905,0.03484,0.014569,0.142735,0.0,,,,,,,,,,,,,,,,,,,,
843.0,150950156.0,0.986999,-0.009911,-0.012819,0.159909,0.029577,0.032001,0.146107,0.0,,,,,,,,,,,,,,,,,,,,
844.0,150966823.0,0.986997,-0.009907,-0.012828,0.159917,0.010586,0.017826,0.16149,0.0,,,,,,,,,,,,,,,,,,,,
845.0,150983490.0,0.986997,-0.009906,-0.012829,0.159917,0.007613,0.021261,0.147022,0.0,,,,,,,,,,,,,,,,,,,,
846.0,151000157.0,0.986997,-0.009901,-0.012833,0.159917,-0.006978,0.019247,0.114446,0.0,,,,,,,,,,,,,,,,,,,,
847.0,151016824.0,0.986997,-0.009903,-0.012838,0.15992,0.000569,0.016911,0.154542,0.0,,,,,,,,,,,,,,,,,,,,
848.0,151033491.0,0.986996,-0.009898,-0.012843,0.159924,0.008712,0.020966,0.141331,0.0,,,,,,,,,,,,,,,,,,,,
849.0,151050158.0,0.986997,-0.009893,-0.012848,0.159918,0.015069,0.015692,0.155517,0.0,,,,,,,,,,,,,,,,,,,,
850.0,151066825.0,0.986998,-0.009887,-0.012849,0.159913,0.020117,0.029387,0.142315,0.0,,,,,,,,,,,,,,,,,,,,
851.0,151083492.0,0.986998,-0.009879,-0.012847,0.159916,0.035076,0.018809,0.156307,0.0,,,,,,,,,,,,,,,,,,,,
852.0,151100159.0,0.986997,-0.009885,-0.012857,0.159921,0.03778,0.031748,0.159854,0.0,,,,,,,,,,,,,,,,,,,,
853.0,151116826.0,0.986999,-0.009885,-0.01286,0.159909,0.039997,0.02476,0.154939,0.0,,,,,,,,,,,,,,,,,,,,
854.0,151133493.0,0.987,-0.009882,-0.01285,0.159903,0.038673,0.027321,0.155787,0.0,,,,,,,,,,,,,,,,,,,,
855.0,151150160.0,0.987,-0.009883,-0.012843,0.159904,0.028346,0.019626,0.141882,0.0,,,,,,,,,,,,,,,,,,,,
856.0,151166827.0,0.987,-0.00988,-0.012843,0.159905,0.035942,0.025073,0.155648,0.0,,,,,,,,,,,,,,,,,,,,
857.0,151183494.0,0.987,-0.009876,-0.012831,0.159904,-0.008058,0.01673,0.158607,0.0,,,,,,,,,,,,,,,,,,,,
858.0,151200161.0,0.987,-0.009875,-0.012822,0.159907,0.000334,0.010107,0.155362,0.0,,,,,,,,,,,,,,,,,,,,
859.0,151216828.0,0.986998,-0.009873,-0.012816,0.159914,0.003555,0.015696,0.162443,0.0,,,,,,,,,,,,,,,,,,,,
860.0,151233495.0,0.986998,-0.009869,-0.012813,0.159919,-0.007972,0.012921,0.155516,0.0,,,,,,,,,,,,,,,,,,,,
861.0,151250162.0,0.986999,-0.009865,-0.012808,0.159911,0.006716,0.021313,0.157359,0.0,,,,,,,,,,,,,,,,,,,,
862.0,151266829.0,0.987,-0.009877,-0.01281,0.159907,0.006724,0.03128,0.16521,0.0,,,,,,,,,,,,,,,,,,,,
863.0,151283496.0,0.986998,-0.009882,-0.012809,0.159918,0.004482,0.021583,0.134715,0.0,,,,,,,,,,,,,,,,,,,,
864.0,151300163.0,0.986998,-0.009885,-0.012803,0.159917,0.031415,0.02934,0.141648,0.0,,,,,,,,,,,,,,,,,,,,
865.0,151316830.0,0.986997,-0.009885,-0.012803,0.159925,0.042518,0.033752,0.150715,0.0,,,,,,,,,,,,,,,,,,,,
866.0,151333497.0,0.986996,-0.009892,-0.012803,0.159927,0.042637,0.041015,0.116357,0.0,,,,,,,,,,,,,,,,,,,,
867.0,151350164.0,0.986996,-0.009892,-0.012803,0.159927,0.032309,0.01915,0.157539,0.0,,,,,,,,,,,,,,,,,,,,
868.0,151366831.0,0.986997,-0.009892,-0.012806,0.159924,0.03008,0.014485,0.166283,0.0,,,,,,,,,,,,,,,,,,,,
869.0,151383498.0,0.986996,-0.0099,-0.012828,0.159927,0.03624,0.013927,0.169609,0.0,,,,,,,,,,,,,,,,,,,,
870.0,151400165.0,0.986995,-0.009888,-0.012828,0.159936,0.019259,0.022378,0.169601,0.0,,,,,,,,,,,,,,,,,,,,
871.0,151416832.0,0.986995,-0.009889,-0.012835,0.159934,0.016002,0.019826,0.175826,0.0,,,,,,,,,,,,,,,,,,,,
872.0,151433499.0,0.986995,-0.009887,-0.012835,0.159932,0.006231,0.026885,0.093566,0.0,,,,,,,,,,,,,,,,,,,,
873.0,151450166.0,0.986994,-0.009886,-0.012838,0.159937,0.020354,0.025351,0.136853,0.0,,,,,,,,,,,,,,,,,,,,
874.0,151466833.0,0.986996,-0.009887,-0.012835,0.159928,-0.003272,0.033232,0.121677,0.0,,,,,,,,,,,,,,,,,,,,
875.0,151483500.0,0.986996,-0.009876,-0.012833,0.159929,0.001047,0.017204,0.133618,0.0,,,,,,,,,,,,,,,,,,,,
876.0,151500167.0,0.986997,-0.009868,-0.01283,0.159924,-0.013257,0.02602,0.164905,0.0,,,,,,,,,,,,,,,,,,,,
877.0,151516834.0,0.986996,-0.009865,-0.012845,0.159926,0.003559,0.017032,0.165628,0.0,,,,,,,,,,,,,,,,,,,,
878.0,151533501.0,0.986996,-0.009864,-0.012851,0.159926,0.016466,0.020296,0.160649,0.0,,,,,,,,,,,,,,,,,,,,
879.0,151550168.0,0.986996,-0.009864,-0.012856,0.159925,0.021002,0.018745,0.162225,0.0,,,,,,,,,,,,,,,,,,,,
880.0,151566835.0,0.986995,-0.009857,-0.012853,0.159932,0.031064,0.014928,0.127895,0.0,,,,,,,,,,,,,,,,,,,,
881.0,151583502.0,0.986996,-0.00984,-0.012849,0.15993,0.024486,0.008105,0.180394,0.0,,,,,,,,,,,,,,,,,,,,
882.0,151600169.0,0.986994,-0.009845,-0.012843,0.159939,0.030884,0.028622,0.141899,0.0,,,,,,,,,,,,,,,,,,,,
883.0,151616836.0,0.986992,-0.009843,-0.012832,0.159953,0.033509,0.037339,0.13618,0.0,,,,,,,,,,,,,,,,,,,,
884.0,151633503.0,0.986992,-0.009843,-0.012825,0.159958,0.020401,0.044276,0.174811,0.0,,,,,,,,,,,,,,,,,,,,
885.0,151650170.0,0.986992,-0.00985,-0.012812,0.159956,0.003219,0.020745,0.151959,0.0,,,,,,,,,,,,,,,,,,,,
886.0,151666837.0,0.986991,-0.009848,-0.012814,0.159959,0.010212,0.029095,0.156199,0.0,,,,,,,,,,,,,,,,,,,,
887.0,151683504.0,0.986992,-0.009845,-0.012802,0.159955,-0.000232,0.011657,0.147338,0.0,,,,,,,,,,,,,,,,,,,,
888.0,151700171.0,0.986993,-0.009844,-0.012802,0.159952,-0.004485,0.003726,0.154449,0.0,,,,,,,,,,,,,,,,,,,,
889.0,151716838.0,0.986994,-0.009848,-0.012813,0.159944,0.004566,0.00206,0.134605,0.0,,,,,,,,,,,,,,,,,,,,
890.0,151733505.0,0.986994,-0.009841,-0.012826,0.159945,0.006315,0.002683,0.14526,0.0,,,,,,,,,,,,,,,,,,,,
891.0,151750172.0,0.986994,-0.009846,-0.012831,0.159941,0.011379,0.008426,0.120246,0.0,,,,,,,,,,,,,,,,,,,,
892.0,151766839.0,0.986993,-0.009843,-0.01284,0.159949,0.007366,0.02558,0.164676,0.0,,,,,,,,,,,,,,,,,,,,
893.0,151783506.0,0.98699,-0.009842,-0.012847,0.159966,0.020095,0.048588,0.137916,0.0,,,,,,,,,,,,,,,,,,,,
894.0,151800173.0,0.986989,-0.009845,-0.012844,0.159972,0.017738,0.025736,0.16326,0.0,,,,,,,,,,,,,,,,,,,,
895.0,151816840.0,0.986988,-0.009849,-0.012846,0.159976,0.030279,0.033352,0.133657,0.0,,,,,,,,,,,,,,,,,,,,
896.0,151833507.0,0.986986,-0.009848,-0.012862,0.159986,0.013916,0.024366,0.129455,0.0,,,,,,,,,,,,,,,,,,,,
897.0,151850174.0,0.986984,-0.009856,-0.012863,0.16,0.029243,0.007223,0.141115,0.0,,,,,,,,,,,,,,,,,,,,
898.0,151866841.0,0.986984,-0.009866,-0.012867,0.160002,0.019726,-0.005266,0.149191,0.0,,,,,,,,,,,,,,,,,,,,
899.0,151883508.0,0.986983,-0.009872,-0.012867,0.160003,-0.003858,-0.001433,0.154933,0.0,,,,,,,,,,,,,,,,,,,,
900.0,151900175.0,0.986982,-0.009874,-0.012863,0.160014,0.024247,0.030385,0.178306,0.0,,,,,,,,,,,,,,,,,,,,
901.0,151916842.0,0.986981,-0.009884,-0.012864,0.160015,0.015505,0.038525,0.174133,0.0,,,,,,,,,,,,,,,,,,,,
902.0,151933509.0,0.986981,-0.009891,-0.012867,0.160015,0.01238,0.040815,0.167535,0.0,,,,,,,,,,,,,,,,,,,,
903.0,151950176.0,0.986982,-0.009894,-0.012868,0.160007,0.029241,0.030678,0.146471,0.0,,,,,,,,,,,,,,,,,,,,
904.0,151966843.0,0.986984,-0.009898,-0.012878,0.159998,0.00862,0.035377,0.155013,0.0,,,,,,,,,,,,,,,,,,,,
905.0,151983510.0,0.986983,-0.009899,-0.01289,0.16,0.015374,0.011898,0.129292,0.0,,,,,,,,,,,,,,,,,,,,
906.0,152000177.0,0.986983,-0.009899,-0.0129,0.160003,0.016561,0.017377,0.180376,0.0,,,,,,,,,,,,,,,,,,,,
907.0,152016844.0,0.986982,-0.009901,-0.012907,0.160005,0.029703,-7.4e-05,0.185533,0.0,,,,,,,,,,,,,,,,,,,,
908.0,152033511.0,0.986981,-0.009897,-0.012907,0.160013,0.034396,-0.003281,0.158379,0.0,,,,,,,,,,,,,,,,,,,,
909.0,152050178.0,0.986981,-0.009893,-0.012923,0.160014,0.031962,0.012542,0.133647,0.0,,,,,,,,,,,,,,,,,,,,
910.0,152066845.0,0.986979,-0.009892,-0.01293,0.160021,0.02488,0.007565,0.12587,0.0,,,,,,,,,,,,,,,,,,,,
911.0,152083512.0,0.986979,-0.009908,-0.012944,0.160024,0.015536,0.039464,0.138965,0.0,,,,,,,,,,,,,,,,,,,,
912.0,152100179.0,0.986978,-0.009911,-0.012956,0.160027,-0.001167,0.044903,0.161067,0.0,,,,,,,,,,,,,,,,,,,,
913.0,152116846.0,0.986977,-0.009917,-0.012952,0.160029,-0.014202,0.03653,0.175169,0.0,,,,,,,,,,,,,,,,,,,,
914.0,152133513.0,0.986977,-0.009924,-0.012942,0.16003,-0.001731,0.034153,0.139686,0.0,,,,,,,,,,,,,,,,,,,,
915.0,152150180.0,0.986978,-0.009917,-0.01295,0.160023,0.015922,0.025997,0.157792,0.0,,,,,,,,,,,,,,,,,,,,
916.0,152166847.0,0.986979,-0.009908,-0.012955,0.160023,0.031588,0.020104,0.141859,0.0,,,,,,,,,,,,,,,,,,,,
917.0,152183514.0,0.98698,-0.009911,-0.012957,0.160016,0.026371,0.008809,0.141148,0.0,,,,,,,,,,,,,,,,,,,,
918.0,152200181.0,0.986981,-0.009916,-0.012955,0.160008,0.045975,0.009999,0.129646,0.0,,,,,,,,,,,,,,,,,,,,
919.0,152216848.0,0.986981,-0.00991,-0.012968,0.16001,0.039303,0.009505,0.151416,0.0,,,,,,,,,,,,,,,,,,,,
920.0,152233515.0,0.98698,-0.009915,-0.01297,0.160012,0.027539,0.018015,0.133402,0.0,,,,,,,,,,,,,,,,,,,,
921.0,152250182.0,0.986978,-0.009917,-0.012969,0.160022,0.034932,0.032381,0.154769,0.0,,,,,,,,,,,,,,,,,,,,
922.0,152266849.0,0.986978,-0.009917,-0.012951,0.160027,0.003239,0.047466,0.160376,0.0,,,,,,,,,,,,,,,,,,,,
923.0,152283516.0,0.986977,-0.009912,-0.012957,0.160032,-0.009863,0.050102,0.167692,0.0,,,,,,,,,,,,,,,,,,,,
924.0,152300183.0,0.986977,-0.009914,-0.012973,0.160031,0.002506,0.032242,0.140389,0.0,,,,,,,,,,,,,,,,,,,,
925.0,152316850.0,0.986978,-0.009911,-0.012988,0.160025,0.005921,0.04265,0.130997,0.0,,,,,,,,,,,,,,,,,,,,
926.0,152333517.0,0.986979,-0.009918,-0.01299,0.160015,0.004562,0.019637,0.151988,0.0,,,,,,,,,,,,,,,,,,,,
927.0,152350184.0,0.98698,-0.009921,-0.012984,0.160011,0.043841,0.005756,0.146568,0.0,,,,,,,,,,,,,,,,,,,,
928.0,152366851.0,0.986981,-0.009925,-0.012973,0.160006,0.026652,-0.001835,0.140092,0.0,,,,,,,,,,,,,,,,,,,,
929.0,152383518.0,0.986981,-0.009933,-0.012964,0.160004,0.012381,0.007661,0.128689,0.0,,,,,,,,,,,,,,,,,,,,
930.0,152400185.0,0.98698,-0.009932,-0.012973,0.160009,0.027332,0.040912,0.165009,0.0,,,,,,,,,,,,,,,,,,,,
931.0,152416852.0,0.98698,-0.009922,-0.012977,0.160013,0.025159,0.044852,0.151716,0.0,,,,,,,,,,,,,,,,,,,,
932.0,152433519.0,0.98698,-0.00992,-0.012985,0.160008,0.015914,0.050703,0.154932,0.0,,,,,,,,,,,,,,,,,,,,
933.0,152450186.0,0.986981,-0.009914,-0.012988,0.160005,0.024064,0.03975,0.133235,0.0,,,,,,,,,,,,,,,,,,,,
934.0,152466853.0,0.986983,-0.009912,-0.012974,0.159993,0.016956,0.023536,0.141496,0.0,,,,,,,,,,,,,,,,,,,,
935.0,152483520.0,0.986984,-0.009924,-0.012974,0.159989,0.004788,-0.004762,0.149201,0.0,,,,,,,,,,,,,,,,,,,,
936.0,152500187.0,0.987,-0.009924,-0.012906,0.159897,0.015686,-0.000609,0.14114,0.0,,,,,,,,,,,,,,,,,,,,
937.0,152516854.0,0.986999,-0.009922,-0.01291,0.159902,0.018717,-0.021659,0.131931,0.0,,,,,,,,,,,,,,,,,,,,
938.0,152533521.0,0.986997,-0.00992,-0.012916,0.15991,0.004618,-0.00267,0.139428,0.0,,,,,,,,,,,,,,,,,,,,
939.0,152550188.0,0.986996,-0.009936,-0.012916,0.159916,0.009388,0.00859,0.146803,0.0,,,,,,,,,,,,,,,,,,,,
940.0,152566855.0,0.986996,-0.009931,-0.012915,0.159918,0.011581,0.034865,0.151546,0.0,,,,,,,,,,,,,,,,,,,,
941.0,152583522.0,0.986995,-0.009924,-0.012928,0.159921,0.009796,0.037685,0.149714,0.0,,,,,,,,,,,,,,,,,,,,
942.0,152600189.0,0.986997,-0.009929,-0.01293,0.159912,0.029513,0.050386,0.146392,0.0,,,,,,,,,,,,,,,,,,,,
943.0,152616856.0,0.986996,-0.009929,-0.012928,0.159916,0.020055,0.025745,0.152481,0.0,,,,,,,,,,,,,,,,,,,,
944.0,152633523.0,0.986997,-0.009924,-0.012925,0.159911,0.033907,0.008841,0.158103,0.0,,,,,,,,,,,,,,,,,,,,
945.0,152650190.0,0.986997,-0.009927,-0.012931,0.159912,0.029749,0.001704,0.122899,0.0,,,,,,,,,,,,,,,,,,,,
946.0,152666857.0,0.986997,-0.009924,-0.012929,0.159907,0.033391,0.016069,0.147407,0.0,,,,,,,,,,,,,,,,,,,,
947.0,152683524.0,0.986996,-0.009926,-0.012921,0.159919,0.007896,-0.006522,0.161956,0.0,,,,,,,,,,,,,,,,,,,,
948.0,152700191.0,0.986996,-0.009932,-0.012917,0.159915,0.008276,0.024645,0.17351,0.0,,,,,,,,,,,,,,,,,,,,
949.0,152716858.0,0.986997,-0.009928,-0.012924,0.159912,-0.002562,0.023237,0.156761,0.0,,,,,,,,,,,,,,,,,,,,
950.0,152733525.0,0.986997,-0.009912,-0.012926,0.159914,0.012062,0.037797,0.133479,0.0,,,,,,,,,,,,,,,,,,,,
951.0,152750192.0,0.986998,-0.0099,-0.012926,0.159908,0.000611,0.045982,0.159122,0.0,,,,,,,,,,,,,,,,,,,,
952.0,152766859.0,0.986998,-0.009908,-0.012923,0.159905,0.021957,0.031027,0.149954,0.0,,,,,,,,,,,,,,,,,,,,
953.0,152783526.0,0.986998,-0.00991,-0.012914,0.159904,0.027538,0.009809,0.148166,0.0,,,,,,,,,,,,,,,,,,,,
954.0,152800193.0,0.986998,-0.009915,-0.012919,0.159903,0.023738,0.016778,0.150604,0.0,,,,,,,,,,,,,,,,,,,,
955.0,152816860.0,0.986997,-0.009911,-0.012916,0.159916,0.044817,-0.002725,0.155102,0.0,,,,,,,,,,,,,,,,,,,,
956.0,152833527.0,0.986996,-0.009914,-0.0129,0.15992,0.027758,-0.001506,0.150714,0.0,,,,,,,,,,,,,,,,,,,,
957.0,152850194.0,0.986995,-0.009911,-0.012897,0.159924,0.034381,0.012951,0.143909,0.0,,,,,,,,,,,,,,,,,,,,
958.0,152866861.0,0.986994,-0.009913,-0.012892,0.159935,0.020615,0.030815,0.155042,0.0,,,,,,,,,,,,,,,,,,,,
959.0,152883528.0,0.986995,-0.00992,-0.012902,0.159928,0.020446,0.02814,0.151124,0.0,,,,,,,,,,,,,,,,,,,,
960.0,152900195.0,0.986995,-0.009914,-0.012909,0.159923,0.008671,0.025175,0.124827,0.0,,,,,,,,,,,,,,,,,,,,
961.0,152916862.0,0.986995,-0.009923,-0.0129,0.159925,0.008338,0.041747,0.148072,0.0,,,,,,,,,,,,,,,,,,,,
962.0,152933529.0,0.986995,-0.009922,-0.012902,0.159925,0.004262,0.022561,0.147324,0.0,,,,,,,,,,,,,,,,,,,,
963.0,152950196.0,0.986996,-0.009922,-0.012907,0.159919,0.001424,0.026003,0.140371,0.0,,,,,,,,,,,,,,,,,,,,
964.0,152966863.0,0.986997,-0.009923,-0.012899,0.159911,0.011224,0.002279,0.167397,0.0,,,,,,,,,,,,,,,,,,,,
965.0,152983530.0,0.986998,-0.009917,-0.012914,0.159908,0.01168,0.015427,0.140869,0.0,,,,,,,,,,,,,,,,,,,,
966.0,153000197.0,0.986997,-0.009923,-0.012913,0.15991,0.013676,0.008688,0.153328,0.0,,,,,,,,,,,,,,,,,,,,
967.0,153016864.0,0.986997,-0.009911,-0.012923,0.159914,0.031749,0.016715,0.151442,0.0,,,,,,,,,,,,,,,,,,,,
968.0,153033531.0,0.986999,-0.009921,-0.012918,0.159899,0.036483,0.027319,0.154129,0.0,,,,,,,,,,,,,,,,,,,,
969.0,153050198.0,0.987,-0.009919,-0.012919,0.159893,0.028233,0.032662,0.14309,0.0,,,,,,,,,,,,,,,,,,,,
970.0,153066865.0,0.987,-0.00991,-0.012931,0.15989,0.021614,0.035086,0.157756,0.0,,,,,,,,,,,,,,,,,,,,
971.0,153083532.0,0.987,-0.00991,-0.012941,0.159892,0.028992,0.030593,0.171007,0.0,,,,,,,,,,,,,,,,,,,,
972.0,153100199.0,0.987,-0.009906,-0.012942,0.159894,0.014873,0.032864,0.154521,0.0,,,,,,,,,,,,,,,,,,,,
973.0,153116866.0,0.987,-0.009911,-0.012937,0.159889,0.001712,0.016684,0.132555,0.0,,,,,,,,,,,,,,,,,,,,
974.0,153133533.0,0.987002,-0.009912,-0.01293,0.159883,0.007158,0.024224,0.131678,0.0,,,,,,,,,,,,,,,,,,,,
975.0,153150200.0,0.987001,-0.009911,-0.01292,0.159889,0.010911,-0.0166,0.149129,0.0,,,,,,,,,,,,,,,,,,,,
976.0,153166867.0,0.987002,-0.009902,-0.012914,0.159884,0.016636,-0.003811,0.152227,0.0,,,,,,,,,,,,,,,,,,,,
977.0,153183534.0,0.987003,-0.009906,-0.01291,0.159878,0.011504,0.004341,0.169685,0.0,,,,,,,,,,,,,,,,,,,,
978.0,153200201.0,0.987003,-0.009902,-0.012907,0.159879,0.013495,0.012351,0.144106,0.0,,,,,,,,,,,,,,,,,,,,
979.0,153216868.0,0.987001,-0.009901,-0.012919,0.15989,0.024954,0.024616,0.12807,0.0,,,,,,,,,,,,,,,,,,,,
980.0,153233535.0,0.987002,-0.009904,-0.012919,0.159881,0.007439,0.045021,0.143367,0.0,,,,,,,,,,,,,,,,,,,,
981.0,153250202.0,0.987003,-0.009902,-0.012922,0.159876,0.03404,0.06226,0.162016,0.0,,,,,,,,,,,,,,,,,,,,
982.0,153266869.0,0.987001,-0.00991,-0.012913,0.159888,0.024252,0.022764,0.15102,0.0,,,,,,,,,,,,,,,,,,,,
983.0,153283536.0,0.987002,-0.009914,-0.012916,0.159883,0.01748,0.008851,0.140973,0.0,,,,,,,,,,,,,,,,,,,,
984.0,153300203.0,0.987002,-0.00992,-0.012908,0.159881,0.020968,0.010862,0.152099,0.0,,,,,,,,,,,,,,,,,,,,
985.0,153316870.0,0.987002,-0.009919,-0.012909,0.159882,0.021141,0.015885,0.142112,0.0,,,,,,,,,,,,,,,,,,,,
986.0,153333537.0,0.987001,-0.0099,-0.012918,0.15989,0.010174,0.02162,0.144066,0.0,,,,,,,,,,,,,,,,,,,,
987.0,153350204.0,0.987,-0.009911,-0.012932,0.159896,0.009109,0.019286,0.158442,0.0,,,,,,,,,,,,,,,,,,,,
988.0,153366871.0,0.986999,-0.009912,-0.012921,0.159899,0.018047,0.031968,0.155408,0.0,,,,,,,,,,,,,,,,,,,,
989.0,153383538.0,0.986998,-0.009903,-0.012931,0.159904,0.01616,0.041845,0.126361,0.0,,,,,,,,,,,,,,,,,,,,
990.0,153400205.0,0.986998,-0.009901,-0.012939,0.159908,0.003874,0.044554,0.15805,0.0,,,,,,,,,,,,,,,,,,,,
991.0,153416872.0,0.986998,-0.009897,-0.012938,0.159907,0.008719,0.027361,0.154818,0.0,,,,,,,,,,,,,,,,,,,,
992.0,153433539.0,0.986999,-0.009897,-0.012939,0.159897,0.02544,0.019348,0.147892,0.0,,,,,,,,,,,,,,,,,,,,
993.0,153450206.0,0.986999,-0.009896,-0.012945,0.159898,0.017683,0.010672,0.167675,0.0,,,,,,,,,,,,,,,,,,,,
994.0,153466873.0,0.986999,-0.009894,-0.012954,0.159898,0.018738,0.003653,0.148438,0.0,,,,,,,,,,,,,,,,,,,,
995.0,153483540.0,0.986998,-0.009899,-0.012951,0.159903,0.011954,0.000801,0.145034,0.0,,,,,,,,,,,,,,,,,,,,
996.0,153500207.0,0.986998,-0.009909,-0.012956,0.159901,0.013867,0.011312,0.141937,0.0,,,,,,,,,,,,,,,,,,,,
997.0,153516874.0,0.986998,-0.009902,-0.012948,0.159903,0.011413,0.022694,0.149237,0.0,,,,,,,,,,,,,,,,,,,,
998.0,153533541.0,0.986998,-0.009904,-0.012954,0.159901,0.006625,0.024475,0.162823,0.0,,,,,,,,,,,,,,,,,,,,
999.0,153550208.0,0.986998,-0.009899,-0.01295,0.159902,0.018434,0.025046,0.151124,0.0,,,,,,,,,,,,,,,,,,,,
1000.0,153566875.0,0.986996,-0.009891,-0.012948,0.159916,0.019952,0.031285,0.128304,0.0,,,,,,,,,,,,,,,,,,,,
1001.0,153583542.0,0.986997,-0.009895,-0.012951,0.159911,0.008724,0.021668,0.144284,0.0,,,,,,,,,,,,,,,,,,,,
1002.0,153600209.0,0.986998,-0.0099,-0.012954,0.159904,0.018865,0.007815,0.169159,0.0,,,,,,,,,,,,,,,,,,,,
1003.0,153616876.0,0.986998,-0.009901,-0.012959,0.159904,0.021337,0.017322,0.148895,0.0,,,,,,,,,,,,,,,,,,,,
1004.0,153633543.0,0.986998,-0.009909,-0.012965,0.159903,0.014692,0.001002,0.141388,0.0,,,,,,,,,,,,,,,,,,,,
1005.0,153650210.0,0.986998,-0.009918,-0.01296,0.1599,0.018003,-3.8e-05,0.154186,0.0,,,,,,,,,,,,,,,,,,,,
1006.0,153666877.0,0.986996,-0.00992,-0.01296,0.159915,0.001935,0.00326,0.151269,0.0,,,,,,,,,,,,,,,,,,,,
1007.0,153683544.0,0.986996,-0.00992,-0.012961,0.159917,0.014725,0.034755,0.126338,0.0,,,,,,,,,,,,,,,,,,,,
1008.0,153700211.0,0.986993,-0.009918,-0.01296,0.159933,0.018543,0.029084,0.161514,0.0,,,,,,,,,,,,,,,,,,,,
1009.0,153716878.0,0.986993,-0.009919,-0.012955,0.15993,0.016529,0.016843,0.129013,0.0,,,,,,,,,,,,,,,,,,,,
1010.0,153733545.0,0.986996,-0.009916,-0.012947,0.159918,0.019712,0.024126,0.146607,0.0,,,,,,,,,,,,,,,,,,,,
1011.0,153750212.0,0.986997,-0.009925,-0.012949,0.159905,0.017032,0.012097,0.146804,0.0,,,,,,,,,,,,,,,,,,,,
1012.0,153766879.0,0.986999,-0.00992,-0.01294,0.159898,0.031229,0.019624,0.15898,0.0,,,,,,,,,,,,,,,,,,,,
1013.0,153783546.0,0.987,-0.00993,-0.012937,0.159892,0.025761,0.008367,0.132554,0.0,,,,,,,,,,,,,,,,,,,,
1014.0,153800213.0,0.987001,-0.009942,-0.012938,0.159887,0.015769,0.01795,0.153,0.0,,,,,,,,,,,,,,,,,,,,
1015.0,153816880.0,0.987001,-0.009958,-0.012947,0.159883,0.01716,0.012455,0.157166,0.0,,,,,,,,,,,,,,,,,,,,
1016.0,153833547.0,0.987002,-0.009955,-0.012956,0.159877,0.016491,0.036871,0.161859,0.0,,,,,,,,,,,,,,,,,,,,
1017.0,153850214.0,0.987002,-0.009972,-0.012958,0.159872,0.022617,0.027934,0.144473,0.0,,,,,,,,,,,,,,,,,,,,
1018.0,153866881.0,0.987002,-0.009972,-0.012956,0.159874,0.025458,0.037669,0.140022,0.0,,,,,,,,,,,,,,,,,,,,
1019.0,153883548.0,0.987002,-0.009974,-0.01296,0.159877,0.003604,0.041481,0.135655,0.0,,,,,,,,,,,,,,,,,,,,
1020.0,153900215.0,0.987001,-0.009972,-0.012948,0.159879,0.008965,0.002775,0.157365,0.0,,,,,,,,,,,,,,,,,,,,
1021.0,153916882.0,0.987,-0.00998,-0.012947,0.159884,0.015524,0.011666,0.173338,0.0,,,,,,,,,,,,,,,,,,,,
1022.0,153933549.0,0.987002,-0.009979,-0.012942,0.159873,0.005777,0.013158,0.146775,0.0,,,,,,,,,,,,,,,,,,,,
1023.0,153950216.0,0.987003,-0.009974,-0.012944,0.159872,0.016535,0.005082,0.159276,0.0,,,,,,,,,,,,,,,,,,,,
1024.0,153966883.0,0.987004,-0.009982,-0.012941,0.159866,0.023879,0.012629,0.14432,0.0,,,,,,,,,,,,,,,,,,,,
1025.0,153983550.0,0.987003,-0.00999,-0.012941,0.15987,0.005982,0.018289,0.143373,0.0,,,,,,,,,,,,,,,,,,,,
1026.0,154000217.0,0.987002,-0.009991,-0.012933,0.159872,0.01909,0.046237,0.15792,0.0,,,,,,,,,,,,,,,,,,,,
1027.0,154016884.0,0.987002,-0.009982,-0.01293,0.159873,0.03894,0.044093,0.146469,0.0,,,,,,,,,,,,,,,,,,,,
1028.0,154033551.0,0.987004,-0.009984,-0.012935,0.15986,0.038729,0.027588,0.139955,0.0,,,,,,,,,,,,,,,,,,,,
1029.0,154050218.0,0.987006,-0.009984,-0.012934,0.159854,0.017504,0.010813,0.153749,0.0,,,,,,,,,,,,,,,,,,,,
1030.0,154066885.0,0.987006,-0.00998,-0.012925,0.159854,0.027089,0.004775,0.135491,0.0,,,,,,,,,,,,,,,,,,,,
1031.0,154083552.0,0.987006,-0.009978,-0.012919,0.159854,0.021734,0.018092,0.15907,0.0,,,,,,,,,,,,,,,,,,,,
1032.0,154100219.0,0.987005,-0.00998,-0.012925,0.159858,0.018813,0.029315,0.149384,0.0,,,,,,,,,,,,,,,,,,,,
1033.0,154116886.0,0.987006,-0.009982,-0.012928,0.159853,0.005836,0.032704,0.164981,0.0,,,,,,,,,,,,,,,,,,,,
1034.0,154133553.0,0.987005,-0.009986,-0.012928,0.159854,0.007105,0.019266,0.158064,0.0,,,,,,,,,,,,,,,,,,,,
1035.0,154150220.0,0.987005,-0.009993,-0.012938,0.159855,-0.001204,0.029548,0.155146,0.0,,,,,,,,,,,,,,,,,,,,
1036.0,154166887.0,0.987006,-0.010005,-0.012934,0.159852,-0.00143,0.018999,0.164593,0.0,,,,,,,,,,,,,,,,,,,,
1037.0,154183554.0,0.987005,-0.009999,-0.012944,0.159853,0.010292,0.011958,0.137164,0.0,,,,,,,,,,,,,,,,,,,,
1038.0,154200221.0,0.987006,-0.010003,-0.012942,0.159848,0.012727,0.032142,0.142823,0.0,,,,,,,,,,,,,,,,,,,,
1039.0,154216888.0,0.987007,-0.010006,-0.012945,0.159842,0.024598,0.01149,0.141376,0.0,,,,,,,,,,,,,,,,,,,,
1040.0,154233555.0,0.987007,-0.010008,-0.01294,0.159844,0.048546,0.024594,0.159887,0.0,,,,,,,,,,,,,,,,,,,,
1041.0,154250222.0,0.987007,-0.010007,-0.012928,0.159846,0.038392,0.020761,0.116463,0.0,,,,,,,,,,,,,,,,,,,,
1042.0,154266889.0,0.987006,-0.010012,-0.012926,0.159853,0.035983,0.017916,0.169534,0.0,,,,,,,,,,,,,,,,,,,,
1043.0,154283556.0,0.987005,-0.010016,-0.012933,0.159855,0.021975,0.016059,0.154422,0.0,,,,,,,,,,,,,,,,,,,,
1044.0,154300223.0,0.987004,-0.01002,-0.012935,0.15986,0.027323,0.039109,0.161932,0.0,,,,,,,,,,,,,,,,,,,,
1045.0,154316890.0,0.987004,-0.010023,-0.012931,0.159864,0.015356,0.049808,0.164174,0.0,,,,,,,,,,,,,,,,,,,,
1046.0,154333557.0,0.987003,-0.010021,-0.012927,0.159865,3.3e-05,0.039038,0.131663,0.0,,,,,,,,,,,,,,,,,,,,
1047.0,154350224.0,0.987004,-0.010022,-0.012927,0.159863,0.002767,0.051346,0.137103,0.0,,,,,,,,,,,,,,,,,,,,
1048.0,154366891.0,0.987005,-0.010016,-0.012926,0.159855,-0.00159,0.027535,0.159068,0.0,,,,,,,,,,,,,,,,,,,,
1049.0,154383558.0,0.987005,-0.010019,-0.012926,0.159852,-0.008827,0.026902,0.133461,0.0,,,,,,,,,,,,,,,,,,,,
1050.0,154400225.0,0.987005,-0.010013,-0.012927,0.159854,-0.007597,0.003512,0.171316,0.0,,,,,,,,,,,,,,,,,,,,
1051.0,154416892.0,0.987005,-0.010019,-0.012942,0.159852,0.02299,0.011198,0.162697,0.0,,,,,,,,,,,,,,,,,,,,
1052.0,154433559.0,0.987005,-0.010028,-0.012938,0.159852,0.043431,0.012032,0.152975,0.0,,,,,,,,,,,,,,,,,,,,
1053.0,154450226.0,0.987004,-0.010022,-0.012941,0.159861,0.051249,0.035424,0.155661,0.0,,,,,,,,,,,,,,,,,,,,
1054.0,154466893.0,0.987004,-0.010011,-0.012947,0.15986,0.047594,0.027976,0.14101,0.0,,,,,,,,,,,,,,,,,,,,
1055.0,154483560.0,0.987005,-0.010003,-0.01296,0.159853,0.025074,0.040182,0.159693,0.0,,,,,,,,,,,,,,,,,,,,
1056.0,154500227.0,0.986998,-0.009942,-0.01296,0.159897,0.021769,0.030208,0.1662,0.0,,,,,,,,,,,,,,,,,,,,
1057.0,154516894.0,0.986999,-0.009943,-0.012951,0.159892,0.003563,0.008938,0.148141,0.0,,,,,,,,,,,,,,,,,,,,
1058.0,154533561.0,0.986999,-0.009938,-0.012942,0.159899,0.009392,0.012219,0.140162,0.0,,,,,,,,,,,,,,,,,,,,
1059.0,154550228.0,0.986999,-0.009943,-0.012944,0.159896,0.001,0.013167,0.156,0.0,,,,,,,,,,,,,,,,,,,,
1060.0,154566895.0,0.986998,-0.009939,-0.012941,0.159901,-0.006032,0.012505,0.150173,0.0,,,,,,,,,,,,,,,,,,,,
1061.0,154583562.0,0.986999,-0.009947,-0.012942,0.159896,-0.014884,0.012705,0.12902,0.0,,,,,,,,,,,,,,,,,,,,
1062.0,154600229.0,0.986999,-0.009955,-0.012947,0.159896,-0.008267,0.014713,0.143361,0.0,,,,,,,,,,,,,,,,,,,,
1063.0,154616896.0,0.987,-0.009954,-0.012951,0.15989,-0.004962,0.014797,0.155417,0.0,,,,,,,,,,,,,,,,,,,,
1064.0,154633563.0,0.987002,-0.00995,-0.012958,0.159876,0.022961,0.035822,0.145815,0.0,,,,,,,,,,,,,,,,,,,,
1065.0,154650230.0,0.987002,-0.009946,-0.012959,0.159877,0.049316,0.037836,0.154002,0.0,,,,,,,,,,,,,,,,,,,,
1066.0,154666897.0,0.987003,-0.009946,-0.012954,0.15987,0.044758,0.027054,0.13361,0.0,,,,,,,,,,,,,,,,,,,,
1067.0,154683564.0,0.987003,-0.009946,-0.012952,0.159871,0.043362,0.011323,0.148964,0.0,,,,,,,,,,,,,,,,,,,,
1068.0,154700231.0,0.987005,-0.009949,-0.012948,0.159859,0.035956,0.011086,0.161321,0.0,,,,,,,,,,,,,,,,,,,,
1069.0,154716898.0,0.987005,-0.009945,-0.01295,0.159858,0.01562,0.016072,0.1494,0.0,,,,,,,,,,,,,,,,,,,,
1070.0,154733565.0,0.987005,-0.009949,-0.012938,0.159856,0.006936,0.016112,0.152049,0.0,,,,,,,,,,,,,,,,,,,,
1071.0,154750232.0,0.987005,-0.009951,-0.012921,0.159857,0.000424,0.019755,0.14534,0.0,,,,,,,,,,,,,,,,,,,,
1072.0,154766899.0,0.987004,-0.00995,-0.012922,0.159864,0.004873,0.022326,0.156636,0.0,,,,,,,,,,,,,,,,,,,,
1073.0,154783566.0,0.987003,-0.009939,-0.012921,0.15987,-0.011686,0.031769,0.141659,0.0,,,,,,,,,,,,,,,,,,,,
1074.0,154800233.0,0.987003,-0.009941,-0.01292,0.159872,0.008623,0.025459,0.139818,0.0,,,,,,,,,,,,,,,,,,,,
1075.0,154816900.0,0.987002,-0.009935,-0.012912,0.159881,0.002948,0.030636,0.15105,0.0,,,,,,,,,,,,,,,,,,,,
1076.0,154833567.0,0.987002,-0.009937,-0.012909,0.159882,0.01492,0.018862,0.132222,0.0,,,,,,,,,,,,,,,,,,,,
1077.0,154850234.0,0.987001,-0.009934,-0.012916,0.159884,0.031312,0.008663,0.144762,0.0,,,,,,,,,,,,,,,,,,,,
1078.0,154866901.0,0.987003,-0.009928,-0.012903,0.159873,0.043486,0.019384,0.159593,0.0,,,,,,,,,,,,,,,,,,,,
1079.0,154883568.0,0.987003,-0.009929,-0.012904,0.159874,0.042567,0.011356,0.152706,0.0,,,,,,,,,,,,,,,,,,,,
1080.0,154900235.0,0.987003,-0.009937,-0.012916,0.159872,0.034469,0.023459,0.145739,0.0,,,,,,,,,,,,,,,,,,,,
1081.0,154916902.0,0.987002,-0.00995,-0.012904,0.159876,0.033161,0.014304,0.145978,0.0,,,,,,,,,,,,,,,,,,,,
1082.0,154933569.0,0.987002,-0.009952,-0.012895,0.159883,0.015467,0.024684,0.141427,0.0,,,,,,,,,,,,,,,,,,,,
1083.0,154950236.0,0.987003,-0.009949,-0.012894,0.159875,0.007629,0.020687,0.148089,0.0,,,,,,,,,,,,,,,,,,,,
1084.0,154966903.0,0.987002,-0.009953,-0.012902,0.159878,-0.007052,0.037739,0.145932,0.0,,,,,,,,,,,,,,,,,,,,
1085.0,154983570.0,0.987001,-0.009952,-0.012894,0.159885,-0.001066,0.02377,0.131721,0.0,,,,,,,,,,,,,,,,,,,,
1086.0,155000237.0,0.987001,-0.009956,-0.012898,0.159884,-0.009187,0.017928,0.142846,0.0,,,,,,,,,,,,,,,,,,,,
1087.0,155016904.0,0.987001,-0.00996,-0.012901,0.159884,-0.003767,-0.002162,0.166693,0.0,,,,,,,,,,,,,,,,,,,,
1088.0,155033571.0,0.987,-0.009958,-0.012903,0.159892,0.017898,0.009304,0.155595,0.0,,,,,,,,,,,,,,,,,,,,
1089.0,155050238.0,0.987001,-0.009954,-0.012911,0.159886,0.024743,0.020806,0.152641,0.0,,,,,,,,,,,,,,,,,,,,
1090.0,155066905.0,0.987001,-0.009958,-0.012912,0.159888,0.022402,0.014118,0.146937,0.0,,,,,,,,,,,,,,,,,,,,
1091.0,155083572.0,0.987001,-0.009957,-0.012915,0.159885,0.043701,0.034479,0.137081,0.0,,,,,,,,,,,,,,,,,,,,
1092.0,155100239.0,0.987002,-0.009947,-0.012913,0.159878,0.052315,0.02654,0.159798,0.0,,,,,,,,,,,,,,,,,,,,
1093.0,155116906.0,0.987003,-0.009954,-0.012917,0.159875,0.040166,0.02771,0.141634,0.0,,,,,,,,,,,,,,,,,,,,
1094.0,155133573.0,0.987002,-0.009955,-0.012908,0.159882,0.025571,0.034276,0.174345,0.0,,,,,,,,,,,,,,,,,,,,
1095.0,155150240.0,0.987001,-0.009953,-0.012911,0.159885,0.007102,0.016649,0.138176,0.0,,,,,,,,,,,,,,,,,,,,
1096.0,155166907.0,0.987003,-0.009944,-0.012911,0.159874,0.013064,0.011137,0.118196,0.0,,,,,,,,,,,,,,,,,,,,
1097.0,155183574.0,0.987003,-0.009944,-0.012916,0.159875,-0.002112,-0.002661,0.158505,0.0,,,,,,,,,,,,,,,,,,,,
1098.0,155200241.0,0.987002,-0.00995,-0.012922,0.159878,-0.005784,0.009309,0.167627,0.0,,,,,,,,,,,,,,,,,,,,
1099.0,155216908.0,0.987001,-0.009945,-0.012918,0.159883,-0.005347,0.003887,0.15959,0.0,,,,,,,,,,,,,,,,,,,,
1100.0,155233575.0,0.987003,-0.009951,-0.012907,0.159873,-0.000348,0.022385,0.143419,0.0,,,,,,,,,,,,,,,,,,,,
1101.0,155250242.0,0.987005,-0.009954,-0.012909,0.15986,0.005088,0.029818,0.189446,0.0,,,,,,,,,,,,,,,,,,,,
1102.0,155266909.0,0.987005,-0.009957,-0.012916,0.159861,0.030077,0.028019,0.159251,0.0,,,,,,,,,,,,,,,,,,,,
1103.0,155283576.0,0.987006,-0.009954,-0.012918,0.159855,0.036904,0.033086,0.151498,0.0,,,,,,,,,,,,,,,,,,,,
1104.0,155300243.0,0.987007,-0.00996,-0.012909,0.159848,0.044742,0.025072,0.152048,0.0,,,,,,,,,,,,,,,,,,,,
1105.0,155316910.0,0.987008,-0.009962,-0.012914,0.159839,0.03746,0.028981,0.124084,0.0,,,,,,,,,,,,,,,,,,,,
1106.0,155333577.0,0.987009,-0.009959,-0.012918,0.159837,0.017977,0.036704,0.166485,0.0,,,,,,,,,,,,,,,,,,,,
1107.0,155350244.0,0.987009,-0.009961,-0.012914,0.159837,0.008415,0.023296,0.155443,0.0,,,,,,,,,,,,,,,,,,,,
1108.0,155366911.0,0.987008,-0.009964,-0.012911,0.159842,0.013764,0.017953,0.159593,0.0,,,,,,,,,,,,,,,,,,,,
1109.0,155383578.0,0.987008,-0.009968,-0.012919,0.159839,0.001157,0.014258,0.142231,0.0,,,,,,,,,,,,,,,,,,,,
1110.0,155400245.0,0.987009,-0.009966,-0.012918,0.159834,-0.001415,0.013373,0.162633,0.0,,,,,,,,,,,,,,,,,,,,
1111.0,155416912.0,0.987009,-0.009967,-0.012927,0.159831,-0.010178,0.01806,0.135473,0.0,,,,,,,,,,,,,,,,,,,,
1112.0,155433579.0,0.987009,-0.009977,-0.012919,0.159837,-0.004313,0.022677,0.146904,0.0,,,,,,,,,,,,,,,,,,,,
1113.0,155450246.0,0.987009,-0.009975,-0.012914,0.159834,-0.00215,0.016222,0.150379,0.0,,,,,,,,,,,,,,,,,,,,
1114.0,155466913.0,0.987008,-0.009974,-0.012901,0.15984,0.012541,0.032683,0.159844,0.0,,,,,,,,,,,,,,,,,,,,
1115.0,155483580.0,0.987008,-0.009978,-0.012891,0.15984,0.003928,0.011891,0.117677,0.0,,,,,,,,,,,,,,,,,,,,
1116.0,155500247.0,0.987008,-0.009984,-0.012887,0.15984,0.028932,0.024552,0.157813,0.0,,,,,,,,,,,,,,,,,,,,
1117.0,155516914.0,0.987008,-0.009984,-0.012879,0.159843,0.032629,0.011347,0.14427,0.0,,,,,,,,,,,,,,,,,,,,
1118.0,155533581.0,0.98701,-0.009982,-0.012879,0.159829,0.028026,0.023132,0.160908,0.0,,,,,,,,,,,,,,,,,,,,
1119.0,155550248.0,0.987009,-0.009978,-0.012865,0.159836,0.048283,0.026402,0.138438,0.0,,,,,,,,,,,,,,,,,,,,
1120.0,155566915.0,0.987009,-0.009984,-0.012864,0.159837,0.034932,0.013942,0.154568,0.0,,,,,,,,,,,,,,,,,,,,
1121.0,155583582.0,0.987007,-0.009977,-0.012862,0.159847,0.036281,0.026736,0.166914,0.0,,,,,,,,,,,,,,,,,,,,
1122.0,155600249.0,0.987006,-0.009974,-0.012865,0.159854,0.023234,0.027277,0.147725,0.0,,,,,,,,,,,,,,,,,,,,
1123.0,155616916.0,0.987008,-0.009968,-0.012863,0.159848,-0.000233,0.028196,0.158561,0.0,,,,,,,,,,,,,,,,,,,,
1124.0,155633583.0,0.987009,-0.009967,-0.012868,0.159838,0.001055,0.035204,0.171533,0.0,,,,,,,,,,,,,,,,,,,,
1125.0,155650250.0,0.98701,-0.009968,-0.01286,0.159835,-0.014641,0.036291,0.138848,0.0,,,,,,,,,,,,,,,,,,,,
1126.0,155666917.0,0.987011,-0.009958,-0.012863,0.159829,0.00984,0.025641,0.131858,0.0,,,,,,,,,,,,,,,,,,,,
1127.0,155683584.0,0.98701,-0.009958,-0.012857,0.159833,0.01597,0.017553,0.156325,0.0,,,,,,,,,,,,,,,,,,,,
1128.0,155700251.0,0.987011,-0.009968,-0.012858,0.159825,0.027059,0.011639,0.162594,0.0,,,,,,,,,,,,,,,,,,,,
1129.0,155716918.0,0.98701,-0.009978,-0.01286,0.159833,0.019654,0.001847,0.151085,0.0,,,,,,,,,,,,,,,,,,,,
1130.0,155733585.0,0.987009,-0.009976,-0.012861,0.159837,0.045822,0.02445,0.158109,0.0,,,,,,,,,,,,,,,,,,,,
1131.0,155750252.0,0.987007,-0.009979,-0.012865,0.159851,0.041701,0.039471,0.155099,0.0,,,,,,,,,,,,,,,,,,,,
1132.0,155766919.0,0.987007,-0.009979,-0.012863,0.159851,0.022965,0.044145,0.144846,0.0,,,,,,,,,,,,,,,,,,,,
1133.0,155783586.0,0.987007,-0.009988,-0.012877,0.15985,0.028251,0.053023,0.16047,0.0,,,,,,,,,,,,,,,,,,,,
1134.0,155800253.0,0.987007,-0.009987,-0.012876,0.15985,0.016926,0.0391,0.138578,0.0,,,,,,,,,,,,,,,,,,,,
1135.0,155816920.0,0.987008,-0.009994,-0.012878,0.159842,0.003107,0.021839,0.125982,0.0,,,,,,,,,,,,,,,,,,,,
1136.0,155833587.0,0.987008,-0.009999,-0.012876,0.159842,-0.006949,0.011428,0.154446,0.0,,,,,,,,,,,,,,,,,,,,
1137.0,155850254.0,0.987009,-0.009994,-0.012878,0.159839,-0.001483,0.016666,0.135657,0.0,,,,,,,,,,,,,,,,,,,,
1138.0,155866921.0,0.987008,-0.00999,-0.012876,0.159842,0.001803,0.018759,0.150129,0.0,,,,,,,,,,,,,,,,,,,,
1139.0,155883588.0,0.987008,-0.009988,-0.012877,0.159841,0.002487,0.003988,0.164869,0.0,,,,,,,,,,,,,,,,,,,,
1140.0,155900255.0,0.987009,-0.009995,-0.012878,0.159838,0.016986,0.026895,0.129885,0.0,,,,,,,,,,,,,,,,,,,,
1141.0,155916922.0,0.987007,-0.009997,-0.012879,0.159847,0.034159,0.045364,0.141431,0.0,,,,,,,,,,,,,,,,,,,,
1142.0,155933589.0,0.987007,-0.009998,-0.012873,0.159847,0.031631,0.03248,0.148746,0.0,,,,,,,,,,,,,,,,,,,,
1143.0,155950256.0,0.987007,-0.009996,-0.012866,0.15985,0.031924,0.037984,0.154881,0.0,,,,,,,,,,,,,,,,,,,,
1144.0,155966923.0,0.987007,-0.009989,-0.012866,0.15985,0.03094,0.031994,0.159028,0.0,,,,,,,,,,,,,,,,,,,,
1145.0,155983590.0,0.987007,-0.009987,-0.012871,0.159847,0.040176,0.015324,0.155869,0.0,,,,,,,,,,,,,,,,,,,,
1146.0,156000257.0,0.987006,-0.009987,-0.012864,0.159858,0.035384,0.012819,0.12856,0.0,,,,,,,,,,,,,,,,,,,,
1147.0,156016924.0,0.987005,-0.009986,-0.012862,0.159864,0.026671,0.023398,0.153032,0.0,,,,,,,,,,,,,,,,,,,,
1148.0,156033591.0,0.987006,-0.009985,-0.012866,0.159859,0.019431,0.020498,0.151866,0.0,,,,,,,,,,,,,,,,,,,,
1149.0,156050258.0,0.987005,-0.00998,-0.012867,0.159861,0.00165,0.017049,0.114971,0.0,,,,,,,,,,,,,,,,,,,,
1150.0,156066925.0,0.987004,-0.009972,-0.012871,0.15987,0.011147,0.003226,0.174767,0.0,,,,,,,,,,,,,,,,,,,,
1151.0,156083592.0,0.987002,-0.009981,-0.012872,0.159878,0.001952,0.026368,0.125745,0.0,,,,,,,,,,,,,,,,,,,,
1152.0,156100259.0,0.987002,-0.009977,-0.012869,0.159881,-0.006475,0.04682,0.161051,0.0,,,,,,,,,,,,,,,,,,,,
1153.0,156116926.0,0.987003,-0.009982,-0.012865,0.159877,0.000199,0.05408,0.148367,0.0,,,,,,,,,,,,,,,,,,,,
1154.0,156133593.0,0.987002,-0.009983,-0.012871,0.159882,0.019137,0.028017,0.119169,0.0,,,,,,,,,,,,,,,,,,,,
1155.0,156150260.0,0.987001,-0.009984,-0.012878,0.159884,0.014877,0.018964,0.173515,0.0,,,,,,,,,,,,,,,,,,,,
1156.0,156166927.0,0.987001,-0.009989,-0.012881,0.159883,0.017761,-0.004177,0.138631,0.0,,,,,,,,,,,,,,,,,,,,
1157.0,156183594.0,0.987003,-0.009982,-0.012882,0.159876,0.021102,-0.00515,0.164141,0.0,,,,,,,,,,,,,,,,,,,,
1158.0,156200261.0,0.987001,-0.009983,-0.012886,0.159883,0.032738,0.002252,0.148979,0.0,,,,,,,,,,,,,,,,,,,,
1159.0,156216928.0,0.987001,-0.009983,-0.012887,0.159885,0.020889,0.018462,0.149784,0.0,,,,,,,,,,,,,,,,,,,,
1160.0,156233595.0,0.987001,-0.009982,-0.01288,0.159886,0.022334,0.016449,0.160724,0.0,,,,,,,,,,,,,,,,,,,,
1161.0,156250262.0,0.987002,-0.009982,-0.012882,0.159883,0.027113,0.03344,0.15712,0.0,,,,,,,,,,,,,,,,,,,,
1162.0,156266929.0,0.987002,-0.009988,-0.012876,0.159881,0.022054,0.043741,0.134318,0.0,,,,,,,,,,,,,,,,,,,,
1163.0,156283596.0,0.987002,-0.009986,-0.012886,0.159878,0.007342,0.046781,0.160898,0.0,,,,,,,,,,,,,,,,,,,,
1164.0,156300263.0,0.987002,-0.009984,-0.012878,0.159879,0.015084,0.014291,0.129928,0.0,,,,,,,,,,,,,,,,,,,,
1165.0,156316930.0,0.987003,-0.009982,-0.012867,0.159873,0.021102,0.002913,0.131128,0.0,,,,,,,,,,,,,,,,,,,,
1166.0,156333597.0,0.987004,-0.009981,-0.012858,0.159868,0.020514,-0.002906,0.134055,0.0,,,,,,,,,,,,,,,,,,,,
1167.0,156350264.0,0.987003,-0.009979,-0.01285,0.159875,0.032375,-0.0082,0.132255,0.0,,,,,,,,,,,,,,,,,,,,
1168.0,156366931.0,0.987004,-0.009985,-0.012847,0.159871,0.028458,0.007043,0.126964,0.0,,,,,,,,,,,,,,,,,,,,
1169.0,156383598.0,0.987002,-0.009992,-0.012843,0.159883,0.024788,0.026167,0.17171,0.0,,,,,,,,,,,,,,,,,,,,
1170.0,156400265.0,0.987003,-0.009987,-0.012841,0.159876,0.026213,0.026836,0.129475,0.0,,,,,,,,,,,,,,,,,,,,
1171.0,156416932.0,0.987004,-0.009981,-0.012851,0.159873,0.021474,0.050469,0.150919,0.0,,,,,,,,,,,,,,,,,,,,
1172.0,156433599.0,0.987004,-0.009977,-0.012845,0.159869,0.02109,0.041483,0.1541,0.0,,,,,,,,,,,,,,,,,,,,
1173.0,156450266.0,0.987006,-0.009971,-0.012839,0.159858,0.004685,0.013854,0.149844,0.0,,,,,,,,,,,,,,,,,,,,
1174.0,156466933.0,0.987006,-0.009967,-0.012846,0.159856,0.014049,0.014507,0.130442,0.0,,,,,,,,,,,,,,,,,,,,
1175.0,156483600.0,0.987007,-0.009954,-0.012856,0.159851,0.020355,-0.001891,0.144672,0.0,,,,,,,,,,,,,,,,,,,,
1176.0,156500267.0,0.987003,-0.009943,-0.012987,0.15987,0.020444,0.007667,0.132864,0.0,,,,,,,,,,,,,,,,,,,,
1177.0,156516934.0,0.987,-0.009935,-0.012994,0.159883,0.017411,-0.011192,0.144159,0.0,,,,,,,,,,,,,,,,,,,,
1178.0,156533601.0,0.987,-0.00993,-0.013006,0.159886,0.032408,0.011699,0.158243,0.0,,,,,,,,,,,,,,,,,,,,
1179.0,156550268.0,0.987,-0.009935,-0.013006,0.159883,0.016207,0.030492,0.155903,0.0,,,,,,,,,,,,,,,,,,,,
1180.0,156566935.0,0.987,-0.009936,-0.013002,0.159884,0.013136,0.042565,0.161346,0.0,,,,,,,,,,,,,,,,,,,,
1181.0,156583602.0,0.987001,-0.009942,-0.012996,0.159881,-0.003456,0.049806,0.138519,0.0,,,,,,,,,,,,,,,,,,,,
1182.0,156600269.0,0.987001,-0.009936,-0.012989,0.159877,0.008525,0.022867,0.166145,0.0,,,,,,,,,,,,,,,,,,,,
1183.0,156616936.0,0.987002,-0.009925,-0.012977,0.159877,0.015778,0.030444,0.140232,0.0,,,,,,,,,,,,,,,,,,,,
1184.0,156633603.0,0.987002,-0.009919,-0.012979,0.159879,0.013702,0.011414,0.133522,0.0,,,,,,,,,,,,,,,,,,,,
1185.0,156650270.0,0.987003,-0.009921,-0.012977,0.159872,0.022943,0.013655,0.163531,0.0,,,,,,,,,,,,,,,,,,,,
1186.0,156666937.0,0.987002,-0.009927,-0.012971,0.159873,0.025671,0.01176,0.146793,0.0,,,,,,,,,,,,,,,,,,,,
1187.0,156683604.0,0.987002,-0.009924,-0.012976,0.159877,0.013669,0.025831,0.133669,0.0,,,,,,,,,,,,,,,,,,,,
1188.0,156700271.0,0.987003,-0.009926,-0.012975,0.159867,0.022538,0.038914,0.160377,0.0,,,,,,,,,,,,,,,,,,,,
1189.0,156716938.0,0.987005,-0.009928,-0.012964,0.159859,0.016547,0.028204,0.1501,0.0,,,,,,,,,,,,,,,,,,,,
1190.0,156733605.0,0.987005,-0.00993,-0.012968,0.15986,0.006523,0.03922,0.150219,0.0,,,,,,,,,,,,,,,,,,,,
1191.0,156750272.0,0.987004,-0.009923,-0.012976,0.159863,0.001196,0.038638,0.158744,0.0,,,,,,,,,,,,,,,,,,,,
1192.0,156766939.0,0.987005,-0.009922,-0.012973,0.159858,0.018117,0.010631,0.144631,0.0,,,,,,,,,,,,,,,,,,,,
1193.0,156783606.0,0.987007,-0.009921,-0.012981,0.159846,0.019259,-0.010153,0.162232,0.0,,,,,,,,,,,,,,,,,,,,
1194.0,156800273.0,0.987006,-0.009917,-0.01298,0.159849,0.003244,-0.004282,0.159264,0.0,,,,,,,,,,,,,,,,,,,,
1195.0,156816940.0,0.987005,-0.009924,-0.012976,0.159857,0.014464,-0.000709,0.173089,0.0,,,,,,,,,,,,,,,,,,,,
1196.0,156833607.0,0.987005,-0.009924,-0.012965,0.159856,0.02024,0.008909,0.166021,0.0,,,,,,,,,,,,,,,,,,,,
1197.0,156850274.0,0.987004,-0.009925,-0.012974,0.159864,0.015876,0.043845,0.152838,0.0,,,,,,,,,,,,,,,,,,,,
1198.0,156866941.0,0.987005,-0.009922,-0.012976,0.159855,0.011992,0.02742,0.145578,0.0,,,,,,,,,,,,,,,,,,,,
1199.0,156883608.0,0.987004,-0.009922,-0.012982,0.159863,0.00939,0.0336,0.130341,0.0,,,,,,,,,,,,,,,,,,,,
1200.0,156900275.0,0.987004,-0.009924,-0.01298,0.159861,0.03286,0.039649,0.148932,0.0,,,,,,,,,,,,,,,,,,,,
1201.0,156916942.0,0.987004,-0.009924,-0.012988,0.159863,0.012011,0.015335,0.165373,0.0,,,,,,,,,,,,,,,,,,,,
1202.0,156933609.0,0.987005,-0.009925,-0.012986,0.159856,0.023037,-0.001874,0.147399,0.0,,,,,,,,,,,,,,,,,,,,
1203.0,156950276.0,0.987006,-0.009922,-0.012995,0.159849,0.022292,-0.01002,0.149898,0.0,,,,,,,,,,,,,,,,,,,,
1204.0,156966943.0,0.987008,-0.009924,-0.013005,0.159839,0.011997,-0.002452,0.153708,0.0,,,,,,,,,,,,,,,,,,,,
1205.0,156983610.0,0.987008,-0.00992,-0.012996,0.159839,0.016835,0.02484,0.147806,0.0,,,,,,,,,,,,,,,,,,,,
1206.0,157000277.0,0.987007,-0.009918,-0.013002,0.159843,0.02609,0.023526,0.153275,0.0,,,,,,,,,,,,,,,,,,,,
1207.0,157016944.0,0.987007,-0.00991,-0.013006,0.159844,0.007557,0.026128,0.157999,0.0,,,,,,,,,,,,,,,,,,,,
1208.0,157033611.0,0.987007,-0.009915,-0.013001,0.159842,0.011459,0.035636,0.157145,0.0,,,,,,,,,,,,,,,,,,,,
1209.0,157050278.0,0.987007,-0.009922,-0.013005,0.159845,0.008851,0.036381,0.168024,0.0,,,,,,,,,,,,,,,,,,,,
1210.0,157066945.0,0.987005,-0.009929,-0.013009,0.159851,0.021207,0.035898,0.144876,0.0,,,,,,,,,,,,,,,,,,,,
1211.0,157083612.0,0.987006,-0.009938,-0.013004,0.159847,0.018718,0.007297,0.13767,0.0,,,,,,,,,,,,,,,,,,,,
1212.0,157100279.0,0.987009,-0.009932,-0.013007,0.159831,0.018448,-0.000115,0.168331,0.0,,,,,,,,,,,,,,,,,,,,
1213.0,157116946.0,0.98701,-0.009933,-0.013002,0.159821,0.020562,0.002872,0.143795,0.0,,,,,,,,,,,,,,,,,,,,
1214.0,157133613.0,0.98701,-0.009933,-0.013002,0.159823,0.010949,0.010324,0.144934,0.0,,,,,,,,,,,,,,,,,,,,
1215.0,157150280.0,0.98701,-0.009942,-0.013006,0.159823,0.019072,0.02703,0.151512,0.0,,,,,,,,,,,,,,,,,,,,
1216.0,157166947.0,0.987011,-0.009939,-0.013,0.159816,0.033297,0.034463,0.137033,0.0,,,,,,,,,,,,,,,,,,,,
1217.0,157183614.0,0.987011,-0.009937,-0.012996,0.15982,0.006113,0.039407,0.144981,0.0,,,,,,,,,,,,,,,,,,,,
1218.0,157200281.0,0.98701,-0.009928,-0.012998,0.159823,0.009104,0.034134,0.153895,0.0,,,,,,,,,,,,,,,,,,,,
1219.0,157216948.0,0.987012,-0.009927,-0.012996,0.159813,0.020609,0.005878,0.133047,0.0,,,,,,,,,,,,,,,,,,,,
1220.0,157233615.0,0.987012,-0.009933,-0.013002,0.159809,0.006214,0.001742,0.156374,0.0,,,,,,,,,,,,,,,,,,,,
1221.0,157250282.0,0.987013,-0.00993,-0.013005,0.159802,0.017558,0.008902,0.129433,0.0,,,,,,,,,,,,,,,,,,,,
1222.0,157266949.0,0.987014,-0.009931,-0.013012,0.159799,0.010185,0.000983,0.145507,0.0,,,,,,,,,,,,,,,,,,,,
1223.0,157283616.0,0.987014,-0.009937,-0.01301,0.159799,0.009907,-0.000348,0.13437,0.0,,,,,,,,,,,,,,,,,,,,
1224.0,157300283.0,0.987015,-0.009934,-0.013005,0.15979,0.010056,0.010202,0.146679,0.0,,,,,,,,,,,,,,,,,,,,
1225.0,157316950.0,0.987015,-0.009936,-0.013002,0.15979,0.024806,0.024105,0.140301,0.0,,,,,,,,,,,,,,,,,,,,
1226.0,157333617.0,0.987015,-0.009933,-0.013002,0.159795,0.023469,0.039413,0.135613,0.0,,,,,,,,,,,,,,,,,,,,
1227.0,157350284.0,0.987014,-0.009932,-0.013007,0.1598,0.021266,0.049908,0.146365,0.0,,,,,,,,,,,,,,,,,,,,
1228.0,157366951.0,0.987013,-0.009922,-0.013015,0.159804,0.036586,0.025721,0.145056,0.0,,,,,,,,,,,,,,,,,,,,
1229.0,157383618.0,0.987013,-0.009928,-0.013013,0.159806,0.017796,0.008155,0.149319,0.0,,,,,,,,,,,,,,,,,,,,
1230.0,157400285.0,0.987013,-0.009923,-0.013017,0.159804,0.019268,0.005831,0.139961,0.0,,,,,,,,,,,,,,,,,,,,
1231.0,157416952.0,0.987013,-0.009922,-0.013028,0.159802,0.003449,0.008247,0.087409,0.0,,,,,,,,,,,,,,,,,,,,
1232.0,157433619.0,0.987012,-0.009908,-0.013025,0.159813,0.024218,0.027008,0.223432,0.0,,,,,,,,,,,,,,,,,,,,
1233.0,157450286.0,0.987012,-0.009914,-0.013032,0.15981,0.019107,0.021717,0.157006,0.0,,,,,,,,,,,,,,,,,,,,
1234.0,157466953.0,0.987013,-0.009921,-0.013029,0.159806,0.000927,0.023315,0.12436,0.0,,,,,,,,,,,,,,,,,,,,
1235.0,157483620.0,0.987013,-0.009923,-0.013026,0.159806,-0.004539,0.010569,0.172176,0.0,,,,,,,,,,,,,,,,,,,,
1236.0,157500287.0,0.987013,-0.009927,-0.013025,0.159805,-0.000804,0.010688,0.143764,0.0,,,,,,,,,,,,,,,,,,,,
1237.0,157516954.0,0.987011,-0.009928,-0.013019,0.159814,0.007926,0.022773,0.157685,0.0,,,,,,,,,,,,,,,,,,,,
1238.0,157533621.0,0.987011,-0.009934,-0.013024,0.159816,0.023266,0.054314,0.142827,0.0,,,,,,,,,,,,,,,,,,,,
1239.0,157550288.0,0.987011,-0.009932,-0.013037,0.159815,0.018492,0.045976,0.156616,0.0,,,,,,,,,,,,,,,,,,,,
1240.0,157566955.0,0.98701,-0.009933,-0.013034,0.159821,0.017562,0.03228,0.148507,0.0,,,,,,,,,,,,,,,,,,,,
1241.0,157583622.0,0.987009,-0.009936,-0.013026,0.159826,0.035505,0.01847,0.144166,0.0,,,,,,,,,,,,,,,,,,,,
1242.0,157600289.0,0.987009,-0.009938,-0.013019,0.159829,0.020057,0.01618,0.148852,0.0,,,,,,,,,,,,,,,,,,,,
1243.0,157616956.0,0.98701,-0.009932,-0.013017,0.159825,0.024313,0.006656,0.150712,0.0,,,,,,,,,,,,,,,,,,,,
1244.0,157633623.0,0.987011,-0.009932,-0.013022,0.159817,0.004125,-0.009813,0.137884,0.0,,,,,,,,,,,,,,,,,,,,
1245.0,157650290.0,0.987009,-0.009928,-0.013029,0.159825,0.007327,-0.004866,0.161724,0.0,,,,,,,,,,,,,,,,,,,,
1246.0,157666957.0,0.987009,-0.009932,-0.013022,0.15983,-0.005191,0.011632,0.149312,0.0,,,,,,,,,,,,,,,,,,,,
1247.0,157683624.0,0.987009,-0.00993,-0.013031,0.15983,-0.002467,0.025791,0.114899,0.0,,,,,,,,,,,,,,,,,,,,
1248.0,157700291.0,0.987008,-0.009927,-0.013031,0.159834,-0.014155,0.045733,0.148991,0.0,,,,,,,,,,,,,,,,,,,,
1249.0,157716958.0,0.98701,-0.00993,-0.013027,0.159824,-0.002245,0.045618,0.134517,0.0,,,,,,,,,,,,,,,,,,,,
1250.0,157733625.0,0.987009,-0.009931,-0.01303,0.159826,0.013006,0.040612,0.141188,0.0,,,,,,,,,,,,,,,,,,,,
1251.0,157750292.0,0.987011,-0.009924,-0.013026,0.159819,0.029398,0.019933,0.144739,0.0,,,,,,,,,,,,,,,,,,,,
1252.0,157766959.0,0.987012,-0.009924,-0.013031,0.159809,0.028285,0.001749,0.156961,0.0,,,,,,,,,,,,,,,,,,,,
1253.0,157783626.0,0.987012,-0.00992,-0.013033,0.15981,0.048889,-0.007738,0.130333,0.0,,,,,,,,,,,,,,,,,,,,
1254.0,157800293.0,0.987013,-0.009925,-0.01303,0.159803,0.041576,-0.009845,0.180249,0.0,,,,,,,,,,,,,,,,,,,,
1255.0,157816960.0,0.987013,-0.009927,-0.013042,0.159805,0.029751,0.017403,0.149183,0.0,,,,,,,,,,,,,,,,,,,,
1256.0,157833627.0,0.987011,-0.009932,-0.013031,0.159812,0.019073,0.03161,0.15084,0.0,,,,,,,,,,,,,,,,,,,,
1257.0,157850294.0,0.987012,-0.009936,-0.013039,0.159809,-0.003731,0.053033,0.134253,0.0,,,,,,,,,,,,,,,,,,,,
1258.0,157866961.0,0.987011,-0.009922,-0.013042,0.159814,-0.023485,0.058539,0.161754,0.0,,,,,,,,,,,,,,,,,,,,
1259.0,157883628.0,0.987012,-0.009922,-0.013041,0.159808,-0.009138,0.024858,0.163,0.0,,,,,,,,,,,,,,,,,,,,
1260.0,157900295.0,0.987013,-0.009918,-0.013045,0.159804,-0.005218,0.00672,0.146772,0.0,,,,,,,,,,,,,,,,,,,,
1261.0,157916962.0,0.987012,-0.009922,-0.013051,0.159809,0.02018,-0.018832,0.14311,0.0,,,,,,,,,,,,,,,,,,,,
1262.0,157933629.0,0.987014,-0.009918,-0.01305,0.159797,0.00177,-0.020041,0.143279,0.0,,,,,,,,,,,,,,,,,,,,
1263.0,157950296.0,0.987013,-0.009918,-0.013059,0.159799,0.030726,-0.0103,0.156248,0.0,,,,,,,,,,,,,,,,,,,,
1264.0,157966963.0,0.987015,-0.009914,-0.013057,0.159791,0.024326,0.006216,0.158211,0.0,,,,,,,,,,,,,,,,,,,,
1265.0,157983630.0,0.987015,-0.009923,-0.013057,0.159786,0.032575,0.031779,0.150161,0.0,,,,,,,,,,,,,,,,,,,,
1266.0,158000297.0,0.987015,-0.009921,-0.01306,0.159786,0.034363,0.049802,0.156497,0.0,,,,,,,,,,,,,,,,,,,,
1267.0,158016964.0,0.987015,-0.009913,-0.013053,0.159787,0.033651,0.044392,0.148915,0.0,,,,,,,,,,,,,,,,,,,,
1268.0,158033631.0,0.987017,-0.009905,-0.013041,0.159776,0.016203,0.04822,0.166815,0.0,,,,,,,,,,,,,,,,,,,,
1269.0,158050298.0,0.987018,-0.009904,-0.013053,0.159775,0.013947,0.040269,0.156237,0.0,,,,,,,,,,,,,,,,,,,,
1270.0,158066965.0,0.98702,-0.009905,-0.013036,0.159764,0.014917,0.013358,0.131291,0.0,,,,,,,,,,,,,,,,,,,,
1271.0,158083632.0,0.987019,-0.009907,-0.013031,0.159766,0.009304,-0.00954,0.164494,0.0,,,,,,,,,,,,,,,,,,,,
1272.0,158100299.0,0.98702,-0.009917,-0.013029,0.15976,0.019782,-0.016467,0.127331,0.0,,,,,,,,,,,,,,,,,,,,
1273.0,158116966.0,0.987021,-0.009928,-0.013027,0.159757,-0.003448,-0.008287,0.1675,0.0,,,,,,,,,,,,,,,,,,,,
1274.0,158133633.0,0.987019,-0.009918,-0.013019,0.159767,-0.002081,0.005498,0.161495,0.0,,,,,,,,,,,,,,,,,,,,
1275.0,158150300.0,0.98702,-0.009909,-0.013022,0.159762,0.020679,0.030833,0.11886,0.0,,,,,,,,,,,,,,,,,,,,
1276.0,158166967.0,0.98702,-0.009907,-0.013031,0.159759,0.026699,0.03878,0.172575,0.0,,,,,,,,,,,,,,,,,,,,
1277.0,158183634.0,0.987021,-0.009906,-0.013039,0.159753,0.017813,0.03814,0.124597,0.0,,,,,,,,,,,,,,,,,,,,
1278.0,158200301.0,0.987021,-0.009903,-0.013036,0.159758,0.028451,0.048436,0.134336,0.0,,,,,,,,,,,,,,,,,,,,
1279.0,158216968.0,0.987022,-0.009896,-0.013031,0.15975,0.034557,-0.000233,0.154086,0.0,,,,,,,,,,,,,,,,,,,,
1280.0,158233635.0,0.987023,-0.009895,-0.013029,0.159743,0.030027,0.002062,0.160578,0.0,,,,,,,,,,,,,,,,,,,,
1281.0,158250302.0,0.987022,-0.009899,-0.01302,0.159748,0.027146,-0.021573,0.158952,0.0,,,,,,,,,,,,,,,,,,,,
1282.0,158266969.0,0.987022,-0.009905,-0.013019,0.159748,0.017672,0.000103,0.154061,0.0,,,,,,,,,,,,,,,,,,,,
1283.0,158283636.0,0.987022,-0.00991,-0.013014,0.159749,0.013505,0.008853,0.165006,0.0,,,,,,,,,,,,,,,,,,,,
1284.0,158300303.0,0.987021,-0.009907,-0.013013,0.159756,0.010239,0.026717,0.141856,0.0,,,,,,,,,,,,,,,,,,,,
1285.0,158316970.0,0.98702,-0.009907,-0.013021,0.159759,-0.008782,0.040598,0.164605,0.0,,,,,,,,,,,,,,,,,,,,
1286.0,158333637.0,0.987021,-0.009906,-0.013012,0.159756,-0.011911,0.049979,0.145107,0.0,,,,,,,,,,,,,,,,,,,,
1287.0,158350304.0,0.987022,-0.009908,-0.013016,0.159751,-0.008755,0.047,0.153477,0.0,,,,,,,,,,,,,,,,,,,,
1288.0,158366971.0,0.987023,-0.009895,-0.013019,0.159742,0.013832,0.024473,0.133313,0.0,,,,,,,,,,,,,,,,,,,,
1289.0,158383638.0,0.987026,-0.009896,-0.013023,0.159728,0.007136,-0.006058,0.152297,0.0,,,,,,,,,,,,,,,,,,,,
1290.0,158400305.0,0.987026,-0.009882,-0.013029,0.159724,0.0237,-0.009618,0.129618,0.0,,,,,,,,,,,,,,,,,,,,
1291.0,158416972.0,0.987027,-0.009889,-0.013029,0.15972,0.042064,-0.003647,0.152531,0.0,,,,,,,,,,,,,,,,,,,,
1292.0,158433639.0,0.987027,-0.009895,-0.013015,0.15972,0.018809,-0.00011,0.139896,0.0,,,,,,,,,,,,,,,,,,,,
1293.0,158450306.0,0.987024,-0.009894,-0.013014,0.159737,0.026757,0.030381,0.149861,0.0,,,,,,,,,,,,,,,,,,,,
1294.0,158466973.0,0.987022,-0.009898,-0.013011,0.159749,0.012318,0.036524,0.133097,0.0,,,,,,,,,,,,,,,,,,,,
1295.0,158483640.0,0.987023,-0.00989,-0.013013,0.159748,0.02039,0.05238,0.134337,0.0,,,,,,,,,,,,,,,,,,,,
1296.0,158500307.0,0.987013,-0.009951,-0.01304,0.159802,0.003075,0.045352,0.148204,0.0,,,,,,,,,,,,,,,,,,,,
1297.0,158516974.0,0.987012,-0.009963,-0.013037,0.159805,0.001631,0.026676,0.144906,0.0,,,,,,,,,,,,,,,,,,,,
1298.0,158533641.0,0.987013,-0.009959,-0.013032,0.1598,0.009927,0.003138,0.146924,0.0,,,,,,,,,,,,,,,,,,,,
1299.0,158550308.0,0.987015,-0.009956,-0.013038,0.159789,0.017714,-0.002427,0.150143,0.0,,,,,,,,,,,,,,,,,,,,
1300.0,158566975.0,0.987015,-0.009949,-0.013036,0.159788,0.021772,-0.023426,0.154001,0.0,,,,,,,,,,,,,,,,,,,,
1301.0,158583642.0,0.987014,-0.009954,-0.013043,0.159795,0.036702,-0.015222,0.143785,0.0,,,,,,,,,,,,,,,,,,,,
1302.0,158600309.0,0.987013,-0.009954,-0.013044,0.159803,0.029592,0.010606,0.153331,0.0,,,,,,,,,,,,,,,,,,,,
1303.0,158616976.0,0.987012,-0.009961,-0.013041,0.159804,0.035269,0.042209,0.132589,0.0,,,,,,,,,,,,,,,,,,,,
1304.0,158633643.0,0.987013,-0.00996,-0.013042,0.159802,0.030925,0.055524,0.175287,0.0,,,,,,,,,,,,,,,,,,,,
1305.0,158650310.0,0.987013,-0.009952,-0.013036,0.159803,0.030294,0.052031,0.122107,0.0,,,,,,,,,,,,,,,,,,,,
1306.0,158666977.0,0.987014,-0.009957,-0.013034,0.159795,0.009511,0.030326,0.159584,0.0,,,,,,,,,,,,,,,,,,,,
1307.0,158683644.0,0.987015,-0.009954,-0.013044,0.159789,0.013258,0.027932,0.148022,0.0,,,,,,,,,,,,,,,,,,,,
1308.0,158700311.0,0.987015,-0.009951,-0.013037,0.159786,0.011877,0.002586,0.141436,0.0,,,,,,,,,,,,,,,,,,,,
1309.0,158716978.0,0.987015,-0.009959,-0.013027,0.159787,0.004638,-0.02063,0.145613,0.0,,,,,,,,,,,,,,,,,,,,
1310.0,158733645.0,0.987015,-0.009958,-0.013022,0.159787,-0.003691,0.003073,0.138096,0.0,,,,,,,,,,,,,,,,,,,,
1311.0,158750312.0,0.987016,-0.009964,-0.013015,0.159785,-0.006919,0.014232,0.145135,0.0,,,,,,,,,,,,,,,,,,,,
1312.0,158766979.0,0.987016,-0.009959,-0.013019,0.159783,0.00202,0.026322,0.145555,0.0,,,,,,,,,,,,,,,,,,,,
1313.0,158783646.0,0.987018,-0.009957,-0.013013,0.159773,0.009393,0.034425,0.124679,0.0,,,,,,,,,,,,,,,,,,,,
1314.0,158800313.0,0.987018,-0.009955,-0.013019,0.15977,0.016061,0.035609,0.185861,0.0,,,,,,,,,,,,,,,,,,,,
1315.0,158816980.0,0.987018,-0.009952,-0.013017,0.159769,0.026797,0.043997,0.154942,0.0,,,,,,,,,,,,,,,,,,,,
1316.0,158833647.0,0.987019,-0.009956,-0.013008,0.159768,0.028602,0.032652,0.158282,0.0,,,,,,,,,,,,,,,,,,,,
1317.0,158850314.0,0.987018,-0.009946,-0.01301,0.15977,0.033735,0.022854,0.15936,0.0,,,,,,,,,,,,,,,,,,,,
1318.0,158866981.0,0.987019,-0.009948,-0.013005,0.159769,0.048409,-0.011796,0.150273,0.0,,,,,,,,,,,,,,,,,,,,
1319.0,158883648.0,0.987019,-0.009952,-0.012999,0.15977,0.012051,-0.009784,0.135045,0.0,,,,,,,,,,,,,,,,,,,,
1320.0,158900315.0,0.987018,-0.009954,-0.012992,0.159773,0.025746,0.002754,0.130161,0.0,,,,,,,,,,,,,,,,,,,,
1321.0,158916982.0,0.987017,-0.009954,-0.012983,0.159781,0.020112,0.00159,0.143853,0.0,,,,,,,,,,,,,,,,,,,,
1322.0,158933649.0,0.987016,-0.009956,-0.012979,0.159788,-0.00692,0.03762,0.147347,0.0,,,,,,,,,,,,,,,,,,,,
1323.0,158950316.0,0.987017,-0.009943,-0.012984,0.159784,-0.006082,0.055895,0.145345,0.0,,,,,,,,,,,,,,,,,,,,
1324.0,158966983.0,0.987017,-0.009942,-0.012983,0.159782,-0.015131,0.057686,0.132034,0.0,,,,,,,,,,,,,,,,,,,,
1325.0,158983650.0,0.987017,-0.009942,-0.012989,0.159781,-0.001348,0.03309,0.147615,0.0,,,,,,,,,,,,,,,,,,,,
1326.0,159000317.0,0.987016,-0.009933,-0.012983,0.159788,0.00958,-0.002033,0.178326,0.0,,,,,,,,,,,,,,,,,,,,
1327.0,159016984.0,0.987016,-0.009934,-0.012978,0.15979,0.024508,-0.02362,0.170729,0.0,,,,,,,,,,,,,,,,,,,,
1328.0,159033651.0,0.987016,-0.009932,-0.012971,0.159793,0.030676,-0.013089,0.128225,0.0,,,,,,,,,,,,,,,,,,,,
1329.0,159050318.0,0.987016,-0.009927,-0.012958,0.15979,0.039143,-0.007022,0.13665,0.0,,,,,,,,,,,,,,,,,,,,
1330.0,159066985.0,0.987017,-0.009923,-0.01296,0.159785,0.034385,0.022387,0.177011,0.0,,,,,,,,,,,,,,,,,,,,
1331.0,159083652.0,0.987013,-0.009921,-0.012964,0.159807,0.028253,0.043523,0.147379,0.0,,,,,,,,,,,,,,,,,,,,
1332.0,159100319.0,0.987013,-0.009923,-0.01297,0.159806,0.010877,0.055635,0.161878,0.0,,,,,,,,,,,,,,,,,,,,
1333.0,159116986.0,0.987013,-0.009921,-0.012983,0.15981,0.00542,0.042088,0.145289,0.0,,,,,,,,,,,,,,,,,,,,
1334.0,159133653.0,0.987014,-0.009922,-0.012975,0.159803,-0.007207,0.02404,0.139107,0.0,,,,,,,,,,,,,,,,,,,,
1335.0,159150320.0,0.987015,-0.009916,-0.012975,0.159797,0.004952,0.003366,0.152156,0.0,,,,,,,,,,,,,,,,,,,,
1336.0,159166987.0,0.987014,-0.009919,-0.012992,0.159803,0.003476,-0.011273,0.147914,0.0,,,,,,,,,,,,,,,,,,,,
1337.0,159183654.0,0.987013,-0.00992,-0.012996,0.159805,0.000684,-0.01262,0.148582,0.0,,,,,,,,,,,,,,,,,,,,
1338.0,159200321.0,0.987013,-0.009919,-0.013,0.159803,0.014072,0.005836,0.14309,0.0,,,,,,,,,,,,,,,,,,,,
1339.0,159216988.0,0.987015,-0.009917,-0.013009,0.159796,0.012515,0.019385,0.14466,0.0,,,,,,,,,,,,,,,,,,,,
1340.0,159233655.0,0.987014,-0.009921,-0.013019,0.159797,0.019479,0.026305,0.167156,0.0,,,,,,,,,,,,,,,,,,,,
1341.0,159250322.0,0.987015,-0.009918,-0.013011,0.159794,0.0206,0.033576,0.149715,0.0,,,,,,,,,,,,,,,,,,,,
1342.0,159266989.0,0.987015,-0.009919,-0.013012,0.159793,0.026238,0.042443,0.140844,0.0,,,,,,,,,,,,,,,,,,,,
1343.0,159283656.0,0.987015,-0.009917,-0.012997,0.159791,0.031025,0.02809,0.148193,0.0,,,,,,,,,,,,,,,,,,,,
1344.0,159300323.0,0.987017,-0.009919,-0.012985,0.159782,0.031635,0.016554,0.15345,0.0,,,,,,,,,,,,,,,,,,,,
1345.0,159316990.0,0.987018,-0.009908,-0.012983,0.159779,0.016327,-0.009481,0.120219,0.0,,,,,,,,,,,,,,,,,,,,
1346.0,159333657.0,0.987019,-0.009904,-0.012977,0.159774,0.01291,-0.010789,0.139977,0.0,,,,,,,,,,,,,,,,,,,,
1347.0,159350324.0,0.987019,-0.009899,-0.012973,0.159772,0.002451,-0.004105,0.18144,0.0,,,,,,,,,,,,,,,,,,,,
1348.0,159366991.0,0.987019,-0.009895,-0.012975,0.159773,0.001314,0.00635,0.149754,0.0,,,,,,,,,,,,,,,,,,,,
1349.0,159383658.0,0.98702,-0.009898,-0.012972,0.159765,-0.010136,0.029936,0.153416,0.0,,,,,,,,,,,,,,,,,,,,
1350.0,159400325.0,0.98702,-0.009902,-0.012962,0.159765,-0.013603,0.016783,0.13898,0.0,,,,,,,,,,,,,,,,,,,,
1351.0,159416992.0,0.987021,-0.009904,-0.012966,0.159762,0.002952,0.04185,0.162225,0.0,,,,,,,,,,,,,,,,,,,,
1352.0,159433659.0,0.987021,-0.009903,-0.012968,0.159762,0.011079,0.031367,0.146409,0.0,,,,,,,,,,,,,,,,,,,,
1353.0,159450326.0,0.98702,-0.009898,-0.012971,0.15977,0.032892,0.0188,0.142212,0.0,,,,,,,,,,,,,,,,,,,,
1354.0,159466993.0,0.987018,-0.009897,-0.012979,0.159779,0.046795,-0.001477,0.13202,0.0,,,,,,,,,,,,,,,,,,,,
1355.0,159483660.0,0.987016,-0.009896,-0.012989,0.15979,0.042983,-0.019615,0.151149,0.0,,,,,,,,,,,,,,,,,,,,
1356.0,159500327.0,0.987016,-0.009896,-0.012988,0.159788,0.030415,-0.00209,0.152596,0.0,,,,,,,,,,,,,,,,,,,,
1357.0,159516994.0,0.987015,-0.009893,-0.012988,0.159796,0.035245,0.001989,0.154979,0.0,,,,,,,,,,,,,,,,,,,,
1358.0,159533661.0,0.987014,-0.009897,-0.012998,0.1598,0.002951,0.018093,0.168092,0.0,,,,,,,,,,,,,,,,,,,,
1359.0,159550328.0,0.987014,-0.009898,-0.012993,0.159803,0.008402,0.03718,0.156175,0.0,,,,,,,,,,,,,,,,,,,,
1360.0,159566995.0,0.986953,-0.009884,-0.012842,0.160192,0.110141,0.191497,0.128885,0.0,,,,,,,,,,,,,,,,,,,,
1361.0,159583662.0,0.985789,-0.009123,-0.011468,0.16735,-0.848085,0.512567,0.081618,0.0,,,,,,,,,,,,,,,,,,,,
1362.0,159600329.0,0.984903,-0.00899,-0.011203,0.172512,-0.228215,-0.570635,0.21279,0.0,,,,,,,,,,,,,,,,,,,,
1363.0,159616996.0,0.986509,-0.00871,-0.011307,0.163087,-2.430895,-0.390101,0.113988,0.0,,,,,,,,,,,,,,,,,,,,
1364.0,159633663.0,0.990436,-0.008033,-0.01172,0.137236,-3.307514,0.383965,0.055869,0.0,,,,,,,,,,,,,,,,,,,,
1365.0,159650330.0,0.996109,-0.007333,-0.011676,0.087043,-3.463237,-0.293016,0.056306,0.0,,,,,,,,,,,,,,,,,,,,
1366.0,159666997.0,0.999492,-0.006507,-0.012549,0.028569,0.424191,-0.298372,0.215868,0.0,,,,,,,,,,,,,,,,,,,,
1367.0,159683664.0,0.999217,-0.005672,-0.012847,-0.03699,1.626199,-0.136665,0.146684,0.0,,,,,,,,,,,,,,,,,,,,
1368.0,159700331.0,0.99448,-0.005278,-0.013843,-0.103874,2.291869,1.181696,0.30823,0.0,,,,,,,,,,,,,,,,,,,,
1369.0,159716998.0,0.986298,-0.004488,-0.016225,-0.164111,0.692489,0.142115,0.093796,0.0,,,,,,,,,,,,,,,,,,,,
1370.0,159733665.0,0.975692,-0.00343,-0.016627,-0.218488,0.690119,-0.554512,0.184108,0.0,,,,,,,,,,,,,,,,,,,,
1371.0,159750332.0,0.963567,-0.002443,-0.016903,-0.266923,0.710321,-0.426814,0.129643,0.0,,,,,,,,,,,,,,,,,,,,
1372.0,159766999.0,0.950904,-0.001643,-0.017046,-0.309012,0.441554,-0.007148,0.174623,0.0,,,,,,,,,,,,,,,,,,,,
1373.0,159783666.0,0.938505,-0.000923,-0.017235,-0.344833,0.198389,-0.036279,0.155575,0.0,,,,,,,,,,,,,,,,,,,,
1374.0,159800333.0,0.927007,-0.000344,-0.01728,-0.374645,0.21582,-0.114289,0.135187,0.0,,,,,,,,,,,,,,,,,,,,
1375.0,159817000.0,0.916859,0.000139,-0.017341,-0.398834,0.179843,-0.213491,0.165404,0.0,,,,,,,,,,,,,,,,,,,,
1376.0,159833667.0,0.908497,0.000567,-0.017456,-0.417527,0.158195,-0.269969,0.139213,0.0,,,,,,,,,,,,,,,,,,,,
1377.0,159850334.0,0.902307,0.000846,-0.01749,-0.430738,0.151905,-0.261846,0.157788,0.0,,,,,,,,,,,,,,,,,,,,
1378.0,159867001.0,0.898346,0.000951,-0.017465,-0.43894,0.118453,-0.267156,0.150708,0.0,,,,,,,,,,,,,,,,,,,,
1379.0,159883668.0,0.896796,0.001004,-0.017471,-0.442098,0.169974,-0.275578,0.167884,0.0,,,,,,,,,,,,,,,,,,,,
1380.0,159900335.0,0.896798,0.001017,-0.017461,-0.442095,-0.201157,-0.115053,0.120445,0.0,,,,,,,,,,,,,,,,,,,,
1381.0,159917002.0,0.896793,0.001018,-0.017466,-0.442104,-0.226812,-0.114724,0.14751,0.0,,,,,,,,,,,,,,,,,,,,
1382.0,159933669.0,0.896794,0.001023,-0.017466,-0.442103,-0.241782,-0.144574,0.142953,0.0,,,,,,,,,,,,,,,,,,,,
1383.0,159950336.0,0.896799,0.001021,-0.017462,-0.442092,-0.252063,-0.145494,0.143281,0.0,,,,,,,,,,,,,,,,,,,,
1384.0,159967003.0,0.896799,0.001021,-0.017463,-0.442092,-0.243723,-0.158984,0.135914,0.0,,,,,,,,,,,,,,,,,,,,
1385.0,159983670.0,0.896802,0.001018,-0.017461,-0.442087,-0.249538,-0.169026,0.136288,0.0,,,,,,,,,,,,,,,,,,,,
1386.0,160000337.0,0.896803,0.001025,-0.017471,-0.442085,-0.267671,-0.154561,0.144418,0.0,,,,,,,,,,,,,,,,,,,,
1387.0,160017004.0,0.896806,0.001033,-0.01748,-0.442078,-0.263386,-0.143908,0.149683,0.0,,,,,,,,,,,,,,,,,,,,
1388.0,160033671.0,0.896804,0.001035,-0.017489,-0.442081,-0.269516,-0.120097,0.142842,0.0,,,,,,,,,,,,,,,,,,,,
1389.0,160050338.0,0.896801,0.001041,-0.017495,-0.442086,-0.246918,-0.120261,0.161969,0.0,,,,,,,,,,,,,,,,,,,,
1390.0,160067005.0,0.896799,0.001044,-0.017491,-0.442091,-0.251177,-0.115782,0.140882,0.0,,,,,,,,,,,,,,,,,,,,
1391.0,160083672.0,0.896799,0.001046,-0.017492,-0.442091,-0.237924,-0.130662,0.123807,0.0,,,,,,,,,,,,,,,,,,,,
1392.0,160100339.0,0.896799,0.001047,-0.017493,-0.442092,-0.224854,-0.148486,0.14536,0.0,,,,,,,,,,,,,,,,,,,,
1393.0,160117006.0,0.896794,0.00102,-0.017465,-0.442103,-0.225677,-0.152646,0.133312,0.0,,,,,,,,,,,,,,,,,,,,
1394.0,160133673.0,0.898233,0.000874,-0.017271,-0.43918,3.505577,-2.104938,0.250677,0.0,,,,,,,,,,,,,,,,,,,,
1395.0,160150340.0,0.900811,0.001972,-0.018777,-0.4338,2.228459,-0.355844,0.283393,0.0,,,,,,,,,,,,,,,,,,,,
1396.0,160167007.0,0.901263,0.002409,-0.019927,-0.432807,-4.137618,1.70884,0.076949,0.0,,,,,,,,,,,,,,,,,,,,
1397.0,160183674.0,0.905545,0.002162,-0.02085,-0.423733,-0.386486,-0.21473,0.07958,0.0,,,,,,,,,,,,,,,,,,,,
1398.0,160200341.0,0.915295,0.001683,-0.019973,-0.402285,0.936842,-0.70383,0.038335,0.0,,,,,,,,,,,,,,,,,,,,
1399.0,160217008.0,0.928564,-0.000476,-0.01776,-0.370746,0.269474,0.206255,0.241245,0.0,,,,,,,,,,,,,,,,,,,,
1400.0,160233675.0,0.941259,-0.001829,-0.015974,-0.337303,0.543897,-0.443372,0.258004,0.0,,,,,,,,,,,,,,,,,,,,
1401.0,160250342.0,0.954474,-0.002315,-0.013929,-0.29796,3.205173,-1.305445,0.43902,0.0,,,,,,,,,,,,,,,,,,,,
1402.0,160267009.0,0.971161,-0.002318,-0.008349,-0.238267,4.00877,-0.218126,0.559167,0.0,,,,,,,,,,,,,,,,,,,,
1403.0,160283676.0,0.986127,-0.003974,-0.004409,-0.165886,0.222669,1.247924,-0.239797,0.0,,,,,,,,,,,,,,,,,,,,
1404.0,160300343.0,0.995296,-0.005962,-0.003089,-0.096646,-1.569642,0.909206,-0.05912,0.0,,,,,,,,,,,,,,,,,,,,
1405.0,160317010.0,0.999493,-0.007908,-0.002817,-0.030729,-1.6374,1.249486,0.034438,0.0,,,,,,,,,,,,,,,,,,,,
1406.0,160333677.0,0.999668,-0.009653,-0.001576,0.023832,-1.746899,-1.36344,0.16566,0.0,,,,,,,,,,,,,,,,,,,,
1407.0,160350344.0,0.997943,-0.01073,-0.001453,0.063193,-1.996662,-1.212428,0.066695,0.0,,,,,,,,,,,,,,,,,,,,
1408.0,160367011.0,0.996086,-0.011452,-0.000895,0.087642,-0.846816,-0.351257,0.133164,0.0,,,,,,,,,,,,,,,,,,,,
1409.0,160383678.0,0.99444,-0.011904,-0.000707,0.104625,-0.717406,0.160816,0.125214,0.0,,,,,,,,,,,,,,,,,,,,
1410.0,160400345.0,0.99353,-0.012001,-0.001316,0.112927,-1.755741,0.569163,-0.012243,0.0,,,,,,,,,,,,,,,,,,,,
1411.0,160417012.0,0.993586,-0.011787,-0.002615,0.112432,-1.334945,0.596687,0.132306,0.0,,,,,,,,,,,,,,,,,,,,
1412.0,160433679.0,0.992973,-0.011803,-0.003148,0.117706,0.101962,0.002498,0.072006,0.0,,,,,,,,,,,,,,,,,,,,
1413.0,160450346.0,0.991661,-0.011452,-0.008208,0.1281,-0.049895,0.536899,-0.4338,0.0,,,,,,,,,,,,,,,,,,,,
1414.0,160467013.0,0.990462,-0.010102,-0.0125,0.136848,-0.832945,-0.798927,0.81178,0.0,,,,,,,,,,,,,,,,,,,,
1415.0,160483680.0,0.989979,-0.009615,-0.013558,0.140237,-0.282209,-0.05168,0.148408,0.0,,,,,,,,,,,,,,,,,,,,
1416.0,160500347.0,0.989973,-0.009566,-0.013583,0.14028,-0.008895,0.009829,0.17008,0.0,,,,,,,,,,,,,,,,,,,,
1417.0,160517014.0,0.989973,-0.009571,-0.013584,0.140274,0.017031,0.040368,0.163639,0.0,,,,,,,,,,,,,,,,,,,,
1418.0,160533681.0,0.989977,-0.009589,-0.013593,0.140248,0.034081,0.046242,0.160037,0.0,,,,,,,,,,,,,,,,,,,,
1419.0,160550348.0,0.989979,-0.009655,-0.013559,0.140228,0.021956,0.024993,0.144797,0.0,,,,,,,,,,,,,,,,,,,,
1420.0,160567015.0,0.989979,-0.009646,-0.013557,0.140232,0.026911,-0.004105,0.148425,0.0,,,,,,,,,,,,,,,,,,,,
1421.0,160583682.0,0.98998,-0.009707,-0.013528,0.140223,0.009885,-0.017543,0.150992,0.0,,,,,,,,,,,,,,,,,,,,
1422.0,160600349.0,0.989997,-0.009734,-0.013492,0.140104,-0.02702,-0.034455,0.162323,0.0,,,,,,,,,,,,,,,,,,,,
1423.0,160617016.0,0.990142,-0.009655,-0.013521,0.139081,-0.017013,-0.050288,0.14948,0.0,,,,,,,,,,,,,,,,,,,,
1424.0,160633683.0,0.990326,-0.009631,-0.01353,0.137762,-0.141703,-0.144342,0.134416,0.0,,,,,,,,,,,,,,,,,,,,
1425.0,160650350.0,0.990439,-0.009733,-0.013421,0.136948,0.096451,0.128804,0.152523,0.0,,,,,,,,,,,,,,,,,,,,
1426.0,160667017.0,0.990507,-0.009803,-0.013319,0.136463,0.032039,0.060252,0.154637,0.0,,,,,,,,,,,,,,,,,,,,
1427.0,160683684.0,0.990547,-0.009821,-0.01323,0.136182,-0.010807,-0.087903,0.148421,0.0,,,,,,,,,,,,,,,,,,,,
1428.0,160700351.0,0.99071,-0.009798,-0.013175,0.134997,-0.007704,-0.080582,0.163866,0.0,,,,,,,,,,,,,,,,,,,,
1429.0,160717018.0,0.991059,-0.009725,-0.013198,0.132415,-0.038393,-0.458545,0.136974,0.0,,,,,,,,,,,,,,,,,,,,
1430.0,160733685.0,0.991409,-0.009831,-0.013117,0.129764,0.046979,0.30908,0.140563,0.0,,,,,,,,,,,,,,,,,,,,
1431.0,160750352.0,0.99162,-0.0099,-0.012714,0.128181,-0.03635,0.069537,0.167844,0.0,,,,,,,,,,,,,,,,,,,,
1432.0,160767019.0,0.991721,-0.009923,-0.012304,0.127432,0.120715,0.208257,0.139729,0.0,,,,,,,,,,,,,,,,,,,,
1433.0,160783686.0,0.991717,-0.009922,-0.012138,0.127484,0.129799,0.127906,0.146258,0.0,,,,,,,,,,,,,,,,,,,,
1434.0,160800353.0,0.991688,-0.00992,-0.012157,0.127704,-0.022306,0.034499,0.152514,0.0,,,,,,,,,,,,,,,,,,,,
1435.0,160817020.0,0.991675,-0.00992,-0.012418,0.127779,-0.035547,0.024243,0.158944,0.0,,,,,,,,,,,,,,,,,,,,
1436.0,160833687.0,0.991671,-0.009874,-0.012821,0.127776,-0.020069,-0.00796,0.140323,0.0,,,,,,,,,,,,,,,,,,,,
1437.0,160850354.0,0.991666,-0.009758,-0.013286,0.127774,0.005893,-0.009023,0.146061,0.0,,,,,,,,,,,,,,,,,,,,
1438.0,160867021.0,0.991664,-0.009706,-0.013463,0.127777,0.030441,0.00429,0.156126,0.0,,,,,,,,,,,,,,,,,,,,
1439.0,160883688.0,0.991658,-0.009733,-0.013432,0.127823,0.025423,0.010247,0.156613,0.0,,,,,,,,,,,,,,,,,,,,
1440.0,160900355.0,0.991575,-0.009751,-0.01343,0.128469,0.143588,0.147535,0.168016,0.0,,,,,,,,,,,,,,,,,,,,
1441.0,160917022.0,0.991469,-0.009717,-0.013484,0.129281,-0.025199,0.061899,0.133097,0.0,,,,,,,,,,,,,,,,,,,,
1442.0,160933689.0,0.991388,-0.00967,-0.013552,0.129892,0.035145,-0.087568,0.139459,0.0,,,,,,,,,,,,,,,,,,,,
1443.0,160950356.0,0.99133,-0.009503,-0.013676,0.130338,0.069998,0.060957,0.15469,0.0,,,,,,,,,,,,,,,,,,,,
1444.0,160967023.0,0.991289,-0.009456,-0.013677,0.13065,-0.068018,-0.080774,0.162551,0.0,,,,,,,,,,,,,,,,,,,,
1445.0,160983690.0,0.99121,-0.009603,-0.013545,0.131253,0.038288,0.030461,0.157042,0.0,,,,,,,,,,,,,,,,,,,,
1446.0,161000357.0,0.991077,-0.009694,-0.013461,0.132253,0.001795,-0.010245,0.130458,0.0,,,,,,,,,,,,,,,,,,,,
1447.0,161017024.0,0.990957,-0.009589,-0.013529,0.133154,-0.003352,-0.006849,0.137225,0.0,,,,,,,,,,,,,,,,,,,,
1448.0,161033691.0,0.990865,-0.009585,-0.013524,0.133839,-0.034218,-0.031564,0.182306,0.0,,,,,,,,,,,,,,,,,,,,
1449.0,161050358.0,0.990749,-0.009623,-0.013502,0.134688,0.059804,0.051894,0.167156,0.0,,,,,,,,,,,,,,,,,,,,
1450.0,161067025.0,0.990593,-0.00964,-0.013493,0.135836,-0.04182,-0.049279,0.144736,0.0,,,,,,,,,,,,,,,,,,,,
1451.0,161083692.0,0.990588,-0.009622,-0.013505,0.135873,-0.010944,-0.019893,0.146479,0.0,,,,,,,,,,,,,,,,,,,,
1452.0,161100359.0,0.99059,-0.009576,-0.013531,0.135857,0.000166,0.011168,0.14093,0.0,,,,,,,,,,,,,,,,,,,,
1453.0,161117026.0,0.990667,-0.009491,-0.013566,0.135295,-0.181109,-0.130927,0.163894,0.0,,,,,,,,,,,,,,,,,,,,
1454.0,161133693.0,0.99104,-0.009471,-0.013615,0.132532,-0.404099,-0.096737,0.132929,0.0,,,,,,,,,,,,,,,,,,,,
1455.0,161150360.0,0.990773,-0.009356,-0.013656,0.134517,4.062946,0.325679,0.257459,0.0,,,,,,,,,,,,,,,,,,,,
1456.0,161167027.0,0.990181,-0.009197,-0.013743,0.138812,-2.688366,0.00416,0.080027,0.0,,,,,,,,,,,,,,,,,,,,
1457.0,161183694.0,0.990014,-0.009339,-0.013723,0.139991,-0.663425,-0.017227,0.123319,0.0,,,,,,,,,,,,,,,,,,,,
1458.0,161200361.0,0.989933,-0.009365,-0.013708,0.140557,0.052392,0.049273,0.152468,0.0,,,,,,,,,,,,,,,,,,,,
1459.0,161217028.0,0.989845,-0.009342,-0.013689,0.141181,0.450031,0.020714,0.170169,0.0,,,,,,,,,,,,,,,,,,,,
1460.0,161233695.0,0.989758,-0.009283,-0.013738,0.141789,0.170601,-0.064463,0.160432,0.0,,,,,,,,,,,,,,,,,,,,
1461.0,161250362.0,0.989698,-0.009257,-0.013761,0.142209,-0.031371,0.049277,0.153422,0.0,,,,,,,,,,,,,,,,,,,,
1462.0,161267029.0,0.989677,-0.009261,-0.013898,0.142344,-0.070707,0.100003,0.145076,0.0,,,,,,,,,,,,,,,,,,,,
1463.0,161283696.0,0.989676,-0.009241,-0.014098,0.142332,-0.233959,0.021603,0.123922,0.0,,,,,,,,,,,,,,,,,,,,
1464.0,161300363.0,0.989626,-0.009218,-0.014127,0.142677,-0.273624,-0.080787,0.134328,0.0,,,,,,,,,,,,,,,,,,,,
1465.0,161317030.0,0.989674,-0.009225,-0.014354,0.142317,0.169614,0.159512,0.200974,0.0,,,,,,,,,,,,,,,,,,,,
1466.0,161333697.0,0.989791,-0.009199,-0.014943,0.141441,-0.086313,-0.015665,0.153044,0.0,,,,,,,,,,,,,,,,,,,,
1467.0,161350364.0,0.989954,-0.009144,-0.015528,0.140238,-0.033179,0.062696,0.134724,0.0,,,,,,,,,,,,,,,,,,,,
1468.0,161367031.0,0.99012,-0.009061,-0.015987,0.139012,0.015268,-0.001422,0.126343,0.0,,,,,,,,,,,,,,,,,,,,
1469.0,161383698.0,0.990328,-0.009041,-0.016141,0.137508,-0.031193,-0.053818,0.097991,0.0,,,,,,,,,,,,,,,,,,,,
1470.0,161400365.0,0.99058,-0.009025,-0.016108,0.135683,0.096703,-0.061659,0.143837,0.0,,,,,,,,,,,,,,,,,,,,
1471.0,161417032.0,0.990793,-0.008986,-0.016299,0.134098,0.063718,-0.103251,0.187611,0.0,,,,,,,,,,,,,,,,,,,,
1472.0,161433699.0,0.990926,-0.008988,-0.016593,0.133076,-0.075408,-0.047571,0.153279,0.0,,,,,,,,,,,,,,,,,,,,
1473.0,161450366.0,0.990998,-0.008981,-0.016775,0.132519,-0.060818,-0.011209,0.144825,0.0,,,,,,,,,,,,,,,,,,,,
1474.0,161467033.0,0.99107,-0.008945,-0.017372,0.131903,0.061667,-0.065203,0.305898,0.0,,,,,,,,,,,,,,,,,,,,
1475.0,161483700.0,0.991185,-0.008819,-0.019681,0.130721,0.248343,-0.113852,0.455048,0.0,,,,,,,,,,,,,,,,,,,,
1476.0,161500367.0,0.991247,-0.008544,-0.02391,0.129553,-0.069651,-0.158366,0.294388,0.0,,,,,,,,,,,,,,,,,,,,
1477.0,161517034.0,0.991251,-0.007944,-0.03083,0.128097,-0.021665,-0.03348,0.953343,0.0,,,,,,,,,,,,,,,,,,,,
1478.0,161533701.0,0.989699,-0.007216,-0.053816,0.132466,-0.571945,1.27808,2.03573,0.0,,,,,,,,,,,,,,,,,,,,
1479.0,161550368.0,0.986903,-0.004909,-0.083597,0.137879,0.363229,-0.441661,0.697714,0.0,,,,,,,,,,,,,,,,,,,,
1480.0,161567035.0,0.982288,-0.000409,-0.118619,0.145052,-0.316411,-0.371055,0.995903,0.0,,,,,,,,,,,,,,,,,,,,
1481.0,161583702.0,0.975125,0.004928,-0.162466,0.150705,-0.936707,-1.495366,0.973438,0.0,,,,,,,,,,,,,,,,,,,,
1482.0,161600369.0,0.965012,0.010425,-0.216365,0.147749,-1.63199,-0.80854,0.380242,0.0,,,,,,,,,,,,,,,,,,,,
1483.0,161617036.0,0.955814,0.011499,-0.261777,0.133265,-1.150923,0.329065,-1.595847,0.0,,,,,,,,,,,,,,,,,,,,
1484.0,161633703.0,0.946764,0.018326,-0.299321,0.117083,0.623718,-0.899851,-0.907339,0.0,,,,,,,,,,,,,,,,,,,,
1485.0,161650370.0,0.9342,0.026741,-0.341717,0.098916,-1.63166,-0.28706,1.449958,0.0,,,,,,,,,,,,,,,,,,,,
1486.0,161667037.0,0.917479,0.027151,-0.387884,0.08391,-0.307726,0.8585,-0.483274,0.0,,,,,,,,,,,,,,,,,,,,
1487.0,161683704.0,0.901586,0.026809,-0.424732,0.077633,0.475689,1.119149,-0.842047,0.0,,,,,,,,,,,,,,,,,,,,
1488.0,161700371.0,0.890697,0.026143,-0.447558,0.075281,1.779861,0.552105,-1.013572,0.0,,,,,,,,,,,,,,,,,,,,
1489.0,161717038.0,0.884665,0.026208,-0.458983,0.077562,1.015454,0.734294,-0.079634,0.0,,,,,,,,,,,,,,,,,,,,
1490.0,161733705.0,0.883414,0.024636,-0.460729,0.08187,1.574194,0.676468,-0.506709,0.0,,,,,,,,,,,,,,,,,,,,
1491.0,161750372.0,0.888965,0.022801,-0.44825,0.091072,1.529998,1.229351,-0.39301,0.0,,,,,,,,,,,,,,,,,,,,
1492.0,161767039.0,0.900921,0.022824,-0.420062,0.106624,1.611238,0.37713,-1.314151,0.0,,,,,,,,,,,,,,,,,,,,
1493.0,161783706.0,0.916416,0.02457,-0.380168,0.12268,1.091017,0.654494,-1.058,0.0,,,,,,,,,,,,,,,,,,,,
1494.0,161800373.0,0.933525,0.026552,-0.326452,0.145795,1.566045,1.678976,-1.478938,0.0,,,,,,,,,,,,,,,,,,,,
1495.0,161817040.0,0.947059,0.024795,-0.268527,0.174234,-0.516685,-0.056784,0.48314,0.0,,,,,,,,,,,,,,,,,,,,
1496.0,161833707.0,0.955362,0.021988,-0.218993,0.197086,-2.514561,-2.092436,0.271833,0.0,,,,,,,,,,,,,,,,,,,,
1497.0,161850374.0,0.963402,0.016008,-0.16824,0.208076,-1.937959,-1.153415,-0.761353,0.0,,,,,,,,,,,,,,,,,,,,
1498.0,161867041.0,0.970214,0.007169,-0.110953,0.215227,-2.134601,0.430665,-1.105427,0.0,,,,,,,,,,,,,,,,,,,,
1499.0,161883708.0,0.975527,-0.002053,-0.048711,0.214406,-2.129613,-2.095099,-0.394436,0.0,,,,,,,,,,,,,,,,,,,,
1500.0,161900375.0,0.978069,-0.012251,-0.008489,0.207749,0.946867,1.068832,8.17421,0.0,,,,,,,,,,,,,,,,,,,,
1501.0,161917042.0,0.976498,-0.015442,0.004683,0.21492,2.543376,-0.195016,0.606976,0.0,,,,,,,,,,,,,,,,,,,,
1502.0,161933709.0,0.976452,-0.016751,0.016862,0.21442,-0.509561,-0.059777,0.30251,0.0,,,,,,,,,,,,,,,,,,,,
1503.0,161950376.0,0.976795,-0.021422,0.03983,0.209347,0.602143,0.282812,1.315517,0.0,,,,,,,,,,,,,,,,,,,,
1504.0,161967043.0,0.975338,-0.027848,0.073723,0.206167,-1.87375,-0.384453,-0.241236,0.0,,,,,,,,,,,,,,,,,,,,
1505.0,161983710.0,0.975174,-0.031027,0.097355,0.196457,-0.908228,-0.563584,-0.524929,0.0,,,,,,,,,,,,,,,,,,,,
1506.0,162000377.0,0.974931,-0.034466,0.115958,0.186748,0.609507,-0.03827,0.258141,0.0,,,,,,,,,,,,,,,,,,,,
1507.0,162017044.0,0.972933,-0.038537,0.140814,0.17913,-0.151113,0.017568,0.387367,0.0,,,,,,,,,,,,,,,,,,,,
1508.0,162033711.0,0.969402,-0.043052,0.168838,0.172914,0.201115,-0.036675,-0.084922,0.0,,,,,,,,,,,,,,,,,,,,
1509.0,162050378.0,0.963271,-0.046246,0.202584,0.170091,0.749683,0.093802,0.339035,0.0,,,,,,,,,,,,,,,,,,,,
1510.0,162067045.0,0.9522,-0.047517,0.250251,0.168618,1.000032,-0.001793,-0.017925,0.0,,,,,,,,,,,,,,,,,,,,
1511.0,162083712.0,0.937954,-0.046086,0.298656,0.170066,0.303456,0.187829,-0.553506,0.0,,,,,,,,,,,,,,,,,,,,
1512.0,162100379.0,0.92759,-0.03918,0.329756,0.171178,0.482818,0.545754,-0.589533,0.0,,,,,,,,,,,,,,,,,,,,
1513.0,162117046.0,0.921666,-0.032999,0.345515,0.173386,0.964682,0.366604,-0.172406,0.0,,,,,,,,,,,,,,,,,,,,
1514.0,162133713.0,0.918146,-0.032215,0.353684,0.175718,-0.227423,0.146953,-0.053639,0.0,,,,,,,,,,,,,,,,,,,,
1515.0,162150380.0,0.915904,-0.03411,0.359077,0.176125,-0.13786,-0.210452,-0.000696,0.0,,,,,,,,,,,,,,,,,,,,
1516.0,162167047.0,0.914113,-0.041257,0.363123,0.175605,-0.634176,-0.273037,0.056938,0.0,,,,,,,,,,,,,,,,,,,,
1517.0,162183714.0,0.914369,-0.051265,0.361982,0.173981,-0.738627,-0.050767,-0.27171,0.0,,,,,,,,,,,,,,,,,,,,
1518.0,162200381.0,0.920238,-0.061498,0.346347,0.171533,-0.877302,0.350584,-0.318007,0.0,,,,,,,,,,,,,,,,,,,,
1519.0,162217048.0,0.931504,-0.067164,0.316004,0.167126,-0.894927,-0.08429,-0.419862,0.0,,,,,,,,,,,,,,,,,,,,
1520.0,162233715.0,0.943982,-0.067893,0.278358,0.163724,0.119051,-0.184206,-0.520383,0.0,,,,,,,,,,,,,,,,,,,,
1521.0,162250382.0,0.95643,-0.063248,0.234547,0.161953,-0.054288,-0.300109,-0.745596,0.0,,,,,,,,,,,,,,,,,,,,
1522.0,162267049.0,0.968268,-0.051816,0.182949,0.162179,-0.097335,-0.510155,-1.271461,0.0,,,,,,,,,,,,,,,,,,,,
1523.0,162283716.0,0.977447,-0.040023,0.124066,0.166141,0.63716,-0.255032,-0.090405,0.0,,,,,,,,,,,,,,,,,,,,
1524.0,162300383.0,0.982404,-0.026407,0.057162,0.175833,0.957976,-0.711677,-1.257902,0.0,,,,,,,,,,,,,,,,,,,,
1525.0,162317050.0,0.984622,-0.009487,-0.013437,0.173921,0.378633,-2.363878,4.92018,0.0,,,,,,,,,,,,,,,,,,,,
1526.0,162333717.0,0.986067,-0.00962,-0.013405,0.165527,0.239683,2.752234,0.068574,0.0,,,,,,,,,,,,,,,,,,,,
1527.0,162350384.0,0.985897,-0.009478,-0.013946,0.166502,-0.778507,1.173266,0.355352,0.0,,,,,,,,,,,,,,,,,,,,
1528.0,162367051.0,0.984804,-0.007268,-0.02898,0.171079,-0.634872,0.728751,3.167442,0.0,,,,,,,,,,,,,,,,,,,,
1529.0,162383718.0,0.981651,-0.002393,-0.064639,0.179382,-1.258281,-0.624548,2.256282,0.0,,,,,,,,,,,,,,,,,,,,
1530.0,162400385.0,0.97649,0.004582,-0.111254,0.184576,-1.524644,-0.818584,0.56942,0.0,,,,,,,,,,,,,,,,,,,,
1531.0,162417052.0,0.969883,0.011449,-0.159482,0.183743,0.387614,-1.236907,-0.419982,0.0,,,,,,,,,,,,,,,,,,,,
1532.0,162433719.0,0.964097,0.019486,-0.19817,0.175684,0.891984,0.483597,-1.64056,0.0,,,,,,,,,,,,,,,,,,,,
1533.0,162450386.0,0.958695,0.024309,-0.225586,0.171538,0.44702,0.805374,-0.910107,0.0,,,,,,,,,,,,,,,,,,,,
1534.0,162467053.0,0.954387,0.029001,-0.2446,0.168748,0.523542,-0.0335,-0.687387,0.0,,,,,,,,,,,,,,,,,,,,
1535.0,162483720.0,0.95236,0.031627,-0.25392,0.165934,0.618293,0.211395,-0.561106,0.0,,,,,,,,,,,,,,,,,,,,
1536.0,162500387.0,0.951466,0.032764,-0.258846,0.163213,0.140106,0.060539,-0.02967,0.0,,,,,,,,,,,,,,,,,,,,
1537.0,162517054.0,0.950944,0.03284,-0.262394,0.160549,-0.053048,0.200089,0.192282,0.0,,,,,,,,,,,,,,,,,,,,
1538.0,162533721.0,0.950592,0.032501,-0.264288,0.159592,0.048432,0.360105,-0.024599,0.0,,,,,,,,,,,,,,,,,,,,
1539.0,162550388.0,0.950896,0.031811,-0.263054,0.15996,0.418388,0.220881,-0.187553,0.0,,,,,,,,,,,,,,,,,,,,
1540.0,162567055.0,0.952943,0.029745,-0.254735,0.161634,0.613522,0.402665,-0.632649,0.0,,,,,,,,,,,,,,,,,,,,
1541.0,162583722.0,0.956776,0.025795,-0.238511,0.164402,0.447426,0.051853,-0.483977,0.0,,,,,,,,,,,,,,,,,,,,
1542.0,162600389.0,0.961438,0.021491,-0.216254,0.168552,0.155418,0.496265,-0.26339,0.0,,,,,,,,,,,,,,,,,,,,
1543.0,162617056.0,0.965638,0.018317,-0.192385,0.173772,-0.493532,-0.443606,0.076468,0.0,,,,,,,,,,,,,,,,,,,,
1544.0,162633723.0,0.969748,0.014176,-0.170259,0.174356,-0.574197,-0.645495,0.418132,0.0,,,,,,,,,,,,,,,,,,,,
1545.0,162650390.0,0.97302,0.011305,-0.152269,0.17297,-0.717838,-0.278579,0.661109,0.0,,,,,,,,,,,,,,,,,,,,
1546.0,162667057.0,0.975551,0.009136,-0.138385,0.170489,-0.080353,0.037544,0.587933,0.0,,,,,,,,,,,,,,,,,,,,
1547.0,162683724.0,0.977453,0.00753,-0.126414,0.168963,0.420738,0.237872,0.126441,0.0,,,,,,,,,,,,,,,,,,,,
1548.0,162700391.0,0.979226,0.005742,-0.112743,0.168442,0.058925,-0.168921,-0.056287,0.0,,,,,,,,,,,,,,,,,,,,
1549.0,162717058.0,0.98126,0.003607,-0.097707,0.166038,0.149902,0.040625,0.21668,0.0,,,,,,,,,,,,,,,,,,,,
1550.0,162733725.0,0.982625,0.001706,-0.083738,0.165629,-0.042563,-0.019032,0.288397,0.0,,,,,,,,,,,,,,,,,,,,
1551.0,162750392.0,0.983586,6.5e-05,-0.071139,0.165826,-0.141648,0.046934,0.37429,0.0,,,,,,,,,,,,,,,,,,,,
1552.0,162767059.0,0.984294,-0.001649,-0.060564,0.165815,-0.262005,-0.098876,0.43727,0.0,,,,,,,,,,,,,,,,,,,,
1553.0,162783726.0,0.984796,-0.003048,-0.052548,0.165549,-0.15165,0.039173,0.510781,0.0,,,,,,,,,,,,,,,,,,,,
1554.0,162800393.0,0.985021,-0.003741,-0.04826,0.165499,-0.080675,0.021472,0.571286,0.0,,,,,,,,,,,,,,,,,,,,
1555.0,162817060.0,0.985148,-0.004055,-0.046093,0.165356,0.071154,0.03089,0.25942,0.0,,,,,,,,,,,,,,,,,,,,
1556.0,162833727.0,0.985228,-0.004283,-0.04471,0.165254,-0.010408,0.24312,0.295971,0.0,,,,,,,,,,,,,,,,,,,,
1557.0,162850394.0,0.985073,-0.004483,-0.043786,0.166416,0.049736,0.153253,0.080452,0.0,,,,,,,,,,,,,,,,,,,,
1558.0,162867061.0,0.98485,-0.004818,-0.042004,0.168175,0.032319,0.15218,0.085922,0.0,,,,,,,,,,,,,,,,,,,,
1559.0,162883728.0,0.984604,-0.005169,-0.040154,0.170046,-0.038899,0.052107,0.220729,0.0,,,,,,,,,,,,,,,,,,,,
1560.0,162900395.0,0.984283,-0.00542,-0.038894,0.172174,-0.021565,0.021505,0.203953,0.0,,,,,,,,,,,,,,,,,,,,
1561.0,162917062.0,0.984023,-0.005717,-0.037369,0.173983,0.035816,-0.097641,0.087733,0.0,,,,,,,,,,,,,,,,,,,,
1562.0,162933729.0,0.983876,-0.006124,-0.035071,0.175273,0.093755,-0.030786,-0.007188,0.0,,,,,,,,,,,,,,,,,,,,
1563.0,162950396.0,0.983854,-0.006669,-0.031822,0.175997,-0.01381,-0.029608,0.135457,0.0,,,,,,,,,,,,,,,,,,,,
1564.0,162967063.0,0.983979,-0.006759,-0.029918,0.175626,-0.553278,0.562219,0.532706,0.0,,,,,,,,,,,,,,,,,,,,
1565.0,162983730.0,0.983701,-0.006612,-0.031493,0.176908,0.236325,-0.317211,0.536221,0.0,,,,,,,,,,,,,,,,,,,,
1566.0,163000397.0,0.983379,-0.005834,-0.036771,0.177706,-0.193198,0.187356,0.677641,0.0,,,,,,,,,,,,,,,,,,,,
1567.0,163017064.0,0.983068,-0.004619,-0.045274,0.177503,-0.131695,-0.373045,0.475634,0.0,,,,,,,,,,,,,,,,,,,,
1568.0,163033731.0,0.98263,-0.002709,-0.057959,0.176269,-0.026093,0.097448,0.887693,0.0,,,,,,,,,,,,,,,,,,,,
1569.0,163050398.0,0.981346,0.000303,-0.078117,0.175667,0.306825,-0.071787,1.311183,0.0,,,,,,,,,,,,,,,,,,,,
1570.0,163067065.0,0.978247,0.004365,-0.108658,0.176655,-0.133658,-0.515451,1.465196,0.0,,,,,,,,,,,,,,,,,,,,
1571.0,163083732.0,0.972751,0.009961,-0.149453,0.176974,-1.033262,-0.640984,1.044391,0.0,,,,,,,,,,,,,,,,,,,,
1572.0,163100399.0,0.965832,0.01817,-0.193543,0.171406,-1.207176,-0.962974,-0.893957,0.0,,,,,,,,,,,,,,,,,,,,
1573.0,163117066.0,0.958236,0.027116,-0.234516,0.161407,-0.181255,0.013236,0.036412,0.0,,,,,,,,,,,,,,,,,,,,
1574.0,163133733.0,0.94777,0.04243,-0.280963,0.144884,-1.072019,-3.106024,1.911455,0.0,,,,,,,,,,,,,,,,,,,,
1575.0,163150400.0,0.930288,0.05479,-0.339114,0.128701,-1.474726,1.840645,-0.005882,0.0,,,,,,,,,,,,,,,,,,,,
1576.0,163167067.0,0.911718,0.062578,-0.387731,0.120497,0.542392,0.221309,-3.369915,0.0,,,,,,,,,,,,,,,,,,,,
1577.0,163183734.0,0.891697,0.056801,-0.433873,0.115777,-1.442459,1.158952,1.584042,0.0,,,,,,,,,,,,,,,,,,,,
1578.0,163200401.0,0.879108,0.051659,-0.45914,0.117007,3.12628,1.012731,-1.810061,0.0,,,,,,,,,,,,,,,,,,,,
1579.0,163217068.0,0.875098,0.05461,-0.464945,0.12267,1.600315,0.715396,-0.646738,0.0,,,,,,,,,,,,,,,,,,,,
1580.0,163233735.0,0.872453,0.055617,-0.468624,0.126979,-0.148234,-0.031144,0.362695,0.0,,,,,,,,,,,,,,,,,,,,
1581.0,163250402.0,0.869408,0.056611,-0.473423,0.129597,0.008009,-0.043065,0.182895,0.0,,,,,,,,,,,,,,,,,,,,
1582.0,163267069.0,0.867519,0.056195,-0.476209,0.132205,0.341394,0.456202,0.113193,0.0,,,,,,,,,,,,,,,,,,,,
1583.0,163283736.0,0.869147,0.054538,-0.471332,0.139482,1.106747,0.912374,-0.31181,0.0,,,,,,,,,,,,,,,,,,,,
1584.0,163300403.0,0.87465,0.053225,-0.458004,0.149626,0.705513,0.117626,-0.226152,0.0,,,,,,,,,,,,,,,,,,,,
1585.0,163317070.0,0.882005,0.05055,-0.441077,0.157997,0.348073,0.040008,0.076044,0.0,,,,,,,,,,,,,,,,,,,,
1586.0,163333737.0,0.891203,0.048694,-0.41919,0.166333,0.629419,0.216759,-0.411201,0.0,,,,,,,,,,,,,,,,,,,,
1587.0,163350404.0,0.90181,0.047137,-0.391926,0.175816,1.104162,0.552638,-0.366091,0.0,,,,,,,,,,,,,,,,,,,,
1588.0,163367071.0,0.912754,0.045587,-0.358944,0.189635,0.671097,1.238095,-0.243923,0.0,,,,,,,,,,,,,,,,,,,,
1589.0,163383738.0,0.924009,0.040633,-0.319882,0.205505,-0.217229,-0.086808,-0.392862,0.0,,,,,,,,,,,,,,,,,,,,
1590.0,163400405.0,0.933175,0.035058,-0.282702,0.21917,-0.721015,-0.601054,-0.409629,0.0,,,,,,,,,,,,,,,,,,,,
1591.0,163417072.0,0.941903,0.031127,-0.241617,0.23124,-0.4484,0.286125,-0.116061,0.0,,,,,,,,,,,,,,,,,,,,
1592.0,163433739.0,0.949421,0.023492,-0.19664,0.24368,-1.370988,-0.456873,-0.040592,0.0,,,,,,,,,,,,,,,,,,,,
1593.0,163450406.0,0.957849,0.016783,-0.151418,0.243548,-1.325767,-1.459687,-0.569237,0.0,,,,,,,,,,,,,,,,,,,,
1594.0,163467073.0,0.964939,0.008816,-0.105286,0.240271,0.157951,0.058622,0.011598,0.0,,,,,,,,,,,,,,,,,,,,
1595.0,163483740.0,0.969613,0.000922,-0.060808,0.236965,0.17475,-0.623472,0.288689,0.0,,,,,,,,,,,,,,,,,,,,
1596.0,163500407.0,0.97149,-0.009748,-0.015508,0.236373,-0.198277,0.34833,0.718217,0.0,,,,,,,,,,,,,,,,,,,,
1597.0,163517074.0,0.97,-0.011855,-0.010555,0.242586,-0.485687,1.948369,5.024123,0.0,,,,,,,,,,,,,,,,,,,,
1598.0,163533741.0,0.966143,-0.012532,-0.009446,0.25753,0.539977,-0.489827,0.267161,0.0,,,,,,,,,,,,,,,,,,,,
1599.0,163550408.0,0.963332,-0.014195,-0.004643,0.267896,0.350824,-0.290854,0.685751,0.0,,,,,,,,,,,,,,,,,,,,
1600.0,163567075.0,0.962599,-0.017517,0.011835,0.270103,-0.85807,-0.960309,0.824953,0.0,,,,,,,,,,,,,,,,,,,,
1601.0,163583742.0,0.963596,-0.023212,0.03599,0.26391,-0.218529,0.054458,0.418917,0.0,,,,,,,,,,,,,,,,,,,,
1602.0,163600409.0,0.963385,-0.029615,0.064456,0.25857,0.63748,0.052118,0.396824,0.0,,,,,,,,,,,,,,,,,,,,
1603.0,163617076.0,0.960874,-0.03727,0.102034,0.254795,0.146316,-0.428475,0.590103,0.0,,,,,,,,,,,,,,,,,,,,
1604.0,163633743.0,0.956123,-0.047336,0.143364,0.251066,-0.19474,0.40366,-0.329456,0.0,,,,,,,,,,,,,,,,,,,,
1605.0,163650410.0,0.951616,-0.05313,0.171199,0.249592,-0.153135,0.058099,-0.868881,0.0,,,,,,,,,,,,,,,,,,,,
1606.0,163667077.0,0.949716,-0.056326,0.186007,0.245495,-0.613847,-0.023336,-0.243681,0.0,,,,,,,,,,,,,,,,,,,,
1607.0,163683744.0,0.946217,-0.058453,0.209194,0.239782,0.87437,0.42527,0.804566,0.0,,,,,,,,,,,,,,,,,,,,
1608.0,163700411.0,0.936341,-0.062559,0.25289,0.235371,-0.554835,-0.689483,0.144341,0.0,,,,,,,,,,,,,,,,,,,,
1609.0,163717078.0,0.92442,-0.063688,0.296076,0.231799,-0.203467,-0.185067,0.003821,0.0,,,,,,,,,,,,,,,,,,,,
1610.0,163733745.0,0.909157,-0.063877,0.341278,0.229965,0.560955,-0.215964,-0.39642,0.0,,,,,,,,,,,,,,,,,,,,
1611.0,163750412.0,0.891709,-0.061148,0.383579,0.232345,0.821219,0.078373,-0.365801,0.0,,,,,,,,,,,,,,,,,,,,
1612.0,163767079.0,0.877494,-0.059724,0.41319,0.236034,0.226409,0.316747,-0.386477,0.0,,,,,,,,,,,,,,,,,,,,
1613.0,163783746.0,0.86846,-0.060344,0.4304,0.23852,-0.562551,0.344117,-0.248792,0.0,,,,,,,,,,,,,,,,,,,,
1614.0,163800413.0,0.864824,-0.065446,0.437376,0.237693,-0.459485,0.18566,-0.168497,0.0,,,,,,,,,,,,,,,,,,,,
1615.0,163817080.0,0.865348,-0.07131,0.437295,0.234225,-0.729235,0.253505,-0.118868,0.0,,,,,,,,,,,,,,,,,,,,
1616.0,163833747.0,0.870518,-0.081343,0.428131,0.22866,-0.701651,0.108464,-0.202478,0.0,,,,,,,,,,,,,,,,,,,,
1617.0,163850414.0,0.88166,-0.092603,0.406813,0.220463,-0.955217,0.254275,-0.167204,0.0,,,,,,,,,,,,,,,,,,,,
1618.0,163867081.0,0.897864,-0.097535,0.373916,0.210982,-0.503015,-0.008513,-0.326347,0.0,,,,,,,,,,,,,,,,,,,,
1619.0,163883748.0,0.915487,-0.094263,0.334562,0.202649,0.246022,-0.119083,-0.517016,0.0,,,,,,,,,,,,,,,,,,,,
1620.0,163900415.0,0.932564,-0.087488,0.290225,0.196062,0.019593,-0.324415,-0.649054,0.0,,,,,,,,,,,,,,,,,,,,
1621.0,163917082.0,0.949683,-0.068783,0.241831,0.186786,-0.269599,-0.125993,-0.938883,0.0,,,,,,,,,,,,,,,,,,,,
1622.0,163933749.0,0.96551,-0.053914,0.177316,0.182875,0.181666,-0.443384,-1.253304,0.0,,,,,,,,,,,,,,,,,,,,
1623.0,163950416.0,0.977071,-0.037258,0.100427,0.184005,0.297209,-1.0289,-0.930814,0.0,,,,,,,,,,,,,,,,,,,,
1624.0,163967083.0,0.983261,-0.019497,0.021988,0.179817,-1.397809,-2.687199,0.129493,0.0,,,,,,,,,,,,,,,,,,,,
1625.0,163983750.0,0.984618,-0.009678,-0.013154,0.173954,2.723826,1.522265,4.971083,0.0,,,,,,,,,,,,,,,,,,,,
1626.0,164000417.0,0.985316,-0.009579,-0.013278,0.169952,0.201103,1.994171,0.098682,0.0,,,,,,,,,,,,,,,,,,,,
1627.0,164017084.0,0.9847,-0.009514,-0.013378,0.173481,-0.407901,-0.331193,0.152965,0.0,,,,,,,,,,,,,,,,,,,,
1628.0,164033751.0,0.984502,-0.009414,-0.013754,0.17458,-0.341858,-0.432828,0.21328,0.0,,,,,,,,,,,,,,,,,,,,
1629.0,164050418.0,0.984912,-0.008717,-0.017618,0.171936,-0.297519,-0.480448,0.910808,0.0,,,,,,,,,,,,,,,,,,,,
1630.0,164067085.0,0.985884,-0.007185,-0.025513,0.165319,0.248011,-0.305696,0.361391,0.0,,,,,,,,,,,,,,,,,,,,
1631.0,164083752.0,0.98679,-0.005774,-0.034728,0.158135,0.13345,0.117404,0.328586,0.0,,,,,,,,,,,,,,,,,,,,
1632.0,164100419.0,0.987417,-0.004514,-0.043669,0.151925,0.592481,0.423164,-0.125589,0.0,,,,,,,,,,,,,,,,,,,,
1633.0,164117086.0,0.987667,-0.003946,-0.04884,0.148707,0.292526,0.662037,-0.440684,0.0,,,,,,,,,,,,,,,,,,,,
1634.0,164133753.0,0.988133,-0.004293,-0.048128,0.145801,0.285498,-0.116767,-0.755342,0.0,,,,,,,,,,,,,,,,,,,,
1635.0,164150420.0,0.989246,-0.00577,-0.038798,0.140905,0.134636,-0.320162,-0.625929,0.0,,,,,,,,,,,,,,,,,,,,
1636.0,164167087.0,0.990363,-0.007025,-0.028821,0.135282,-0.153081,0.433842,0.761326,0.0,,,,,,,,,,,,,,,,,,,,
1637.0,164183754.0,0.990608,-0.007298,-0.027167,0.13381,-0.242223,1.090105,1.381337,0.0,,,,,,,,,,,,,,,,,,,,
1638.0,164200421.0,0.990808,-0.006819,-0.031432,0.131398,-0.19269,-0.496818,0.308515,0.0,,,,,,,,,,,,,,,,,,,,
1639.0,164217088.0,0.991366,-0.006555,-0.036423,0.125793,-0.364809,-0.690202,0.199483,0.0,,,,,,,,,,,,,,,,,,,,
1640.0,164233755.0,0.99162,-0.00653,-0.04259,0.121792,-0.481592,1.961112,0.462017,0.0,,,,,,,,,,,,,,,,,,,,
1641.0,164250422.0,0.991454,-0.00539,-0.052027,0.119513,0.018722,-0.027872,0.651982,0.0,,,,,,,,,,,,,,,,,,,,
1642.0,164267089.0,0.991172,-0.004518,-0.064,0.116023,0.476051,-0.359707,0.491911,0.0,,,,,,,,,,,,,,,,,,,,
1643.0,164283756.0,0.991046,-0.003993,-0.07512,0.11031,0.021714,-0.488687,-0.468583,0.0,,,,,,,,,,,,,,,,,,,,
1644.0,164300423.0,0.99122,-0.002716,-0.082505,0.10329,-0.441865,-0.011588,-0.231777,0.0,,,,,,,,,,,,,,,,,,,,
1645.0,164317090.0,0.991156,-0.002307,-0.088134,0.099179,-0.324838,0.601682,-0.19427,0.0,,,,,,,,,,,,,,,,,,,,
1646.0,164333757.0,0.991328,-0.003684,-0.088784,0.096817,0.18178,0.009266,-0.156815,0.0,,,,,,,,,,,,,,,,,,,,
1647.0,164350424.0,0.991472,-0.004917,-0.088246,0.095766,-0.013871,0.314194,0.06172,0.0,,,,,,,,,,,,,,,,,,,,
1648.0,164367091.0,0.991516,-0.005819,-0.087004,0.096399,-0.402891,0.315563,0.046494,0.0,,,,,,,,,,,,,,,,,,,,
1649.0,164383758.0,0.991869,-0.006802,-0.085556,0.09397,-1.196406,-0.278235,0.348265,0.0,,,,,,,,,,,,,,,,,,,,
1650.0,164400425.0,0.992405,-0.011763,-0.084598,0.088525,-0.811987,0.110569,0.205647,0.0,,,,,,,,,,,,,,,,,,,,
1651.0,164417092.0,0.992763,-0.014969,-0.083324,0.085169,-0.003136,0.966933,0.129447,0.0,,,,,,,,,,,,,,,,,,,,
1652.0,164433759.0,0.992955,-0.010983,-0.082504,0.08434,0.905351,-0.58383,-0.156366,0.0,,,,,,,,,,,,,,,,,,,,
1653.0,164450426.0,0.993747,-0.006535,-0.075924,0.081603,1.903319,-0.8072,0.593518,0.0,,,,,,,,,,,,,,,,,,,,
1654.0,164467093.0,0.994448,-0.004254,-0.068537,0.079741,0.051521,-0.362019,0.645127,0.0,,,,,,,,,,,,,,,,,,,,
1655.0,164483760.0,0.995184,0.002223,-0.056292,0.080217,-0.291214,-0.672763,1.301437,0.0,,,,,,,,,,,,,,,,,,,,
1656.0,164500427.0,0.995705,0.016617,-0.036444,0.083465,-0.452936,0.120247,2.856666,0.0,,,,,,,,,,,,,,,,,,,,
1657.0,164517094.0,0.994923,0.030351,-0.027203,0.092022,0.358359,1.553375,9.355961,0.0,,,,,,,,,,,,,,,,,,,,
1658.0,164533761.0,0.992976,0.052594,-0.025588,0.102849,-1.110113,1.477582,14.453884,0.0,,,,,,,,,,,,,,,,,,,,
1659.0,164550428.0,0.989717,0.087933,-0.017133,0.111505,-4.806617,0.722338,19.021315,0.0,,,,,,,,,,,,,,,,,,,,
1660.0,164567095.0,0.98479,0.128759,-0.004678,0.116569,-5.324076,-2.396184,19.530359,0.0,,,,,,,,,,,,,,,,,,,,
1661.0,164583762.0,0.977929,0.171451,0.006794,0.119219,-1.453129,-4.68824,14.220558,0.0,,,,,,,,,,,,,,,,,,,,
1662.0,164600429.0,0.97096,0.205424,0.014599,0.121755,0.594437,-4.458631,5.898098,0.0,,,,,,,,,,,,,,,,,,,,
1663.0,164617096.0,0.966214,0.222299,0.00998,0.130054,-0.024759,-2.712375,-2.645821,0.0,,,,,,,,,,,,,,,,,,,,
1664.0,164633763.0,0.96117,0.236832,2.7e-05,0.141644,-0.181341,-1.146059,-7.596293,0.0,,,,,,,,,,,,,,,,,,,,
1665.0,164650430.0,0.957054,0.244014,-0.012729,0.156022,0.150261,-0.282388,-12.043015,0.0,,,,,,,,,,,,,,,,,,,,
1666.0,164667097.0,0.955054,0.239331,-0.026369,0.172909,1.454759,1.49109,-15.775594,0.0,,,,,,,,,,,,,,,,,,,,
1667.0,164683764.0,0.954702,0.228881,-0.037234,0.18647,3.200598,2.329624,-18.31966,0.0,,,,,,,,,,,,,,,,,,,,
1668.0,164700431.0,0.956021,0.214791,-0.04288,0.195067,4.336428,3.874875,-20.402906,0.0,,,,,,,,,,,,,,,,,,,,
1669.0,164717098.0,0.959394,0.197067,-0.040891,0.197627,4.165697,5.838637,-24.114347,0.0,,,,,,,,,,,,,,,,,,,,
1670.0,164733765.0,0.961145,0.188317,-0.036913,0.198429,4.263989,5.408499,-25.030699,0.0,,,,,,,,,,,,,,,,,,,,
1671.0,164750432.0,0.963675,0.176428,-0.035038,0.197425,3.306807,2.747989,-19.954266,0.0,,,,,,,,,,,,,,,,,,,,
1672.0,164767099.0,0.965971,0.159683,-0.0352,0.200408,2.046203,0.448342,-15.31047,0.0,,,,,,,,,,,,,,,,,,,,
1673.0,164783766.0,0.967677,0.1432,-0.031802,0.205141,0.616106,-2.555974,-10.265406,0.0,,,,,,,,,,,,,,,,,,,,
1674.0,164800433.0,0.969646,0.126372,-0.028755,0.207342,-0.524785,-5.037421,-2.432663,0.0,,,,,,,,,,,,,,,,,,,,
1675.0,164817100.0,0.972564,0.1087,-0.029949,0.203487,1.899596,-4.813482,4.039471,0.0,,,,,,,,,,,,,,,,,,,,
1676.0,164833767.0,0.974667,0.091663,-0.038255,0.200398,3.420802,-3.711278,11.423174,0.0,,,,,,,,,,,,,,,,,,,,
1677.0,164850434.0,0.975501,0.077848,-0.048489,0.199967,1.851441,-1.965225,16.144361,0.0,,,,,,,,,,,,,,,,,,,,
1678.0,164867101.0,0.975711,0.068613,-0.052222,0.201376,0.343216,-0.118901,22.665337,0.0,,,,,,,,,,,,,,,,,,,,
1679.0,164883768.0,0.975284,0.065952,-0.057973,0.202757,-3.19521,3.222995,30.042576,0.0,,,,,,,,,,,,,,,,,,,,
1680.0,164900435.0,0.974334,0.074484,-0.066797,0.201653,-5.429351,6.422496,34.712456,0.0,,,,,,,,,,,,,,,,,,,,
1681.0,164917102.0,0.972685,0.097305,-0.075131,0.196904,-7.103701,5.506979,32.410862,0.0,,,,,,,,,,,,,,,,,,,,
1682.0,164933769.0,0.969773,0.13219,-0.08406,0.187085,-5.823521,0.245082,23.429363,0.0,,,,,,,,,,,,,,,,,,,,
1683.0,164950436.0,0.965322,0.169606,-0.093393,0.175118,-1.792935,-4.553033,11.945009,0.0,,,,,,,,,,,,,,,,,,,,
1684.0,164967103.0,0.95782,0.202511,-0.115318,0.168142,-1.784927,-4.720323,2.101655,0.0,,,,,,,,,,,,,,,,,,,,
1685.0,164983770.0,0.948339,0.226628,-0.14619,0.167096,-2.11808,-3.63284,-3.760117,0.0,,,,,,,,,,,,,,,,,,,,
1686.0,165000437.0,0.937756,0.243989,-0.179389,0.170009,-3.687694,-2.397331,-5.143066,0.0,,,,,,,,,,,,,,,,,,,,
1687.0,165017104.0,0.926699,0.258772,-0.20895,0.174946,-4.163413,-1.264095,-6.757395,0.0,,,,,,,,,,,,,,,,,,,,
1688.0,165033771.0,0.916461,0.27277,-0.229645,0.181547,-3.025306,-0.109188,-10.506809,0.0,,,,,,,,,,,,,,,,,,,,
1689.0,165050438.0,0.908937,0.284328,-0.239402,0.188884,0.302927,1.268755,-15.119242,0.0,,,,,,,,,,,,,,,,,,,,
1690.0,165067105.0,0.905377,0.290607,-0.236574,0.19968,3.815115,3.39907,-18.227787,0.0,,,,,,,,,,,,,,,,,,,,
1691.0,165083772.0,0.906059,0.288632,-0.226159,0.211189,7.086723,4.067838,-19.592876,0.0,,,,,,,,,,,,,,,,,,,,
1692.0,165100439.0,0.909499,0.278816,-0.215128,0.220894,9.070719,3.975303,-18.478794,0.0,,,,,,,,,,,,,,,,,,,,
1693.0,165117106.0,0.913475,0.263621,-0.208834,0.229032,8.326049,3.696043,-17.32341,0.0,,,,,,,,,,,,,,,,,,,,
1694.0,165133773.0,0.918522,0.245572,-0.201109,0.235727,5.223452,2.869832,-16.927446,0.0,,,,,,,,,,,,,,,,,,,,
1695.0,165150440.0,0.926302,0.225983,-0.185607,0.237585,2.182319,1.307237,-16.745264,0.0,,,,,,,,,,,,,,,,,,,,
1696.0,165167107.0,0.935414,0.204696,-0.166773,0.235134,1.907662,0.540764,-16.271507,0.0,,,,,,,,,,,,,,,,,,,,
1697.0,165183774.0,0.945066,0.180125,-0.144714,0.231223,1.512471,-1.02336,-13.894348,0.0,,,,,,,,,,,,,,,,,,,,
1698.0,165200441.0,0.953934,0.152463,-0.122685,0.227404,-0.538971,-3.010957,-10.815901,0.0,,,,,,,,,,,,,,,,,,,,
1699.0,165217108.0,0.962127,0.122873,-0.099975,0.221855,-2.98764,-4.247818,-5.403893,0.0,,,,,,,,,,,,,,,,,,,,
1700.0,165233775.0,0.968365,0.094547,-0.079875,0.216678,-4.20775,-3.685095,1.981448,0.0,,,,,,,,,,,,,,,,,,,,
1701.0,165250442.0,0.973059,0.069559,-0.060526,0.211315,-4.115603,-2.796183,8.715208,0.0,,,,,,,,,,,,,,,,,,,,
1702.0,165267109.0,0.976497,0.046807,-0.044148,0.205703,-0.979101,-3.388869,12.921824,0.0,,,,,,,,,,,,,,,,,,,,
1703.0,165283776.0,0.978546,0.026484,-0.035801,0.201159,-0.356195,-2.08423,19.036234,0.0,,,,,,,,,,,,,,,,,,,,
1704.0,165300443.0,0.979597,0.010983,-0.035614,0.197487,0.516017,1.729362,25.901867,0.0,,,,,,,,,,,,,,,,,,,,
1705.0,165317110.0,0.980122,0.006381,-0.036944,0.19482,-1.58058,5.174798,30.50256,0.0,,,,,,,,,,,,,,,,,,,,
1706.0,165333777.0,0.98105,0.013932,-0.035737,0.189923,-2.600585,5.616571,30.961132,0.0,,,,,,,,,,,,,,,,,,,,
1707.0,165350444.0,0.98184,0.032645,-0.035708,0.183437,-2.490944,3.785321,26.668678,0.0,,,,,,,,,,,,,,,,,,,,
1708.0,165367111.0,0.981848,0.059574,-0.037643,0.176092,-1.519704,-0.381442,19.596813,0.0,,,,,,,,,,,,,,,,,,,,
1709.0,165383778.0,0.980847,0.086266,-0.044108,0.168971,-1.236351,-3.259113,11.430605,0.0,,,,,,,,,,,,,,,,,,,,
1710.0,165400445.0,0.978308,0.110457,-0.057717,0.16547,-3.272489,-3.485412,4.899889,0.0,,,,,,,,,,,,,,,,,,,,
1711.0,165417112.0,0.974106,0.132901,-0.075686,0.166514,-4.648852,-3.233181,0.252838,0.0,,,,,,,,,,,,,,,,,,,,
1712.0,165433779.0,0.969025,0.153781,-0.093169,0.169295,-4.054128,-2.603964,-4.469637,0.0,,,,,,,,,,,,,,,,,,,,
1713.0,165450446.0,0.963457,0.173333,-0.108984,0.172714,-2.825537,-2.2056,-9.216751,0.0,,,,,,,,,,,,,,,,,,,,
1714.0,165467113.0,0.957527,0.190513,-0.122774,0.178252,-0.56397,-0.549539,-13.406598,0.0,,,,,,,,,,,,,,,,,,,,
1715.0,165483780.0,0.951867,0.204328,-0.133406,0.185478,1.139393,1.265872,-16.280592,0.0,,,,,,,,,,,,,,,,,,,,
1716.0,165500447.0,0.947214,0.214174,-0.13814,0.194504,3.571151,2.822346,-18.243637,0.0,,,,,,,,,,,,,,,,,,,,
1717.0,165517114.0,0.944713,0.217923,-0.136718,0.203313,6.637063,3.278717,-19.878572,0.0,,,,,,,,,,,,,,,,,,,,
1718.0,165533781.0,0.94423,0.214952,-0.134671,0.209977,7.801544,3.513464,-19.756588,0.0,,,,,,,,,,,,,,,,,,,,
1719.0,165550448.0,0.945644,0.206425,-0.131829,0.213934,6.994595,3.215676,-18.488333,0.0,,,,,,,,,,,,,,,,,,,,
1720.0,165567115.0,0.949217,0.194449,-0.1228,0.214702,4.89189,1.711249,-16.461716,0.0,,,,,,,,,,,,,,,,,,,,
1721.0,165583782.0,0.954481,0.180492,-0.10583,0.212575,3.489928,0.536614,-14.601432,0.0,,,,,,,,,,,,,,,,,,,,
1722.0,165600449.0,0.960283,0.164018,-0.086274,0.208595,3.035811,-0.893832,-11.745726,0.0,,,,,,,,,,,,,,,,,,,,
1723.0,165617116.0,0.965982,0.144126,-0.068888,0.203373,1.711105,-2.471199,-8.365725,0.0,,,,,,,,,,,,,,,,,,,,
1724.0,165633783.0,0.971053,0.122241,-0.055287,0.19763,-0.343215,-2.714029,-3.570208,0.0,,,,,,,,,,,,,,,,,,,,
1725.0,165650450.0,0.974963,0.101038,-0.045075,0.192891,-2.889923,-2.914154,0.231045,0.0,,,,,,,,,,,,,,,,,,,,
1726.0,165667117.0,0.978547,0.080782,-0.03459,0.186341,-3.906121,-2.445917,3.640856,0.0,,,,,,,,,,,,,,,,,,,,
1727.0,165683784.0,0.981095,0.063274,-0.024455,0.18125,-3.917953,-1.541676,8.725586,0.0,,,,,,,,,,,,,,,,,,,,
1728.0,165700451.0,0.982733,0.050385,-0.012982,0.177562,-3.634083,-0.09341,14.535942,0.0,,,,,,,,,,,,,,,,,,,,
1729.0,165717118.0,0.983699,0.042423,-0.00471,0.174681,-1.424178,0.850466,18.694246,0.0,,,,,,,,,,,,,,,,,,,,
1730.0,165733785.0,0.984375,0.037835,-0.002436,0.171957,-0.243759,1.673294,21.188173,0.0,,,,,,,,,,,,,,,,,,,,
1731.0,165750452.0,0.984282,0.037819,-0.006841,0.17237,-0.801442,2.391157,21.945045,0.0,,,,,,,,,,,,,,,,,,,,
1732.0,165767119.0,0.984052,0.044074,-0.010588,0.17201,-2.963136,2.649839,21.812769,0.0,,,,,,,,,,,,,,,,,,,,
1733.0,165783786.0,0.983432,0.058204,-0.012858,0.171197,-2.928908,2.242245,19.711851,0.0,,,,,,,,,,,,,,,,,,,,
1734.0,165800453.0,0.982392,0.079442,-0.012529,0.168638,-1.800727,-0.120182,15.612955,0.0,,,,,,,,,,,,,,,,,,,,
1735.0,165817120.0,0.981172,0.101663,-0.01204,0.163773,0.17586,-2.209333,9.812666,0.0,,,,,,,,,,,,,,,,,,,,
1736.0,165833787.0,0.97919,0.122452,-0.017959,0.160841,-0.089123,-2.679273,4.445073,0.0,,,,,,,,,,,,,,,,,,,,
1737.0,165850454.0,0.976387,0.141031,-0.030458,0.160781,-1.976844,-2.609323,0.798501,0.0,,,,,,,,,,,,,,,,,,,,
1738.0,165867121.0,0.972982,0.157537,-0.045539,0.162526,-2.453887,-1.98905,-1.959717,0.0,,,,,,,,,,,,,,,,,,,,
1739.0,165883788.0,0.968514,0.17408,-0.061588,0.166986,-2.536909,-1.217668,-3.98401,0.0,,,,,,,,,,,,,,,,,,,,
1740.0,165900455.0,0.963121,0.191771,-0.075297,0.173065,-2.494111,-0.834496,-6.41149,0.0,,,,,,,,,,,,,,,,,,,,
1741.0,165917122.0,0.957287,0.210646,-0.084428,0.179169,-1.537084,-0.634259,-9.087806,0.0,,,,,,,,,,,,,,,,,,,,
1742.0,165933789.0,0.95204,0.228637,-0.086746,0.183904,1.169644,-0.225062,-12.187833,0.0,,,,,,,,,,,,,,,,,,,,
1743.0,165950456.0,0.948367,0.240829,-0.08599,0.187635,6.329515,1.304636,-15.399385,0.0,,,,,,,,,,,,,,,,,,,,
1744.0,165967123.0,0.946279,0.244455,-0.092801,0.190226,8.679435,2.447661,-16.97261,0.0,,,,,,,,,,,,,,,,,,,,
1745.0,165983790.0,0.945837,0.240378,-0.105531,0.190984,6.961378,2.801674,-16.299,0.0,,,,,,,,,,,,,,,,,,,,
1746.0,166000457.0,0.947379,0.231928,-0.113493,0.189215,4.185427,2.865468,-14.676614,0.0,,,,,,,,,,,,,,,,,,,,
1747.0,166017124.0,0.950609,0.221708,-0.112889,0.185593,2.961685,2.035187,-13.26353,0.0,,,,,,,,,,,,,,,,,,,,
1748.0,166033791.0,0.955271,0.209715,-0.105622,0.17978,2.870474,0.862052,-12.177507,0.0,,,,,,,,,,,,,,,,,,,,
1749.0,166050458.0,0.960887,0.19431,-0.097661,0.171474,3.057248,-0.221285,-10.451679,0.0,,,,,,,,,,,,,,,,,,,,
1750.0,166067125.0,0.966758,0.173746,-0.092823,0.163018,2.942997,-2.050651,-8.283628,0.0,,,,,,,,,,,,,,,,,,,,
1751.0,166083792.0,0.972433,0.147636,-0.090882,0.155941,0.040683,-2.772837,-4.707263,0.0,,,,,,,,,,,,,,,,,,,,
1752.0,166100459.0,0.976496,0.118453,-0.096373,0.152108,-3.10832,-2.875091,-0.725316,0.0,,,,,,,,,,,,,,,,,,,,
1753.0,166117126.0,0.978873,0.090722,-0.102807,0.151686,-5.836009,-1.692527,3.806359,0.0,,,,,,,,,,,,,,,,,,,,
1754.0,166133793.0,0.980581,0.069443,-0.102346,0.152198,-7.358846,0.029798,7.94438,0.0,,,,,,,,,,,,,,,,,,,,
1755.0,166150460.0,0.982936,0.055946,-0.091445,0.149481,-4.956313,0.336422,10.47584,0.0,,,,,,,,,,,,,,,,,,,,
1756.0,166167127.0,0.984979,0.048677,-0.078206,0.146048,-2.192174,1.699103,10.280802,0.0,,,,,,,,,,,,,,,,,,,,
1757.0,166183794.0,0.986214,0.044977,-0.066527,0.144687,-1.062556,0.554124,8.41519,0.0,,,,,,,,,,,,,,,,,,,,
1758.0,166200461.0,0.987274,0.043842,-0.052698,0.143494,-2.359437,0.99161,7.687286,0.0,,,,,,,,,,,,,,,,,,,,
1759.0,166217128.0,0.988228,0.044764,-0.034313,0.14221,-1.383129,0.832329,6.798271,0.0,,,,,,,,,,,,,,,,,,,,
1760.0,166233795.0,0.989179,0.046225,-0.016086,0.138308,0.122634,-0.267707,4.87229,0.0,,,,,,,,,,,,,,,,,,,,
1761.0,166250462.0,0.989883,0.047527,-0.000542,0.133691,1.576705,0.35549,4.386024,0.0,,,,,,,,,,,,,,,,,,,,
1762.0,166267129.0,0.989768,0.053232,0.010886,0.131937,0.344926,0.802602,2.70343,0.0,,,,,,,,,,,,,,,,,,,,
1763.0,166283796.0,0.989458,0.058096,0.017826,0.131454,-0.183584,0.326417,2.022783,0.0,,,,,,,,,,,,,,,,,,,,
1764.0,166300463.0,0.989153,0.063419,0.027924,0.129516,0.008464,-0.114879,0.833059,0.0,,,,,,,,,,,,,,,,,,,,
1765.0,166317130.0,0.988782,0.069945,0.040591,0.125579,-0.273608,-0.216582,1.095525,0.0,,,,,,,,,,,,,,,,,,,,
1766.0,166333797.0,0.988531,0.075027,0.052244,0.1202,0.676376,-0.61777,0.755387,0.0,,,,,,,,,,,,,,,,,,,,
1767.0,166350464.0,0.988736,0.076132,0.060091,0.113989,1.001808,-0.772767,0.108662,0.0,,,,,,,,,,,,,,,,,,,,
1768.0,166367131.0,0.988691,0.079736,0.063705,0.109881,1.27555,0.055095,0.731908,0.0,,,,,,,,,,,,,,,,,,,,
1769.0,166383798.0,0.988601,0.08413,0.066758,0.105521,0.492452,-0.101393,0.779998,0.0,,,,,,,,,,,,,,,,,,,,
1770.0,166400465.0,0.987883,0.094281,0.068535,0.102474,0.749078,0.028621,0.581504,0.0,,,,,,,,,,,,,,,,,,,,
1771.0,166417132.0,0.98666,0.108573,0.070332,0.09883,-0.080591,-0.053799,0.233661,0.0,,,,,,,,,,,,,,,,,,,,
1772.0,166433799.0,0.982511,0.143556,0.075787,0.091219,-0.681838,0.194148,-1.567526,0.0,,,,,,,,,,,,,,,,,,,,
1773.0,166450466.0,0.972193,0.203704,0.082492,0.080875,0.403605,0.976722,-0.325688,0.0,,,,,,,,,,,,,,,,,,,,
1774.0,166467133.0,0.956588,0.268014,0.087951,0.073294,1.0474,0.351083,0.212729,0.0,,,,,,,,,,,,,,,,,,,,
1775.0,166483800.0,0.942318,0.31382,0.092115,0.071197,1.165371,0.155912,0.279431,0.0,,,,,,,,,,,,,,,,,,,,
1776.0,166500467.0,0.9288,0.350653,0.095183,0.07289,0.068192,0.125517,0.401633,0.0,,,,,,,,,,,,,,,,,,,,
1777.0,166517134.0,0.917302,0.379378,0.095392,0.07436,-0.527642,-0.130359,0.272088,0.0,,,,,,,,,,,,,,,,,,,,
1778.0,166533801.0,0.908613,0.399474,0.095654,0.075458,0.549142,-0.474323,0.035448,0.0,,,,,,,,,,,,,,,,,,,,
1779.0,166550468.0,0.903056,0.411448,0.095318,0.078204,0.01552,-0.774493,-0.972469,0.0,,,,,,,,,,,,,,,,,,,,
1780.0,166567135.0,0.899931,0.417965,0.093909,0.081309,0.18702,-0.845019,-1.421187,0.0,,,,,,,,,,,,,,,,,,,,
1781.0,166583802.0,0.899636,0.418776,0.090247,0.084489,0.094572,-1.098199,-1.225708,0.0,,,,,,,,,,,,,,,,,,,,
1782.0,166600469.0,0.902421,0.414323,0.082112,0.08503,-1.100467,-1.53835,-0.194504,0.0,,,,,,,,,,,,,,,,,,,,
1783.0,166617136.0,0.907809,0.405208,0.069339,0.082955,-0.663238,-0.593833,0.936423,0.0,,,,,,,,,,,,,,,,,,,,
1784.0,166633803.0,0.915531,0.389257,0.052865,0.086531,0.555088,1.047185,3.381945,0.0,,,,,,,,,,,,,,,,,,,,
1785.0,166650470.0,0.920648,0.377191,0.044179,0.090453,0.039449,0.249436,0.447062,0.0,,,,,,,,,,,,,,,,,,,,
1786.0,166667137.0,0.923312,0.370055,0.04642,0.091643,-1.505818,-0.282889,0.9153,0.0,,,,,,,,,,,,,,,,,,,,
1787.0,166683804.0,0.927985,0.35712,0.05005,0.093831,0.151919,-0.546202,1.213646,0.0,,,,,,,,,,,,,,,,,,,,
1788.0,166700471.0,0.93654,0.332503,0.054759,0.096621,0.450323,-0.139016,1.059381,0.0,,,,,,,,,,,,,,,,,,,,
1789.0,166717138.0,0.951836,0.284374,0.052558,0.101872,1.64545,-1.553454,4.509745,0.0,,,,,,,,,,,,,,,,,,,,
1790.0,166733805.0,0.968819,0.217457,0.044618,0.11005,0.566481,1.788265,-1.787216,0.0,,,,,,,,,,,,,,,,,,,,
1791.0,166750472.0,0.979297,0.161396,0.035241,0.116994,0.617891,1.023227,0.533643,0.0,,,,,,,,,,,,,,,,,,,,
1792.0,166767139.0,0.988301,0.088773,0.02549,0.121374,-0.283002,0.332728,0.284179,0.0,,,,,,,,,,,,,,,,,,,,
1793.0,166783806.0,0.9922,0.003047,0.016933,0.123467,-0.147866,0.881089,-3.659064,0.0,,,,,,,,,,,,,,,,,,,,
1794.0,166800473.0,0.991435,-0.044939,0.035365,0.117416,1.61342,-2.985311,-8.847368,0.0,,,,,,,,,,,,,,,,,,,,
1795.0,166817140.0,0.977523,-0.094669,0.160798,0.098134,15.225692,-11.391406,-17.974754,0.0,,,,,,,,,,,,,,,,,,,,
1796.0,166833807.0,0.978301,-0.124224,0.127726,0.105744,-14.246183,-1.13242,-5.975663,0.0,,,,,,,,,,,,,,,,,,,,
1797.0,166850474.0,0.975263,-0.137302,0.136245,0.106994,-2.236338,-1.185182,-1.423249,0.0,,,,,,,,,,,,,,,,,,,,
1798.0,166867141.0,0.971928,-0.157304,0.138616,0.106754,-4.539409,0.157422,-0.036146,0.0,,,,,,,,,,,,,,,,,,,,
1799.0,166883808.0,0.970393,-0.168269,0.138648,0.103924,-0.317191,1.368106,-0.446637,0.0,,,,,,,,,,,,,,,,,,,,
1800.0,166900475.0,0.969482,-0.175895,0.134203,0.105614,1.79879,0.945529,-0.455123,0.0,,,,,,,,,,,,,,,,,,,,
1801.0,166917142.0,0.96907,-0.182264,0.122133,0.11299,1.719397,1.211242,-0.458461,0.0,,,,,,,,,,,,,,,,,,,,
1802.0,166933809.0,0.969586,-0.183088,0.10245,0.126043,0.05283,0.135166,-1.004899,0.0,,,,,,,,,,,,,,,,,,,,
1803.0,166950476.0,0.971162,-0.176946,0.075425,0.140876,-1.791174,-0.972372,-0.363746,0.0,,,,,,,,,,,,,,,,,,,,
1804.0,166967143.0,0.973542,-0.165022,0.042345,0.152285,-1.94981,-1.427157,-1.458262,0.0,,,,,,,,,,,,,,,,,,,,
1805.0,166983810.0,0.976036,-0.147656,0.010988,0.159472,-0.051381,0.225352,2.706619,0.0,,,,,,,,,,,,,,,,,,,,
1806.0,167000477.0,0.975171,-0.146328,-0.006057,0.166113,1.576055,-0.672259,0.139245,0.0,,,,,,,,,,,,,,,,,,,,
1807.0,167017144.0,0.974862,-0.141748,-0.012611,0.171446,-0.212257,-0.13271,0.146842,0.0,,,,,,,,,,,,,,,,,,,,
1808.0,167033811.0,0.975347,-0.133089,-0.018969,0.175004,-0.086429,-0.45268,-0.463421,0.0,,,,,,,,,,,,,,,,,,,,
1809.0,167050478.0,0.976318,-0.118347,-0.021132,0.179863,-0.119704,-0.454243,-0.507256,0.0,,,,,,,,,,,,,,,,,,,,
1810.0,167067145.0,0.977736,-0.099933,-0.021026,0.183316,-0.753235,-0.179267,-0.154066,0.0,,,,,,,,,,,,,,,,,,,,
1811.0,167083812.0,0.979525,-0.076522,-0.018587,0.185281,0.020849,0.103371,-0.972306,0.0,,,,,,,,,,,,,,,,,,,,
1812.0,167100479.0,0.981019,-0.040378,-0.013442,0.189182,-0.189788,0.744753,-2.187865,0.0,,,,,,,,,,,,,,,,,,,,
1813.0,167117146.0,0.980837,-0.013334,-0.010773,0.194073,0.090937,0.738144,6.149486,0.0,,,,,,,,,,,,,,,,,,,,
1814.0,167133813.0,0.97971,-0.013447,-0.010814,0.199678,0.225287,0.173479,0.144596,0.0,,,,,,,,,,,,,,,,,,,,
1815.0,167150480.0,0.977706,-0.013353,-0.010868,0.209273,-0.705239,-0.285097,0.08937,0.0,,,,,,,,,,,,,,,,,,,,
1816.0,167167147.0,0.976306,-0.012576,-0.010917,0.215751,-0.578122,-0.109384,0.165538,0.0,,,,,,,,,,,,,,,,,,,,
1817.0,167183814.0,0.975718,-0.012383,-0.010941,0.218405,0.307188,0.040643,0.190381,0.0,,,,,,,,,,,,,,,,,,,,
1818.0,167200481.0,0.975478,-0.01222,-0.010974,0.219484,0.342032,0.010488,0.153785,0.0,,,,,,,,,,,,,,,,,,,,
1819.0,167217148.0,0.975131,-0.011837,-0.011001,0.221041,0.303381,0.31088,0.133669,0.0,,,,,,,,,,,,,,,,,,,,
1820.0,167233815.0,0.975025,-0.011807,-0.010999,0.22151,0.059668,0.165276,0.147705,0.0,,,,,,,,,,,,,,,,,,,,
1821.0,167250482.0,0.975025,-0.011809,-0.011011,0.221509,0.060544,0.076822,0.13431,0.0,,,,,,,,,,,,,,,,,,,,
1822.0,167267149.0,0.975025,-0.011807,-0.011014,0.221508,0.059661,0.076958,0.171691,0.0,,,,,,,,,,,,,,,,,,,,
1823.0,167283816.0,0.975026,-0.011805,-0.011024,0.221502,0.04666,0.085034,0.161527,0.0,,,,,,,,,,,,,,,,,,,,
1824.0,167300483.0,0.975025,-0.011808,-0.011034,0.221506,0.052158,0.074035,0.151824,0.0,,,,,,,,,,,,,,,,,,,,
1825.0,167317150.0,0.975025,-0.011799,-0.011045,0.221506,0.060903,0.065065,0.1421,0.0,,,,,,,,,,,,,,,,,,,,
1826.0,167333817.0,0.975027,-0.011798,-0.011048,0.221497,0.06222,0.083465,0.150943,0.0,,,,,,,,,,,,,,,,,,,,
1827.0,167350484.0,0.975025,-0.011792,-0.011059,0.221506,0.068997,0.086508,0.134305,0.0,,,,,,,,,,,,,,,,,,,,
1828.0,167367151.0,0.975024,-0.01178,-0.011072,0.22151,0.055556,0.081719,0.156587,0.0,,,,,,,,,,,,,,,,,,,,
1829.0,167383818.0,0.975024,-0.011778,-0.011084,0.221512,0.050967,0.077572,0.14365,0.0,,,,,,,,,,,,,,,,,,,,
1830.0,167400485.0,0.975024,-0.011781,-0.011088,0.221508,0.06531,0.084438,0.143259,0.0,,,,,,,,,,,,,,,,,,,,
1831.0,167417152.0,0.975021,-0.011774,-0.011088,0.221523,0.052809,0.0814,0.172074,0.0,,,,,,,,,,,,,,,,,,,,
1832.0,167433819.0,0.975022,-0.011777,-0.011086,0.221521,0.03947,0.072072,0.156296,0.0,,,,,,,,,,,,,,,,,,,,
1833.0,167450486.0,0.975022,-0.011782,-0.011094,0.221517,0.04918,0.077326,0.152499,0.0,,,,,,,,,,,,,,,,,,,,
1834.0,167467153.0,0.975021,-0.011779,-0.011102,0.221521,0.05093,0.075514,0.151876,0.0,,,,,,,,,,,,,,,,,,,,
1835.0,167483820.0,0.97502,-0.01177,-0.011104,0.221528,0.063559,0.079153,0.145976,0.0,,,,,,,,,,,,,,,,,,,,
1836.0,167500487.0,0.975018,-0.011777,-0.011094,0.221536,0.061611,0.079753,0.157486,0.0,,,,,,,,,,,,,,,,,,,,
1837.0,167517154.0,0.975017,-0.01177,-0.011101,0.221541,0.04848,0.088552,0.131412,0.0,,,,,,,,,,,,,,,,,,,,
1838.0,167533821.0,0.975018,-0.011767,-0.011104,0.221538,0.047738,0.082029,0.147396,0.0,,,,,,,,,,,,,,,,,,,,
1839.0,167550488.0,0.975015,-0.011762,-0.011108,0.221547,0.050282,0.063559,0.1327,0.0,,,,,,,,,,,,,,,,,,,,
1840.0,167567155.0,0.975013,-0.011773,-0.011097,0.221556,0.067862,0.086268,0.164997,0.0,,,,,,,,,,,,,,,,,,,,
1841.0,167583822.0,0.975012,-0.011762,-0.011101,0.221565,0.041491,0.080641,0.16609,0.0,,,,,,,,,,,,,,,,,,,,
1842.0,167600489.0,0.97501,-0.01177,-0.011095,0.221571,0.045611,0.072002,0.174796,0.0,,,,,,,,,,,,,,,,,,,,
1843.0,167617156.0,0.975012,-0.011775,-0.011102,0.221565,0.037108,0.068608,0.147708,0.0,,,,,,,,,,,,,,,,,,,,
1844.0,167633823.0,0.975012,-0.011793,-0.011122,0.221561,0.037082,0.092669,0.156936,0.0,,,,,,,,,,,,,,,,,,,,
1845.0,167650490.0,0.975915,-0.011895,-0.011176,0.217539,-0.188842,-0.224021,0.140549,0.0,,,,,,,,,,,,,,,,,,,,
1846.0,167667157.0,0.978073,-0.011651,-0.011306,0.207631,-0.022668,0.077789,0.172,0.0,,,,,,,,,,,,,,,,,,,,
1847.0,167683824.0,0.97998,-0.012298,-0.01125,0.198399,0.4584,0.457623,0.242837,0.0,,,,,,,,,,,,,,,,,,,,
1848.0,167700491.0,0.980635,-0.01312,-0.011238,0.195083,0.25592,0.933145,0.008684,0.0,,,,,,,,,,,,,,,,,,,,
1849.0,167717158.0,0.979405,-0.012436,-0.011353,0.201202,0.562779,1.81943,0.116394,0.0,,,,,,,,,,,,,,,,,,,,
1850.0,167733825.0,0.977184,-0.012234,-0.011272,0.211744,-0.789441,-1.41768,0.222976,0.0,,,,,,,,,,,,,,,,,,,,
1851.0,167750492.0,0.977388,-0.012237,-0.011267,0.210798,-0.086455,-1.509457,0.209723,0.0,,,,,,,,,,,,,,,,,,,,
1852.0,167767159.0,0.978428,-0.01229,-0.011358,0.205909,-0.452815,-1.78091,0.239495,0.0,,,,,,,,,,,,,,,,,,,,
1853.0,167783826.0,0.98102,-0.017481,-0.013114,0.192669,-1.667491,-0.042802,2.598141,0.0,,,,,,,,,,,,,,,,,,,,
1854.0,167800493.0,0.983389,-0.036177,-0.022342,0.176463,-2.253868,-0.457033,0.116095,0.0,,,,,,,,,,,,,,,,,,,,
1855.0,167817160.0,0.985287,-0.050001,-0.031397,0.160388,2.32563,1.761988,0.395357,0.0,,,,,,,,,,,,,,,,,,,,
1856.0,167833827.0,0.98537,-0.055599,-0.047386,0.153981,1.008633,0.906871,0.955605,0.0,,,,,,,,,,,,,,,,,,,,
1857.0,167850494.0,0.984733,-0.059398,-0.071715,0.14707,-1.220351,-0.686125,2.929163,0.0,,,,,,,,,,,,,,,,,,,,
1858.0,167867161.0,0.980883,-0.064388,-0.124292,0.135183,-2.771934,0.595484,6.545872,0.0,,,,,,,,,,,,,,,,,,,,
1859.0,167883828.0,0.967232,-0.070775,-0.211635,0.121091,-2.903444,-1.513578,2.762879,0.0,,,,,,,,,,,,,,,,,,,,
1860.0,167900495.0,0.94432,-0.074977,-0.304486,0.09963,-0.17896,-0.870238,-2.005905,0.0,,,,,,,,,,,,,,,,,,,,
1861.0,167917162.0,0.915357,-0.083674,-0.385953,0.078494,2.118832,0.645471,-2.182188,0.0,,,,,,,,,,,,,,,,,,,,
1862.0,167933829.0,0.88665,-0.088879,-0.44865,0.06831,2.99319,0.123376,-4.255839,0.0,,,,,,,,,,,,,,,,,,,,
1863.0,167950496.0,0.860445,-0.092602,-0.496713,0.065845,1.565143,0.198412,-3.753952,0.0,,,,,,,,,,,,,,,,,,,,
1864.0,167967163.0,0.848207,-0.097467,-0.516641,0.06424,1.34831,1.835624,-3.491395,0.0,,,,,,,,,,,,,,,,,,,,
1865.0,167983830.0,0.851833,-0.098981,-0.509618,0.0698,1.90779,1.065916,-1.047331,0.0,,,,,,,,,,,,,,,,,,,,
1866.0,168000497.0,0.861364,-0.095367,-0.491064,0.088397,1.074685,1.352837,0.568678,0.0,,,,,,,,,,,,,,,,,,,,
1867.0,168017164.0,0.870521,-0.092678,-0.471788,0.104977,-0.7353,-0.105308,0.884757,0.0,,,,,,,,,,,,,,,,,,,,
1868.0,168033831.0,0.881532,-0.090836,-0.447801,0.118844,1.337474,0.696704,-0.999104,0.0,,,,,,,,,,,,,,,,,,,,
1869.0,168050498.0,0.900474,-0.092456,-0.400428,0.142327,3.597623,1.668514,-3.400886,0.0,,,,,,,,,,,,,,,,,,,,
1870.0,168067165.0,0.924119,-0.0969,-0.328124,0.170146,1.680048,0.491517,-3.80614,0.0,,,,,,,,,,,,,,,,,,,,
1871.0,168083832.0,0.944784,-0.102491,-0.2445,0.192613,-2.129823,-2.554368,-1.108847,0.0,,,,,,,,,,,,,,,,,,,,
1872.0,168100499.0,0.959404,-0.096454,-0.166403,0.206277,-2.890299,-1.606705,0.925931,0.0,,,,,,,,,,,,,,,,,,,,
1873.0,168117166.0,0.973192,-0.087613,-0.081127,0.196569,-4.541287,-1.05153,0.553692,0.0,,,,,,,,,,,,,,,,,,,,
1874.0,168133833.0,0.983434,-0.047716,0.002196,0.174858,-3.988628,-0.158781,1.037818,0.0,,,,,,,,,,,,,,,,,,,,
1875.0,168150500.0,0.984895,-0.03826,0.041941,0.163584,3.267186,3.198179,14.336433,0.0,,,,,,,,,,,,,,,,,,,,
1876.0,168167167.0,0.983891,-0.035279,0.094537,0.14757,-1.996712,-2.186446,-1.963642,0.0,,,,,,,,,,,,,,,,,,,,
1877.0,168183834.0,0.978701,-0.028971,0.154923,0.131546,1.078345,-0.323251,0.902177,0.0,,,,,,,,,,,,,,,,,,,,
1878.0,168200501.0,0.970425,-0.031849,0.20265,0.127255,0.960015,-0.559572,-0.643665,0.0,,,,,,,,,,,,,,,,,,,,
1879.0,168217168.0,0.962739,-0.040111,0.235452,0.12684,0.609613,0.386872,0.119967,0.0,,,,,,,,,,,,,,,,,,,,
1880.0,168233835.0,0.953285,-0.053948,0.268058,0.128384,0.288456,0.050469,0.121638,0.0,,,,,,,,,,,,,,,,,,,,
1881.0,168250502.0,0.944599,-0.061182,0.295366,0.129418,-0.314204,0.122919,-1.20626,0.0,,,,,,,,,,,,,,,,,,,,
1882.0,168267169.0,0.939081,-0.0635,0.311425,0.1308,-0.33091,0.260613,-0.440692,0.0,,,,,,,,,,,,,,,,,,,,
1883.0,168283836.0,0.937566,-0.064792,0.315063,0.132316,-0.358483,0.172495,-0.48678,0.0,,,,,,,,,,,,,,,,,,,,
1884.0,168300503.0,0.940493,-0.062083,0.306369,0.133253,-0.691315,0.46193,-0.7155,0.0,,,,,,,,,,,,,,,,,,,,
1885.0,168317170.0,0.948845,-0.052823,0.281121,0.133696,-0.564218,0.148091,-1.524489,0.0,,,,,,,,,,,,,,,,,,,,
1886.0,168333837.0,0.968448,-0.034164,0.208305,0.132478,-1.832443,-0.293723,-2.696932,0.0,,,,,,,,,,,,,,,,,,,,
1887.0,168350504.0,0.987077,-0.022707,0.08654,0.132946,-2.570396,0.085748,-2.661545,0.0,,,,,,,,,,,,,,,,,,,,
1888.0,168367171.0,0.989506,0.00338,0.014237,0.143746,3.722439,-0.884493,-3.805987,0.0,,,,,,,,,,,,,,,,,,,,
1889.0,168383838.0,0.984694,0.010028,0.050683,0.16646,-0.917376,0.538974,-2.07192,0.0,,,,,,,,,,,,,,,,,,,,
1890.0,168400505.0,0.982115,-0.021362,0.014131,0.186533,-2.012758,-0.222744,-0.876283,0.0,,,,,,,,,,,,,,,,,,,,
1891.0,168417172.0,0.977684,-0.002941,0.009546,0.209845,1.085692,-0.517779,-2.919073,0.0,,,,,,,,,,,,,,,,,,,,
1892.0,168433839.0,0.974027,-0.013737,-0.012557,0.225664,0.658412,-2.137911,-6.107921,0.0,,,,,,,,,,,,,,,,,,,,
1893.0,168450506.0,0.970705,-0.016223,-0.012536,0.239398,0.203896,0.760062,2.154628,0.0,,,,,,,,,,,,,,,,,,,,
1894.0,168467173.0,0.969082,-0.012856,-0.010934,0.24616,0.331258,1.605824,3.620498,0.0,,,,,,,,,,,,,,,,,,,,
1895.0,168483840.0,0.967904,-0.012844,-0.010896,0.250754,0.031208,0.295354,0.148289,0.0,,,,,,,,,,,,,,,,,,,,
1896.0,168500507.0,0.966055,-0.012975,-0.010779,0.257787,0.000224,0.075633,0.127284,0.0,,,,,,,,,,,,,,,,,,,,
1897.0,168517174.0,0.965644,-0.012969,-0.010694,0.259324,0.062146,-0.544229,0.143842,0.0,,,,,,,,,,,,,,,,,,,,
1898.0,168533841.0,0.965643,-0.012929,-0.010634,0.259332,0.043925,0.058868,0.163563,0.0,,,,,,,,,,,,,,,,,,,,
1899.0,168550508.0,0.965641,-0.012928,-0.010637,0.259339,0.036521,0.067555,0.151803,0.0,,,,,,,,,,,,,,,,,,,,
1900.0,168567175.0,0.965638,-0.012919,-0.010646,0.259352,0.043651,0.092357,0.161527,0.0,,,,,,,,,,,,,,,,,,,,
1901.0,168583842.0,0.965638,-0.012908,-0.010654,0.259353,0.049578,0.096728,0.15091,0.0,,,,,,,,,,,,,,,,,,,,
1902.0,168600509.0,0.965638,-0.012905,-0.010656,0.259353,0.029739,0.122016,0.150342,0.0,,,,,,,,,,,,,,,,,,,,
1903.0,168617176.0,0.965636,-0.012899,-0.010666,0.259358,0.029892,0.130678,0.149908,0.0,,,,,,,,,,,,,,,,,,,,
1904.0,168633843.0,0.965636,-0.012899,-0.010677,0.259356,0.050839,0.117374,0.150222,0.0,,,,,,,,,,,,,,,,,,,,
1905.0,168650510.0,0.965636,-0.012907,-0.010668,0.259359,0.059554,0.105179,0.122798,0.0,,,,,,,,,,,,,,,,,,,,
1906.0,168667177.0,0.965637,-0.012907,-0.010674,0.259355,0.06802,0.083167,0.134889,0.0,,,,,,,,,,,,,,,,,,,,
1907.0,168683844.0,0.965638,-0.012891,-0.010677,0.259352,0.054053,0.071762,0.141039,0.0,,,,,,,,,,,,,,,,,,,,
1908.0,168700511.0,0.965636,-0.012891,-0.010681,0.259357,0.072115,0.054666,0.159854,0.0,,,,,,,,,,,,,,,,,,,,
1909.0,168717178.0,0.965635,-0.012884,-0.010684,0.259361,0.057826,0.083105,0.171573,0.0,,,,,,,,,,,,,,,,,,,,
1910.0,168733845.0,0.965635,-0.01288,-0.010676,0.259363,0.036971,0.105622,0.147808,0.0,,,,,,,,,,,,,,,,,,,,
1911.0,168750512.0,0.965632,-0.012885,-0.010715,0.259374,0.009887,0.116999,0.13589,0.0,,,,,,,,,,,,,,,,,,,,
1912.0,168767179.0,0.965716,-0.01292,-0.010712,0.259059,-1.277049,-0.505555,0.1257,0.0,,,,,,,,,,,,,,,,,,,,
1913.0,168783846.0,0.965459,-0.012884,-0.010687,0.260017,2.898215,0.844083,0.248506,0.0,,,,,,,,,,,,,,,,,,,,
1914.0,168800513.0,0.96601,-0.012856,-0.010725,0.257962,0.122797,0.485296,0.138947,0.0,,,,,,,,,,,,,,,,,,,,
1915.0,168817180.0,0.967472,-0.012354,-0.012274,0.252377,-1.345638,-0.554968,1.132259,0.0,,,,,,,,,,,,,,,,,,,,
1916.0,168833847.0,0.971258,-0.020137,-0.027214,0.235608,-3.16494,-2.2457,2.789088,0.0,,,,,,,,,,,,,,,,,,,,
1917.0,168850514.0,0.975912,-0.030113,-0.050049,0.210202,1.177006,0.987501,1.644766,0.0,,,,,,,,,,,,,,,,,,,,
1918.0,168867181.0,0.975313,-0.034263,-0.087367,0.199892,0.269062,1.491772,2.038269,0.0,,,,,,,,,,,,,,,,,,,,
1919.0,168883848.0,0.971973,-0.03542,-0.12988,0.192729,-0.785268,-0.834983,-0.057253,0.0,,,,,,,,,,,,,,,,,,,,
1920.0,168900515.0,0.968004,-0.036679,-0.168719,0.182093,-0.060697,-0.18452,-0.364738,0.0,,,,,,,,,,,,,,,,,,,,
1921.0,168917182.0,0.962756,-0.0356,-0.209326,0.16738,-0.46393,-1.325288,0.271785,0.0,,,,,,,,,,,,,,,,,,,,
1922.0,168933849.0,0.955689,-0.036332,-0.252981,0.14608,-0.148667,-0.223524,-0.04,0.0,,,,,,,,,,,,,,,,,,,,
1923.0,168950516.0,0.946762,-0.037893,-0.293915,0.125781,0.270792,0.902107,-1.216788,0.0,,,,,,,,,,,,,,,,,,,,
1924.0,168967183.0,0.939322,-0.040501,-0.322272,0.110342,0.467101,0.75961,-1.588588,0.0,,,,,,,,,,,,,,,,,,,,
1925.0,168983850.0,0.935114,-0.042695,-0.336528,0.102407,1.597425,1.083842,-2.042705,0.0,,,,,,,,,,,,,,,,,,,,
1926.0,169000517.0,0.93524,-0.042888,-0.336714,0.100553,0.915465,0.471076,-1.824169,0.0,,,,,,,,,,,,,,,,,,,,
1927.0,169017184.0,0.938743,-0.043411,-0.326987,0.099785,0.670387,0.24575,-0.223495,0.0,,,,,,,,,,,,,,,,,,,,
1928.0,169033851.0,0.943206,-0.044711,-0.312103,0.104671,1.267245,1.346529,-0.856838,0.0,,,,,,,,,,,,,,,,,,,,
1929.0,169050518.0,0.951416,-0.049511,-0.280542,0.116846,2.288259,0.359299,-4.064557,0.0,,,,,,,,,,,,,,,,,,,,
1930.0,169067185.0,0.96437,-0.038711,-0.223537,0.136097,0.038134,0.473619,-2.486202,0.0,,,,,,,,,,,,,,,,,,,,
1931.0,169083852.0,0.974254,-0.02923,-0.159853,0.156276,-1.804515,-0.038506,-0.159566,0.0,,,,,,,,,,,,,,,,,,,,
1932.0,169100519.0,0.98114,-0.009085,-0.090291,0.170674,-1.20826,-1.22778,-0.060391,0.0,,,,,,,,,,,,,,,,,,,,
1933.0,169117186.0,0.984912,-0.007291,-0.021161,0.171605,-0.570204,-1.064381,4.54032,0.0,,,,,,,,,,,,,,,,,,,,
1934.0,169133853.0,0.984917,-0.011095,-0.006918,0.172535,-1.395591,1.095905,6.974865,0.0,,,,,,,,,,,,,,,,,,,,
1935.0,169150520.0,0.986523,-0.015347,0.020247,0.161637,-2.707781,0.385582,3.225496,0.0,,,,,,,,,,,,,,,,,,,,
1936.0,169167187.0,0.985888,-0.020395,0.090927,0.139072,-1.336319,-0.480725,0.778785,0.0,,,,,,,,,,,,,,,,,,,,
1937.0,169183854.0,0.975026,-0.017358,0.189394,0.114683,2.335617,-0.788953,0.609491,0.0,,,,,,,,,,,,,,,,,,,,
1938.0,169200521.0,0.951314,-0.04524,0.284554,0.109476,5.271306,-1.058754,1.62126,0.0,,,,,,,,,,,,,,,,,,,,
1939.0,169217188.0,0.923344,-0.092533,0.350969,0.125274,-0.538132,0.484765,-2.524308,0.0,,,,,,,,,,,,,,,,,,,,
1940.0,169233855.0,0.917416,-0.098564,0.363145,0.129452,-3.033303,0.326336,-3.867333,0.0,,,,,,,,,,,,,,,,,,,,
1941.0,169250522.0,0.916236,-0.100852,0.363835,0.13403,0.833315,0.347198,0.177353,0.0,,,,,,,,,,,,,,,,,,,,
1942.0,169267189.0,0.914994,-0.100906,0.366582,0.134988,-0.754934,-0.054319,-0.05917,0.0,,,,,,,,,,,,,,,,,,,,
1943.0,169283856.0,0.913854,-0.100031,0.370077,0.133819,-0.386734,-0.022269,-0.124586,0.0,,,,,,,,,,,,,,,,,,,,
1944.0,169300523.0,0.914368,-0.097731,0.370053,0.132064,0.162798,0.138154,-0.137099,0.0,,,,,,,,,,,,,,,,,,,,
1945.0,169317190.0,0.916849,-0.096151,0.364628,0.131107,-0.153198,0.185495,-0.073127,0.0,,,,,,,,,,,,,,,,,,,,
1946.0,169333857.0,0.921576,-0.095056,0.352796,0.131141,-0.196617,0.158162,-0.168976,0.0,,,,,,,,,,,,,,,,,,,,
1947.0,169350524.0,0.931962,-0.092392,0.325121,0.131174,-0.90087,-0.119422,-1.03877,0.0,,,,,,,,,,,,,,,,,,,,
1948.0,169367191.0,0.946983,-0.080956,0.282702,0.129417,-0.741171,-0.403612,-1.383146,0.0,,,,,,,,,,,,,,,,,,,,
1949.0,169383858.0,0.961934,-0.056836,0.235593,0.126287,0.389617,-0.162763,-0.8064,0.0,,,,,,,,,,,,,,,,,,,,
1950.0,169400525.0,0.974757,-0.044043,0.174598,0.132005,1.898312,-0.211339,-0.041645,0.0,,,,,,,,,,,,,,,,,,,,
1951.0,169417192.0,0.98335,-0.034416,0.102389,0.146131,1.218083,-0.378748,-0.485373,0.0,,,,,,,,,,,,,,,,,,,,
1952.0,169433859.0,0.985538,-0.020421,0.030012,0.165522,-0.249735,-0.023057,0.007046,0.0,,,,,,,,,,,,,,,,,,,,
1953.0,169450526.0,0.984282,-0.011558,-0.012078,0.175812,-0.710965,0.461362,4.603072,0.0,,,,,,,,,,,,,,,,,,,,
1954.0,169467193.0,0.985453,-0.011408,-0.012242,0.169121,-0.208286,0.860566,0.13685,0.0,,,,,,,,,,,,,,,,,,,,
1955.0,169483860.0,0.98509,-0.011456,-0.012475,0.171206,0.536379,1.22959,0.191348,0.0,,,,,,,,,,,,,,,,,,,,
1956.0,169500527.0,0.983906,-0.011494,-0.012537,0.177879,0.375677,0.129845,0.027492,0.0,,,,,,,,,,,,,,,,,,,,
1957.0,169517194.0,0.983109,-0.011545,-0.012147,0.182253,-0.397372,-0.810232,0.219047,0.0,,,,,,,,,,,,,,,,,,,,
1958.0,169533861.0,0.983036,-0.011514,-0.012101,0.182652,-0.424438,-0.421987,0.131461,0.0,,,,,,,,,,,,,,,,,,,,
1959.0,169550528.0,0.983222,-0.011522,-0.01209,0.181648,0.032694,0.030697,0.157195,0.0,,,,,,,,,,,,,,,,,,,,
1960.0,169567195.0,0.983222,-0.011522,-0.012087,0.181647,0.02658,0.051998,0.148828,0.0,,,,,,,,,,,,,,,,,,,,
1961.0,169583862.0,0.983221,-0.011515,-0.012087,0.181653,0.002753,0.067258,0.166249,0.0,,,,,,,,,,,,,,,,,,,,
1962.0,169600529.0,0.983218,-0.011516,-0.012098,0.181668,0.012531,0.084275,0.153044,0.0,,,,,,,,,,,,,,,,,,,,
1963.0,169617196.0,0.983218,-0.01152,-0.012097,0.181669,0.014501,0.080287,0.142097,0.0,,,,,,,,,,,,,,,,,,,,
1964.0,169633863.0,0.983218,-0.011513,-0.012097,0.181667,0.018093,0.064497,0.168566,0.0,,,,,,,,,,,,,,,,,,,,
1965.0,169650530.0,0.983219,-0.011509,-0.012116,0.181662,0.037448,0.043843,0.140233,0.0,,,,,,,,,,,,,,,,,,,,
1966.0,169667197.0,0.983219,-0.011507,-0.012111,0.181661,0.044179,0.038345,0.134709,0.0,,,,,,,,,,,,,,,,,,,,
1967.0,169683864.0,0.983218,-0.011498,-0.012112,0.181668,0.04086,0.033695,0.148467,0.0,,,,,,,,,,,,,,,,,,,,
1968.0,169700531.0,0.980059,-0.011787,-0.012103,0.197989,7.71385,2.41172,0.337749,0.0,,,,,,,,,,,,,,,,,,,,
1969.0,169717198.0,0.976707,-0.012161,-0.011571,0.213919,-7.104163,-5.422452,0.038563,0.0,,,,,,,,,,,,,,,,,,,,
1970.0,169733865.0,0.977988,-0.012046,-0.011917,0.207972,-1.446645,2.052651,0.052208,0.0,,,,,,,,,,,,,,,,,,,,
1971.0,169750532.0,0.98001,-0.011958,-0.012105,0.198218,-0.154511,0.771837,0.215204,0.0,,,,,,,,,,,,,,,,,,,,
1972.0,169767199.0,0.980538,-0.006959,-0.017852,0.19539,0.674517,1.261314,4.151439,0.0,,,,,,,,,,,,,,,,,,,,
1973.0,169783866.0,0.980697,-0.004432,-0.016479,0.194789,0.36449,0.858057,2.320689,0.0,,,,,,,,,,,,,,,,,,,,
1974.0,169800533.0,0.981458,0.001344,-0.010636,0.19138,-1.379634,0.577707,1.288197,0.0,,,,,,,,,,,,,,,,,,,,
1975.0,169817200.0,0.982024,0.009211,-0.004057,0.188487,-1.225043,0.267275,0.105186,0.0,,,,,,,,,,,,,,,,,,,,
1976.0,169833867.0,0.9823,0.015549,0.004408,0.186619,0.003969,0.219271,-1.700533,0.0,,,,,,,,,,,,,,,,,,,,
1977.0,169850534.0,0.981825,0.01988,0.012823,0.188307,0.81156,-0.501453,-2.907993,0.0,,,,,,,,,,,,,,,,,,,,
1978.0,169867201.0,0.981707,0.020424,0.020399,0.188198,0.728035,-1.164064,-3.632034,0.0,,,,,,,,,,,,,,,,,,,,
1979.0,169883868.0,0.981754,0.016048,0.034842,0.186248,0.74409,-0.273849,-6.562078,0.0,,,,,,,,,,,,,,,,,,,,
1980.0,169900535.0,0.979525,0.004582,0.085012,0.182435,0.007614,-0.0552,-9.745777,0.0,,,,,,,,,,,,,,,,,,,,
1981.0,169917202.0,0.98066,-0.074258,0.009344,0.180843,-10.325449,-2.776851,-1.327351,0.0,,,,,,,,,,,,,,,,,,,,
1982.0,169933869.0,0.978787,0.038578,-0.018076,0.200402,7.453322,-5.162127,-15.116821,0.0,,,,,,,,,,,,,,,,,,,,
1983.0,169950536.0,0.973354,0.07113,0.041078,0.214092,-2.337667,0.616778,-3.473687,0.0,,,,,,,,,,,,,,,,,,,,
1984.0,169967203.0,0.975344,-0.005482,-0.028402,0.218786,-1.620022,3.908916,0.106217,0.0,,,,,,,,,,,,,,,,,,,,
1985.0,169983870.0,0.978502,0.022295,-0.007734,0.204884,1.479546,-7.762428,-7.663931,0.0,,,,,,,,,,,,,,,,,,,,
1986.0,170000537.0,0.981828,-0.007649,-0.013462,0.189139,0.858855,1.950227,-4.029694,0.0,,,,,,,,,,,,,,,,,,,,
1987.0,170017204.0,0.983304,-0.008439,-0.013894,0.181245,-2.611082,-1.684178,1.794723,0.0,,,,,,,,,,,,,,,,,,,,
1988.0,170033871.0,0.98405,-0.010701,-0.014297,0.176993,0.685844,-0.983178,-0.481974,0.0,,,,,,,,,,,,,,,,,,,,
1989.0,170050538.0,0.984086,-0.010533,-0.014365,0.176799,0.085008,0.111552,0.196135,0.0,,,,,,,,,,,,,,,,,,,,
1990.0,170067205.0,0.984086,-0.010523,-0.014366,0.1768,-0.014905,0.029713,0.139176,0.0,,,,,,,,,,,,,,,,,,,,
1991.0,170083872.0,0.984086,-0.010516,-0.014365,0.176797,-0.012554,0.02118,0.162321,0.0,,,,,,,,,,,,,,,,,,,,
1992.0,170100539.0,0.984087,-0.010517,-0.014361,0.176796,-0.007969,0.033622,0.158466,0.0,,,,,,,,,,,,,,,,,,,,
1993.0,170117206.0,0.984086,-0.010519,-0.014364,0.176798,0.001852,0.035557,0.163254,0.0,,,,,,,,,,,,,,,,,,,,
1994.0,170133873.0,0.984085,-0.010513,-0.014362,0.176806,0.012709,0.027201,0.136403,0.0,,,,,,,,,,,,,,,,,,,,
1995.0,170150540.0,0.984085,-0.010498,-0.014357,0.176805,0.003012,0.018101,0.153927,0.0,,,,,,,,,,,,,,,,,,,,
1996.0,170167207.0,0.984085,-0.010495,-0.01436,0.176805,-0.004483,0.013156,0.147397,0.0,,,,,,,,,,,,,,,,,,,,
1997.0,170183874.0,0.984084,-0.010498,-0.014373,0.176809,-0.006719,0.016999,0.141983,0.0,,,,,,,,,,,,,,,,,,,,
1998.0,170200541.0,0.984084,-0.010492,-0.01438,0.176808,-0.01567,0.026062,0.153745,0.0,,,,,,,,,,,,,,,,,,,,
1999.0,170217208.0,0.984084,-0.010492,-0.01439,0.17681,-0.027205,0.039451,0.148048,0.0,,,,,,,,,,,,,,,,,,,,
2000.0,170233875.0,0.984089,-0.010548,-0.014376,0.176782,-0.017329,0.062198,0.153661,0.0,,,,,,,,,,,,,,,,,,,,
2001.0,170250542.0,0.983762,-0.011126,-0.014026,0.178586,2.723112,1.393986,0.244061,0.0,,,,,,,,,,,,,,,,,,,,
2002.0,170267209.0,0.98014,-0.011836,-0.011503,0.19762,4.1612,1.503847,0.312155,0.0,,,,,,,,,,,,,,,,,,,,
2003.0,170283876.0,0.976608,-0.011931,-0.013312,0.214282,-1.550642,-3.862271,0.26225,0.0,,,,,,,,,,,,,,,,,,,,
2004.0,170300543.0,0.975454,-0.012744,-0.013957,0.219391,-5.468975,1.402892,-0.377557,0.0,,,,,,,,,,,,,,,,,,,,
2005.0,170317210.0,0.97521,-0.012114,-0.013236,0.220553,0.237199,-0.223466,0.27379,0.0,,,,,,,,,,,,,,,,,,,,
2006.0,170333877.0,0.974939,-0.011987,-0.012979,0.221769,0.140484,-0.154815,0.17895,0.0,,,,,,,,,,,,,,,,,,,,
2007.0,170350544.0,0.974963,-0.012077,-0.013377,0.221637,-0.209587,0.191587,0.126423,0.0,,,,,,,,,,,,,,,,,,,,
2008.0,170367211.0,0.974996,-0.011979,-0.01373,0.221477,-0.052937,0.075377,0.1361,0.0,,,,,,,,,,,,,,,,,,,,
2009.0,170383878.0,0.975009,-0.011847,-0.013885,0.221416,0.019,0.07381,0.167838,0.0,,,,,,,,,,,,,,,,,,,,
2010.0,170400545.0,0.97496,-0.011724,-0.013958,0.221633,-0.091455,0.090368,0.137155,0.0,,,,,,,,,,,,,,,,,,,,
2011.0,170417212.0,0.974777,-0.011714,-0.013944,0.222435,-0.040356,0.104959,0.154223,0.0,,,,,,,,,,,,,,,,,,,,
2012.0,170433879.0,0.974596,-0.011732,-0.013909,0.22323,0.017355,0.047754,0.145327,0.0,,,,,,,,,,,,,,,,,,,,
2013.0,170450546.0,0.974314,-0.011962,-0.013742,0.224457,-0.093825,0.011759,0.140324,0.0,,,,,,,,,,,,,,,,,,,,
2014.0,170467213.0,0.973973,-0.012449,-0.013123,0.225939,-0.132139,-0.056193,0.206829,0.0,,,,,,,,,,,,,,,,,,,,
2015.0,170483880.0,0.973541,-0.013411,-0.013065,0.227743,-0.393241,-0.098318,0.176904,0.0,,,,,,,,,,,,,,,,,,,,
2016.0,170500547.0,0.974179,-0.011541,-0.013852,0.225055,0.202341,-0.091895,0.043251,0.0,,,,,,,,,,,,,,,,,,,,
2017.0,170517214.0,0.974539,-0.011395,-0.013952,0.223494,0.454416,0.380338,0.193338,0.0,,,,,,,,,,,,,,,,,,,,
2018.0,170533881.0,0.974539,-0.011386,-0.013946,0.223495,0.000448,0.067338,0.141281,0.0,,,,,,,,,,,,,,,,,,,,
2019.0,170550548.0,0.974539,-0.011388,-0.013932,0.223496,0.012379,0.097621,0.126551,0.0,,,,,,,,,,,,,,,,,,,,
2020.0,170567215.0,0.97454,-0.011387,-0.01393,0.223489,0.007363,0.068979,0.151431,0.0,,,,,,,,,,,,,,,,,,,,
2021.0,170583882.0,0.974542,-0.011391,-0.013928,0.223482,0.007379,0.041299,0.162627,0.0,,,,,,,,,,,,,,,,,,,,
2022.0,170600549.0,0.974542,-0.011399,-0.013919,0.223482,0.011223,0.042281,0.149136,0.0,,,,,,,,,,,,,,,,,,,,
2023.0,170617216.0,0.97454,-0.011398,-0.013924,0.223489,-0.007698,0.045029,0.153313,0.0,,,,,,,,,,,,,,,,,,,,
2024.0,170633883.0,0.974543,-0.011402,-0.013917,0.223478,-0.005853,0.034157,0.138993,0.0,,,,,,,,,,,,,,,,,,,,
2025.0,170650550.0,0.974542,-0.011403,-0.01391,0.223482,-0.016978,0.056,0.151965,0.0,,,,,,,,,,,,,,,,,,,,
2026.0,170667217.0,0.974541,-0.011397,-0.013917,0.223486,-0.022898,0.062027,0.155713,0.0,,,,,,,,,,,,,,,,,,,,
2027.0,170683884.0,0.974542,-0.011402,-0.013918,0.223481,-0.025933,0.059488,0.1328,0.0,,,,,,,,,,,,,,,,,,,,
2028.0,170700551.0,0.974542,-0.011395,-0.013925,0.223483,0.003726,0.074641,0.131736,0.0,,,,,,,,,,,,,,,,,,,,
2029.0,170717218.0,0.97454,-0.011379,-0.013918,0.22349,-0.002117,0.073221,0.149249,0.0,,,,,,,,,,,,,,,,,,,,
2030.0,170733885.0,0.974541,-0.011376,-0.013909,0.223487,0.009683,0.056681,0.160337,0.0,,,,,,,,,,,,,,,,,,,,
2031.0,170750552.0,0.974541,-0.011381,-0.0139,0.22349,0.00967,0.04215,0.164844,0.0,,,,,,,,,,,,,,,,,,,,
2032.0,170767219.0,0.974543,-0.011383,-0.0139,0.223481,0.019557,0.03956,0.148861,0.0,,,,,,,,,,,,,,,,,,,,
2033.0,170783886.0,0.974542,-0.011386,-0.013888,0.223484,0.002072,0.042424,0.142763,0.0,,,,,,,,,,,,,,,,,,,,
2034.0,170800553.0,0.974539,-0.011379,-0.013886,0.223496,-0.008418,0.052109,0.16098,0.0,,,,,,,,,,,,,,,,,,,,
2035.0,170817220.0,0.974539,-0.011376,-0.013894,0.2235,0.001867,0.064131,0.130091,0.0,,,,,,,,,,,,,,,,,,,,
2036.0,170833887.0,0.974537,-0.011378,-0.013888,0.223506,0.007058,0.068849,0.173994,0.0,,,,,,,,,,,,,,,,,,,,
2037.0,170850554.0,0.974538,-0.011373,-0.013879,0.223504,-0.032236,0.072537,0.160865,0.0,,,,,,,,,,,,,,,,,,,,
2038.0,170867221.0,0.974538,-0.011378,-0.013876,0.223502,-0.026738,0.072215,0.155408,0.0,,,,,,,,,,,,,,,,,,,,
2039.0,170883888.0,0.974538,-0.011375,-0.013885,0.223504,-0.005914,0.046873,0.154761,0.0,,,,,,,,,,,,,,,,,,,,
2040.0,170900555.0,0.974538,-0.01138,-0.013878,0.223504,-0.005174,0.046893,0.143342,0.0,,,,,,,,,,,,,,,,,,,,
2041.0,170917222.0,0.974536,-0.011381,-0.013875,0.22351,-0.002021,0.037418,0.139879,0.0,,,,,,,,,,,,,,,,,,,,
2042.0,170933889.0,0.974533,-0.011376,-0.013884,0.223522,0.008663,0.045123,0.15111,0.0,,,,,,,,,,,,,,,,,,,,
2043.0,170950556.0,0.974533,-0.011378,-0.013876,0.223524,0.003005,0.056234,0.146463,0.0,,,,,,,,,,,,,,,,,,,,
2044.0,170967223.0,0.97453,-0.01138,-0.01387,0.223537,0.011038,0.06789,0.164196,0.0,,,,,,,,,,,,,,,,,,,,
2045.0,170983890.0,0.974532,-0.011379,-0.01386,0.223532,0.007602,0.063472,0.157133,0.0,,,,,,,,,,,,,,,,,,,,
2046.0,171000557.0,0.974533,-0.011373,-0.013855,0.223529,0.003192,0.068755,0.135203,0.0,,,,,,,,,,,,,,,,,,,,
2047.0,171017224.0,0.974532,-0.01137,-0.013857,0.223532,0.023335,0.053131,0.144507,0.0,,,,,,,,,,,,,,,,,,,,
2048.0,171033891.0,0.97453,-0.011372,-0.013856,0.22354,0.003315,0.051847,0.14645,0.0,,,,,,,,,,,,,,,,,,,,
2049.0,171050558.0,0.974529,-0.011369,-0.013843,0.223546,-0.004241,0.028249,0.194079,0.0,,,,,,,,,,,,,,,,,,,,
2050.0,171067225.0,0.974526,-0.011366,-0.013837,0.223557,-0.025706,0.043961,0.148599,0.0,,,,,,,,,,,,,,,,,,,,
2051.0,171083892.0,0.974525,-0.011361,-0.013825,0.223564,-0.01311,0.050075,0.153963,0.0,,,,,,,,,,,,,,,,,,,,
2052.0,171100559.0,0.974524,-0.011368,-0.013825,0.223566,-0.012372,0.068108,0.147595,0.0,,,,,,,,,,,,,,,,,,,,
2053.0,171117226.0,0.974524,-0.011362,-0.013821,0.223569,-0.010359,0.092703,0.123099,0.0,,,,,,,,,,,,,,,,,,,,
2054.0,171133893.0,0.974524,-0.011356,-0.013817,0.223567,-0.00399,0.078076,0.159813,0.0,,,,,,,,,,,,,,,,,,,,
2055.0,171150560.0,0.974524,-0.011359,-0.013812,0.223569,-0.004802,0.068202,0.141017,0.0,,,,,,,,,,,,,,,,,,,,
2056.0,171167227.0,0.974524,-0.011366,-0.01381,0.223569,-0.011241,0.038401,0.120127,0.0,,,,,,,,,,,,,,,,,,,,
2057.0,171183894.0,0.974523,-0.011357,-0.013814,0.223572,0.009708,0.034754,0.149046,0.0,,,,,,,,,,,,,,,,,,,,
2058.0,171200561.0,0.974522,-0.011352,-0.013812,0.223579,0.006173,0.021749,0.150039,0.0,,,,,,,,,,,,,,,,,,,,
2059.0,171217228.0,0.974521,-0.011359,-0.013807,0.223581,0.019242,0.038883,0.136263,0.0,,,,,,,,,,,,,,,,,,,,
2060.0,171233895.0,0.974519,-0.011353,-0.013802,0.223592,-0.013842,0.054911,0.157704,0.0,,,,,,,,,,,,,,,,,,,,
2061.0,171250562.0,0.974518,-0.011346,-0.013797,0.223597,-0.000584,0.073314,0.152907,0.0,,,,,,,,,,,,,,,,,,,,
2062.0,171267229.0,0.974516,-0.011344,-0.013794,0.223607,-0.007984,0.075924,0.128523,0.0,,,,,,,,,,,,,,,,,,,,
2063.0,171283896.0,0.974517,-0.011341,-0.013792,0.223602,-0.003004,0.065974,0.148649,0.0,,,,,,,,,,,,,,,,,,,,
2064.0,171300563.0,0.974516,-0.011334,-0.013802,0.223607,-0.010715,0.064591,0.158277,0.0,,,,,,,,,,,,,,,,,,,,
2065.0,171317230.0,0.974514,-0.011328,-0.013808,0.223616,0.01088,0.05048,0.161271,0.0,,,,,,,,,,,,,,,,,,,,
2066.0,171333897.0,0.974512,-0.011318,-0.013804,0.223623,0.003881,0.045985,0.15262,0.0,,,,,,,,,,,,,,,,,,,,
2067.0,171350564.0,0.974513,-0.011323,-0.013808,0.22362,0.006115,0.032128,0.176308,0.0,,,,,,,,,,,,,,,,,,,,
2068.0,171367231.0,0.974514,-0.011313,-0.013812,0.223616,0.004891,0.03597,0.144939,0.0,,,,,,,,,,,,,,,,,,,,
2069.0,171383898.0,0.974514,-0.01132,-0.013817,0.223614,0.01118,0.051793,0.134884,0.0,,,,,,,,,,,,,,,,,,,,
2070.0,171400565.0,0.974514,-0.01132,-0.013828,0.223613,0.004434,0.059893,0.176094,0.0,,,,,,,,,,,,,,,,,,,,
2071.0,171417232.0,0.974513,-0.011319,-0.013832,0.22362,0.003053,0.055321,0.142554,0.0,,,,,,,,,,,,,,,,,,,,
2072.0,171433899.0,0.974513,-0.011316,-0.013842,0.223619,0.000836,0.061217,0.146457,0.0,,,,,,,,,,,,,,,,,,,,
2073.0,171450566.0,0.974513,-0.011317,-0.013848,0.223616,-0.001434,0.05339,0.139252,0.0,,,,,,,,,,,,,,,,,,,,
2074.0,171467233.0,0.974513,-0.01132,-0.013857,0.223617,-0.0132,0.06311,0.101153,0.0,,,,,,,,,,,,,,,,,,,,
2075.0,171483900.0,0.974514,-0.011329,-0.013861,0.223613,-0.011844,0.055511,0.118625,0.0,,,,,,,,,,,,,,,,,,,,
2076.0,171500567.0,0.974514,-0.011328,-0.013856,0.223612,0.001094,0.04591,0.165462,0.0,,,,,,,,,,,,,,,,,,,,
2077.0,171517234.0,0.974514,-0.011321,-0.013862,0.223612,-0.0049,0.033595,0.182381,0.0,,,,,,,,,,,,,,,,,,,,
2078.0,171533901.0,0.974513,-0.011316,-0.013856,0.223617,-0.003075,0.029347,0.158318,0.0,,,,,,,,,,,,,,,,,,,,
2079.0,171550568.0,0.974514,-0.011311,-0.013855,0.223614,0.013684,0.057408,0.157072,0.0,,,,,,,,,,,,,,,,,,,,
2080.0,171567235.0,0.974514,-0.011302,-0.013855,0.223615,0.018187,0.061702,0.125672,0.0,,,,,,,,,,,,,,,,,,,,
2081.0,171583902.0,0.974511,-0.011301,-0.013861,0.223625,0.013496,0.078398,0.152914,0.0,,,,,,,,,,,,,,,,,,,,
2082.0,171600569.0,0.97451,-0.011298,-0.013863,0.223628,0.019211,0.084844,0.17117,0.0,,,,,,,,,,,,,,,,,,,,
2083.0,171617236.0,0.97451,-0.011298,-0.013866,0.22363,0.006811,0.078504,0.16136,0.0,,,,,,,,,,,,,,,,,,,,
2084.0,171633903.0,0.97451,-0.011302,-0.013853,0.223629,-0.009084,0.045533,0.162767,0.0,,,,,,,,,,,,,,,,,,,,
2085.0,171650570.0,0.974509,-0.011291,-0.013864,0.223635,-0.002754,0.022463,0.136624,0.0,,,,,,,,,,,,,,,,,,,,
2086.0,171667237.0,0.974508,-0.01128,-0.013873,0.223639,-0.010062,0.029052,0.148522,0.0,,,,,,,,,,,,,,,,,,,,
2087.0,171683904.0,0.974509,-0.011276,-0.013872,0.223637,0.003923,0.030946,0.154513,0.0,,,,,,,,,,,,,,,,,,,,
2088.0,171700571.0,0.974508,-0.011285,-0.01388,0.223639,-0.013592,0.040509,0.157228,0.0,,,,,,,,,,,,,,,,,,,,
2089.0,171717238.0,0.974506,-0.011281,-0.013883,0.223646,-0.017888,0.068777,0.152697,0.0,,,,,,,,,,,,,,,,,,,,
2090.0,171733905.0,0.974505,-0.011279,-0.01389,0.223651,0.011767,0.08905,0.128316,0.0,,,,,,,,,,,,,,,,,,,,
2091.0,171750572.0,0.974505,-0.011277,-0.013895,0.22365,0.003584,0.101008,0.126519,0.0,,,,,,,,,,,,,,,,,,,,
2092.0,171767239.0,0.974504,-0.011276,-0.013909,0.223656,-0.004378,0.068244,0.121554,0.0,,,,,,,,,,,,,,,,,,,,
2093.0,171783906.0,0.974501,-0.011273,-0.013912,0.22367,0.015234,0.057679,0.1437,0.0,,,,,,,,,,,,,,,,,,,,
2094.0,171800573.0,0.974498,-0.011257,-0.013909,0.223681,0.020479,0.023839,0.179388,0.0,,,,,,,,,,,,,,,,,,,,
2095.0,171817240.0,0.974497,-0.011246,-0.013908,0.223686,0.004775,0.02747,0.166885,0.0,,,,,,,,,,,,,,,,,,,,
2096.0,171833907.0,0.974495,-0.011241,-0.013909,0.223696,0.015774,0.027306,0.140173,0.0,,,,,,,,,,,,,,,,,,,,
2097.0,171850574.0,0.974496,-0.011236,-0.013906,0.223691,0.005175,0.037942,0.132944,0.0,,,,,,,,,,,,,,,,,,,,
2098.0,171867241.0,0.974496,-0.011227,-0.013908,0.223691,-0.018005,0.051853,0.209431,0.0,,,,,,,,,,,,,,,,,,,,
2099.0,171883908.0,0.974495,-0.011225,-0.013901,0.223696,-0.017699,0.058658,0.144078,0.0,,,,,,,,,,,,,,,,,,,,
2100.0,171900575.0,0.974495,-0.011224,-0.013895,0.223698,-0.028516,0.065091,0.14173,0.0,,,,,,,,,,,,,,,,,,,,
2101.0,171917242.0,0.974493,-0.011235,-0.0139,0.223704,-0.015418,0.066621,0.092913,0.0,,,,,,,,,,,,,,,,,,,,
2102.0,171933909.0,0.974492,-0.011238,-0.013895,0.223708,-0.009863,0.047772,0.158658,0.0,,,,,,,,,,,,,,,,,,,,
2103.0,171950576.0,0.974491,-0.011239,-0.013886,0.223714,-0.012229,0.038843,0.15063,0.0,,,,,,,,,,,,,,,,,,,,
2104.0,171967243.0,0.974491,-0.011238,-0.013875,0.223714,0.003798,0.042933,0.143164,0.0,,,,,,,,,,,,,,,,,,,,
2105.0,171983910.0,0.974491,-0.011237,-0.013886,0.223716,0.005428,0.05215,0.16723,0.0,,,,,,,,,,,,,,,,,,,,
2106.0,172000577.0,0.974491,-0.011218,-0.01389,0.223715,0.012668,0.053537,0.132254,0.0,,,,,,,,,,,,,,,,,,,,
2107.0,172017244.0,0.974491,-0.011209,-0.013889,0.223716,0.006583,0.064777,0.186597,0.0,,,,,,,,,,,,,,,,,,,,
2108.0,172033911.0,0.974492,-0.011211,-0.013894,0.223713,0.003911,0.067502,0.13028,0.0,,,,,,,,,,,,,,,,,,,,
2109.0,172050578.0,0.974492,-0.011207,-0.013888,0.223711,-0.005709,0.067547,0.160386,0.0,,,,,,,,,,,,,,,,,,,,
2110.0,172067245.0,0.974489,-0.0112,-0.013886,0.223723,-0.018855,0.044875,0.147251,0.0,,,,,,,,,,,,,,,,,,,,
2111.0,172083912.0,0.97449,-0.011192,-0.013883,0.223721,-0.025733,0.038704,0.129546,0.0,,,,,,,,,,,,,,,,,,,,
2112.0,172100579.0,0.974489,-0.011193,-0.013881,0.223726,-0.005372,0.045016,0.151908,0.0,,,,,,,,,,,,,,,,,,,,
2113.0,172117246.0,0.974489,-0.011196,-0.013892,0.223724,-0.033197,0.048129,0.203548,0.0,,,,,,,,,,,,,,,,,,,,
2114.0,172133913.0,0.974488,-0.011187,-0.013904,0.223731,-0.007908,0.051631,0.106838,0.0,,,,,,,,,,,,,,,,,,,,
2115.0,172150580.0,0.974486,-0.011187,-0.013912,0.223737,-0.010281,0.058548,0.145183,0.0,,,,,,,,,,,,,,,,,,,,
2116.0,172167247.0,0.974486,-0.011183,-0.013909,0.223738,-0.006363,0.058236,0.153499,0.0,,,,,,,,,,,,,,,,,,,,
2117.0,172183914.0,0.974483,-0.011183,-0.013906,0.223749,0.005667,0.060948,0.158134,0.0,,,,,,,,,,,,,,,,,,,,
2118.0,172200581.0,0.974483,-0.011187,-0.013912,0.22375,-7.1e-05,0.07098,0.185948,0.0,,,,,,,,,,,,,,,,,,,,
2119.0,172217248.0,0.974482,-0.011186,-0.013907,0.223753,0.011356,0.04592,0.0942,0.0,,,,,,,,,,,,,,,,,,,,
2120.0,172233915.0,0.974482,-0.011184,-0.013911,0.223756,0.007254,0.051549,0.169543,0.0,,,,,,,,,,,,,,,,,,,,
2121.0,172250582.0,0.974482,-0.011172,-0.013913,0.223755,-0.009085,0.041058,0.150797,0.0,,,,,,,,,,,,,,,,,,,,
2122.0,172267249.0,0.974481,-0.011167,-0.013912,0.223761,-0.017818,0.056147,0.125205,0.0,,,,,,,,,,,,,,,,,,,,
2123.0,172283916.0,0.974483,-0.011169,-0.013904,0.223753,-0.021179,0.056391,0.171391,0.0,,,,,,,,,,,,,,,,,,,,
2124.0,172300583.0,0.974484,-0.011155,-0.013908,0.223748,-0.015463,0.063447,0.134357,0.0,,,,,,,,,,,,,,,,,,,,
2125.0,172317250.0,0.974485,-0.011154,-0.01391,0.223744,-0.020374,0.045012,0.113354,0.0,,,,,,,,,,,,,,,,,,,,
2126.0,172333917.0,0.974484,-0.011158,-0.013917,0.223747,-0.015958,0.035826,0.166179,0.0,,,,,,,,,,,,,,,,,,,,
2127.0,172350584.0,0.97448,-0.011153,-0.013925,0.223762,-0.003313,0.036948,0.180483,0.0,,,,,,,,,,,,,,,,,,,,
2128.0,172367251.0,0.974479,-0.011145,-0.013937,0.223767,0.002831,0.053948,0.124084,0.0,,,,,,,,,,,,,,,,,,,,
2129.0,172383918.0,0.974477,-0.011149,-0.013943,0.223778,0.021519,0.077348,0.157314,0.0,,,,,,,,,,,,,,,,,,,,
2130.0,172400585.0,0.974475,-0.011149,-0.01394,0.223785,0.022081,0.088813,0.157014,0.0,,,,,,,,,,,,,,,,,,,,
2131.0,172417252.0,0.974477,-0.01114,-0.013953,0.223778,0.017311,0.069574,0.115732,0.0,,,,,,,,,,,,,,,,,,,,
2132.0,172433919.0,0.974477,-0.011138,-0.013955,0.223775,0.028383,0.074244,0.150242,0.0,,,,,,,,,,,,,,,,,,,,
2133.0,172450586.0,0.974478,-0.011132,-0.013957,0.223773,0.001844,0.044895,0.152123,0.0,,,,,,,,,,,,,,,,,,,,
2134.0,172467253.0,0.974478,-0.011129,-0.01395,0.223775,-0.025745,0.026389,0.108268,0.0,,,,,,,,,,,,,,,,,,,,
2135.0,172483920.0,0.974475,-0.011125,-0.013951,0.223787,-0.027236,0.019362,0.164408,0.0,,,,,,,,,,,,,,,,,,,,
2136.0,172500587.0,0.974471,-0.011129,-0.013944,0.223804,-0.030352,0.03288,0.13147,0.0,,,,,,,,,,,,,,,,,,,,
2137.0,172517254.0,0.974469,-0.01113,-0.013945,0.223811,-0.04154,0.042055,0.125916,0.0,,,,,,,,,,,,,,,,,,,,
2138.0,172533921.0,0.974469,-0.011126,-0.013952,0.223811,-0.036776,0.057065,0.151217,0.0,,,,,,,,,,,,,,,,,,,,
2139.0,172550588.0,0.974469,-0.011115,-0.013954,0.223812,-0.032911,0.064552,0.145431,0.0,,,,,,,,,,,,,,,,,,,,
2140.0,172567255.0,0.97447,-0.011104,-0.013949,0.223809,-0.00605,0.052354,0.120919,0.0,,,,,,,,,,,,,,,,,,,,
2141.0,172583922.0,0.974471,-0.011103,-0.013959,0.223804,0.006389,0.058765,0.144275,0.0,,,,,,,,,,,,,,,,,,,,
2142.0,172600589.0,0.974469,-0.01111,-0.013969,0.223812,0.016459,0.04831,0.132514,0.0,,,,,,,,,,,,,,,,,,,,
2143.0,172617256.0,0.974467,-0.01112,-0.013984,0.223819,0.025155,0.041396,0.135393,0.0,,,,,,,,,,,,,,,,,,,,
2144.0,172633923.0,0.974465,-0.011121,-0.013995,0.223826,0.031406,0.036286,0.17297,0.0,,,,,,,,,,,,,,,,,,,,
2145.0,172650590.0,0.974465,-0.01113,-0.013991,0.223825,0.029291,0.039425,0.179158,0.0,,,,,,,,,,,,,,,,,,,,
2146.0,172667257.0,0.974464,-0.011119,-0.014005,0.223832,-0.007125,0.048721,0.151841,0.0,,,,,,,,,,,,,,,,,,,,
2147.0,172683924.0,0.974463,-0.011112,-0.013997,0.223837,-0.018963,0.046004,0.136819,0.0,,,,,,,,,,,,,,,,,,,,
2148.0,172700591.0,0.974463,-0.01111,-0.013996,0.223835,-0.041888,0.038669,0.130353,0.0,,,,,,,,,,,,,,,,,,,,
2149.0,172717258.0,0.974462,-0.011113,-0.014001,0.223839,-0.044216,0.052126,0.145408,0.0,,,,,,,,,,,,,,,,,,,,
2150.0,172733925.0,0.974459,-0.011113,-0.013998,0.223855,-0.030031,0.048885,0.164757,0.0,,,,,,,,,,,,,,,,,,,,
2151.0,172750592.0,0.974457,-0.011109,-0.013999,0.22386,-0.018824,0.070771,0.167741,0.0,,,,,,,,,,,,,,,,,,,,
2152.0,172767259.0,0.974457,-0.011107,-0.014012,0.223863,0.005747,0.06658,0.151687,0.0,,,,,,,,,,,,,,,,,,,,
2153.0,172783926.0,0.974459,-0.0111,-0.014021,0.223852,-0.009206,0.062494,0.122058,0.0,,,,,,,,,,,,,,,,,,,,
2154.0,172800593.0,0.97446,-0.011104,-0.014015,0.22385,0.023331,0.048652,0.137679,0.0,,,,,,,,,,,,,,,,,,,,
2155.0,172817260.0,0.974462,-0.011091,-0.014019,0.223841,0.032718,0.034146,0.13959,0.0,,,,,,,,,,,,,,,,,,,,
2156.0,172833927.0,0.974462,-0.011085,-0.014031,0.22384,0.030428,0.043636,0.162314,0.0,,,,,,,,,,,,,,,,,,,,
2157.0,172850594.0,0.974461,-0.011082,-0.014037,0.223844,0.012931,0.033591,0.124578,0.0,,,,,,,,,,,,,,,,,,,,
2158.0,172867261.0,0.974459,-0.011077,-0.014044,0.223852,-0.010378,0.047855,0.148992,0.0,,,,,,,,,,,,,,,,,,,,
2159.0,172883928.0,0.974458,-0.011078,-0.014057,0.223857,-0.026433,0.059997,0.12252,0.0,,,,,,,,,,,,,,,,,,,,
2160.0,172900595.0,0.974456,-0.011074,-0.014065,0.223864,-0.023118,0.063129,0.133472,0.0,,,,,,,,,,,,,,,,,,,,
2161.0,172917262.0,0.974458,-0.011059,-0.014072,0.223857,-0.038484,0.064063,0.15449,0.0,,,,,,,,,,,,,,,,,,,,
2162.0,172933929.0,0.97446,-0.01105,-0.014083,0.223845,-0.030176,0.047475,0.151517,0.0,,,,,,,,,,,,,,,,,,,,
2163.0,172950596.0,0.97446,-0.011045,-0.014095,0.223846,-0.02457,0.030634,0.149173,0.0,,,,,,,,,,,,,,,,,,,,
2164.0,172967263.0,0.974459,-0.011048,-0.014094,0.223852,-0.016096,0.033682,0.138901,0.0,,,,,,,,,,,,,,,,,,,,
2165.0,172983930.0,0.974456,-0.011044,-0.0141,0.223862,-0.021362,0.036773,0.164382,0.0,,,,,,,,,,,,,,,,,,,,
2166.0,173000597.0,0.974457,-0.011044,-0.014109,0.22386,0.023224,0.044252,0.160778,0.0,,,,,,,,,,,,,,,,,,,,
2167.0,173017264.0,0.974458,-0.011041,-0.014123,0.223855,0.03242,0.056595,0.126156,0.0,,,,,,,,,,,,,,,,,,,,
2168.0,173033931.0,0.974456,-0.011034,-0.014131,0.223861,0.035664,0.049731,0.152332,0.0,,,,,,,,,,,,,,,,,,,,
2169.0,173050598.0,0.974458,-0.011026,-0.014136,0.223854,0.013524,0.073109,0.169803,0.0,,,,,,,,,,,,,,,,,,,,
2170.0,173067265.0,0.974458,-0.011025,-0.014138,0.223854,0.002782,0.061812,0.148769,0.0,,,,,,,,,,,,,,,,,,,,
2171.0,173083932.0,0.974457,-0.011023,-0.014152,0.223856,-0.008971,0.04336,0.150178,0.0,,,,,,,,,,,,,,,,,,,,
2172.0,173100599.0,0.974458,-0.01102,-0.014158,0.223851,-0.014002,0.039646,0.145912,0.0,,,,,,,,,,,,,,,,,,,,
2173.0,173117266.0,0.97446,-0.011018,-0.014159,0.223843,-0.022607,0.046206,0.172441,0.0,,,,,,,,,,,,,,,,,,,,
2174.0,173133933.0,0.97446,-0.01101,-0.014159,0.223846,-0.02716,0.032336,0.159736,0.0,,,,,,,,,,,,,,,,,,,,
2175.0,173150600.0,0.974459,-0.010989,-0.014162,0.223851,-0.020362,0.043415,0.131677,0.0,,,,,,,,,,,,,,,,,,,,
2176.0,173167267.0,0.974458,-0.010983,-0.014178,0.223853,-0.014206,0.039477,0.137979,0.0,,,,,,,,,,,,,,,,,,,,
2177.0,173183934.0,0.974457,-0.010985,-0.014175,0.223858,0.001044,0.04921,0.12343,0.0,,,,,,,,,,,,,,,,,,,,
2178.0,173200601.0,0.974457,-0.010982,-0.014185,0.223858,-0.006216,0.040047,0.156176,0.0,,,,,,,,,,,,,,,,,,,,
2179.0,173217268.0,0.974458,-0.010972,-0.014189,0.223854,0.007694,0.03867,0.165804,0.0,,,,,,,,,,,,,,,,,,,,
2180.0,173233935.0,0.974457,-0.010968,-0.0142,0.223857,0.031213,0.049114,0.174381,0.0,,,,,,,,,,,,,,,,,,,,
2181.0,173250602.0,0.974458,-0.010967,-0.014217,0.223852,0.014573,0.058182,0.165651,0.0,,,,,,,,,,,,,,,,,,,,
2182.0,173267269.0,0.974457,-0.010971,-0.014216,0.223855,0.017955,0.055145,0.151741,0.0,,,,,,,,,,,,,,,,,,,,
2183.0,173283936.0,0.974454,-0.010981,-0.014227,0.223865,0.001136,0.041893,0.120698,0.0,,,,,,,,,,,,,,,,,,,,
2184.0,173300603.0,0.974454,-0.010975,-0.014243,0.223866,-0.010832,0.032953,0.167161,0.0,,,,,,,,,,,,,,,,,,,,
2185.0,173317270.0,0.974456,-0.010961,-0.014241,0.22386,-0.021592,0.039887,0.13867,0.0,,,,,,,,,,,,,,,,,,,,
2186.0,173333937.0,0.974455,-0.010956,-0.014249,0.223864,-0.029168,0.037478,0.147752,0.0,,,,,,,,,,,,,,,,,,,,
2187.0,173350604.0,0.974454,-0.010958,-0.014238,0.223867,-0.041364,0.040179,0.143181,0.0,,,,,,,,,,,,,,,,,,,,
2188.0,173367271.0,0.974454,-0.010951,-0.014238,0.223868,-0.033834,0.052476,0.119173,0.0,,,,,,,,,,,,,,,,,,,,
2189.0,173383938.0,0.974454,-0.010938,-0.014241,0.22387,-0.018726,0.063449,0.172677,0.0,,,,,,,,,,,,,,,,,,,,
2190.0,173400605.0,0.974453,-0.010926,-0.014252,0.223871,-0.019243,0.050992,0.122478,0.0,,,,,,,,,,,,,,,,,,,,
2191.0,173417272.0,0.974455,-0.010912,-0.014268,0.223865,0.006444,0.027663,0.159156,0.0,,,,,,,,,,,,,,,,,,,,
2192.0,173433939.0,0.974454,-0.010904,-0.014274,0.223868,0.023862,0.030372,0.173901,0.0,,,,,,,,,,,,,,,,,,,,
2193.0,173450606.0,0.974454,-0.010909,-0.014278,0.223869,0.00993,0.038294,0.173009,0.0,,,,,,,,,,,,,,,,,,,,
2194.0,173467273.0,0.974453,-0.010907,-0.014288,0.22387,0.015231,0.04562,0.157074,0.0,,,,,,,,,,,,,,,,,,,,
2195.0,173483940.0,0.974452,-0.010901,-0.014284,0.223875,0.000736,0.05351,0.143505,0.0,,,,,,,,,,,,,,,,,,,,
2196.0,173500607.0,0.974452,-0.010899,-0.014293,0.223875,-0.014298,0.057774,0.151485,0.0,,,,,,,,,,,,,,,,,,,,
2197.0,173517274.0,0.974452,-0.010896,-0.014304,0.223874,-0.0092,0.054486,0.15137,0.0,,,,,,,,,,,,,,,,,,,,
2198.0,173533941.0,0.974452,-0.010885,-0.0143,0.223874,-0.020086,0.049049,0.154305,0.0,,,,,,,,,,,,,,,,,,,,
2199.0,173550608.0,0.97445,-0.010877,-0.014302,0.223887,-0.029467,0.03942,0.120852,0.0,,,,,,,,,,,,,,,,,,,,
2200.0,173567275.0,0.974447,-0.010863,-0.014303,0.223897,-0.043476,0.037353,0.136417,0.0,,,,,,,,,,,,,,,,,,,,
2201.0,173583942.0,0.974445,-0.010857,-0.014308,0.223907,-0.032736,0.03898,0.149654,0.0,,,,,,,,,,,,,,,,,,,,
2202.0,173600609.0,0.974444,-0.010854,-0.014324,0.223908,-0.028932,0.03666,0.144714,0.0,,,,,,,,,,,,,,,,,,,,
2203.0,173617276.0,0.974447,-0.010844,-0.014338,0.223897,-0.019774,0.052637,0.138935,0.0,,,,,,,,,,,,,,,,,,,,
2204.0,173633943.0,0.974449,-0.010846,-0.014355,0.223887,-0.004406,0.041261,0.150388,0.0,,,,,,,,,,,,,,,,,,,,
2205.0,173650610.0,0.974448,-0.010838,-0.014359,0.223892,0.013681,0.051919,0.150727,0.0,,,,,,,,,,,,,,,,,,,,
2206.0,173667277.0,0.974448,-0.010827,-0.01436,0.223893,0.015302,0.047529,0.115394,0.0,,,,,,,,,,,,,,,,,,,,
2207.0,173683944.0,0.974448,-0.01082,-0.014366,0.223894,0.02307,0.051179,0.147712,0.0,,,,,,,,,,,,,,,,,,,,
2208.0,173700611.0,0.974447,-0.010816,-0.014376,0.223898,-0.001435,0.031853,0.105523,0.0,,,,,,,,,,,,,,,,,,,,
2209.0,173717278.0,0.974447,-0.010807,-0.014372,0.223898,0.004064,0.044017,0.179709,0.0,,,,,,,,,,,,,,,,,,,,
2210.0,173733945.0,0.974448,-0.010795,-0.014383,0.223891,-0.0111,0.014003,0.186194,0.0,,,,,,,,,,,,,,,,,,,,
2211.0,173750612.0,0.974448,-0.010788,-0.014393,0.223893,-0.026852,0.028162,0.11637,0.0,,,,,,,,,,,,,,,,,,,,
2212.0,173767279.0,0.974447,-0.010784,-0.014399,0.223898,-0.037542,0.037299,0.126314,0.0,,,,,,,,,,,,,,,,,,,,
2213.0,173783946.0,0.974445,-0.01078,-0.014409,0.223904,-0.039086,0.055542,0.166565,0.0,,,,,,,,,,,,,,,,,,,,
2214.0,173800613.0,0.974445,-0.010774,-0.014413,0.223904,-0.042592,0.074532,0.181613,0.0,,,,,,,,,,,,,,,,,,,,
2215.0,173817280.0,0.974444,-0.010774,-0.014416,0.223907,-0.029723,0.059527,0.136783,0.0,,,,,,,,,,,,,,,,,,,,
2216.0,173833947.0,0.974444,-0.010774,-0.014424,0.223909,-0.005041,0.032689,0.156597,0.0,,,,,,,,,,,,,,,,,,,,
2217.0,173850614.0,0.974443,-0.010763,-0.014428,0.223912,0.010361,0.023473,0.138927,0.0,,,,,,,,,,,,,,,,,,,,
2218.0,173867281.0,0.974445,-0.01075,-0.014432,0.223907,0.018439,-0.004634,0.150457,0.0,,,,,,,,,,,,,,,,,,,,
2219.0,173883948.0,0.974442,-0.010749,-0.014443,0.223918,0.033445,0.030808,0.14145,0.0,,,,,,,,,,,,,,,,,,,,
2220.0,173900615.0,0.974439,-0.010738,-0.014459,0.22393,0.024029,0.038595,0.17144,0.0,,,,,,,,,,,,,,,,,,,,
2221.0,173917282.0,0.974437,-0.010737,-0.014461,0.223937,0.003267,0.064894,0.160948,0.0,,,,,,,,,,,,,,,,,,,,
2222.0,173933949.0,0.974436,-0.010732,-0.01447,0.223941,0.002386,0.053688,0.117756,0.0,,,,,,,,,,,,,,,,,,,,
2223.0,173950616.0,0.974434,-0.010724,-0.014474,0.22395,-0.00575,0.058754,0.155723,0.0,,,,,,,,,,,,,,,,,,,,
2224.0,173967283.0,0.974434,-0.010705,-0.014472,0.223951,-0.016142,0.050803,0.157157,0.0,,,,,,,,,,,,,,,,,,,,
2225.0,173983950.0,0.974434,-0.010696,-0.014475,0.223951,-0.044454,0.04258,0.160778,0.0,,,,,,,,,,,,,,,,,,,,
2226.0,174000617.0,0.974434,-0.010693,-0.014477,0.223953,-0.035125,0.03207,0.155277,0.0,,,,,,,,,,,,,,,,,,,,
2227.0,174017284.0,0.974433,-0.010698,-0.014472,0.223958,-0.03582,0.030142,0.107168,0.0,,,,,,,,,,,,,,,,,,,,
2228.0,174033951.0,0.974431,-0.01069,-0.014472,0.223964,-0.020514,0.02804,0.151542,0.0,,,,,,,,,,,,,,,,,,,,
2229.0,174050618.0,0.974432,-0.01069,-0.01447,0.223963,-0.011497,0.036995,0.144586,0.0,,,,,,,,,,,,,,,,,,,,
2230.0,174067285.0,0.974434,-0.010689,-0.014476,0.223952,-0.019934,0.040552,0.152363,0.0,,,,,,,,,,,,,,,,,,,,
2231.0,174083952.0,0.974435,-0.010676,-0.014486,0.223947,0.001895,0.051837,0.200817,0.0,,,,,,,,,,,,,,,,,,,,
2232.0,174100619.0,0.974433,-0.010674,-0.014491,0.223957,0.009866,0.040926,0.125743,0.0,,,,,,,,,,,,,,,,,,,,
2233.0,174117286.0,0.974436,-0.010664,-0.014493,0.223943,0.001563,0.06377,0.142574,0.0,,,,,,,,,,,,,,,,,,,,
2234.0,174133953.0,0.974434,-0.010658,-0.014498,0.223951,-0.003203,0.050354,0.163903,0.0,,,,,,,,,,,,,,,,,,,,
2235.0,174150620.0,0.974434,-0.010652,-0.014498,0.223955,-0.012273,0.043856,0.167325,0.0,,,,,,,,,,,,,,,,,,,,
2236.0,174167287.0,0.974434,-0.010639,-0.014499,0.223952,0.004445,0.037368,0.151352,0.0,,,,,,,,,,,,,,,,,,,,
2237.0,174183954.0,0.974435,-0.010631,-0.014504,0.223948,-0.021726,0.030372,0.121049,0.0,,,,,,,,,,,,,,,,,,,,
2238.0,174200621.0,0.974437,-0.010634,-0.01451,0.22394,-0.002197,0.02717,0.150285,0.0,,,,,,,,,,,,,,,,,,,,
2239.0,174217288.0,0.974437,-0.01062,-0.014519,0.223942,-0.027653,0.015561,0.178478,0.0,,,,,,,,,,,,,,,,,,,,
2240.0,174233955.0,0.974435,-0.010598,-0.014537,0.223947,-0.033847,0.016206,0.172325,0.0,,,,,,,,,,,,,,,,,,,,
2241.0,174250622.0,0.974432,-0.01058,-0.014547,0.223959,-0.018296,0.018925,0.131442,0.0,,,,,,,,,,,,,,,,,,,,
2242.0,174267289.0,0.974431,-0.010574,-0.014551,0.223968,0.000114,0.039586,0.138083,0.0,,,,,,,,,,,,,,,,,,,,
2243.0,174283956.0,0.97443,-0.010561,-0.014559,0.223969,-0.006815,0.043815,0.132138,0.0,,,,,,,,,,,,,,,,,,,,
2244.0,174300623.0,0.97443,-0.010554,-0.014565,0.223972,-0.011863,0.051191,0.139721,0.0,,,,,,,,,,,,,,,,,,,,
2245.0,174317290.0,0.974431,-0.01055,-0.014571,0.223966,-0.001837,0.052865,0.17768,0.0,,,,,,,,,,,,,,,,,,,,
2246.0,174333957.0,0.974432,-0.010535,-0.014578,0.223962,-0.003768,0.037671,0.133212,0.0,,,,,,,,,,,,,,,,,,,,
2247.0,174350624.0,0.974434,-0.01053,-0.014574,0.223953,0.020587,0.023201,0.122911,0.0,,,,,,,,,,,,,,,,,,,,
2248.0,174367291.0,0.974436,-0.010524,-0.014575,0.223946,0.006856,0.013826,0.158734,0.0,,,,,,,,,,,,,,,,,,,,
2249.0,174383958.0,0.974437,-0.010517,-0.014571,0.22394,-0.015726,0.00257,0.141845,0.0,,,,,,,,,,,,,,,,,,,,
2250.0,174400625.0,0.974435,-0.010519,-0.014576,0.223951,-0.006128,0.011448,0.101459,0.0,,,,,,,,,,,,,,,,,,,,
2251.0,174417292.0,0.974433,-0.010513,-0.014583,0.223958,-0.009892,0.028926,0.188438,0.0,,,,,,,,,,,,,,,,,,,,
2252.0,174433959.0,0.974432,-0.0105,-0.014587,0.223963,-0.006812,0.029762,0.135645,0.0,,,,,,,,,,,,,,,,,,,,
,,,,,,,,,,1.0,136966543.0,0.811854,-0.003782,-0.006114,-0.583816,-0.008726,-0.022875,0.267399,0.0,,,,,,,,,,
,,,,,,,,,,2.0,136983210.0,0.811852,-0.003789,-0.006102,-0.58382,-0.008863,-0.006623,0.251717,0.0,,,,,,,,,,
,,,,,,,,,,3.0,136999877.0,0.811853,-0.003781,-0.006102,-0.583818,-0.013998,0.008727,0.286637,0.0,,,,,,,,,,
,,,,,,,,,,4.0,137016544.0,0.811856,-0.00378,-0.006095,-0.583814,0.005248,0.00893,0.293708,0.0,,,,,,,,,,
,,,,,,,,,,5.0,137033211.0,0.811859,-0.003776,-0.006108,-0.583809,0.005273,0.006627,0.267633,0.0,,,,,,,,,,
,,,,,,,,,,6.0,137049878.0,0.811857,-0.003779,-0.006111,-0.583812,-0.000282,0.004745,0.245696,0.0,,,,,,,,,,
,,,,,,,,,,7.0,137066545.0,0.811848,-0.003762,-0.006129,-0.583824,0.002959,0.017944,0.244855,0.0,,,,,,,,,,
,,,,,,,,,,8.0,137083212.0,0.811844,-0.003759,-0.006143,-0.58383,0.030898,0.012307,0.281564,0.0,,,,,,,,,,
,,,,,,,,,,9.0,137099879.0,0.811839,-0.003764,-0.00614,-0.583837,0.027251,-0.013393,0.285937,0.0,,,,,,,,,,
,,,,,,,,,,10.0,137116546.0,0.811838,-0.003785,-0.006138,-0.583838,0.016751,-0.008888,0.303682,0.0,,,,,,,,,,
,,,,,,,,,,11.0,137133213.0,0.811834,-0.003807,-0.006113,-0.583843,0.005411,-0.012325,0.250605,0.0,,,,,,,,,,
,,,,,,,,,,12.0,137149880.0,0.811831,-0.003814,-0.006084,-0.583848,-0.024698,-0.02345,0.24922,0.0,,,,,,,,,,
,,,,,,,,,,13.0,137166547.0,0.81183,-0.003821,-0.006062,-0.58385,-0.024321,-0.010512,0.284049,0.0,,,,,,,,,,
,,,,,,,,,,14.0,137183214.0,0.811829,-0.003825,-0.006061,-0.583851,-0.032022,-0.012385,0.280234,0.0,,,,,,,,,,
,,,,,,,,,,15.0,137199881.0,0.81183,-0.0038,-0.006074,-0.58385,-0.023103,-0.000406,0.276466,0.0,,,,,,,,,,
,,,,,,,,,,16.0,137216548.0,0.81183,-0.003776,-0.006099,-0.58385,0.008991,-0.012903,0.252075,0.0,,,,,,,,,,
,,,,,,,,,,17.0,137233215.0,0.811827,-0.003751,-0.006122,-0.583853,0.02881,-0.002785,0.251187,0.0,,,,,,,,,,
,,,,,,,,,,18.0,137249882.0,0.811822,-0.003731,-0.006133,-0.583861,0.045988,0.005978,0.302273,0.0,,,,,,,,,,
,,,,,,,,,,19.0,137266549.0,0.811821,-0.003742,-0.00612,-0.583862,0.033334,0.019319,0.276767,0.0,,,,,,,,,,
,,,,,,,,,,20.0,137283216.0,0.81182,-0.003764,-0.006104,-0.583863,0.029557,0.015968,0.280206,0.0,,,,,,,,,,
,,,,,,,,,,21.0,137299883.0,0.81182,-0.003793,-0.006085,-0.583864,-0.008571,0.009419,0.25988,0.0,,,,,,,,,,
,,,,,,,,,,22.0,137316550.0,0.811812,-0.00381,-0.006073,-0.583875,-0.012293,-0.001124,0.261349,0.0,,,,,,,,,,
,,,,,,,,,,23.0,137333217.0,0.811812,-0.00383,-0.006073,-0.583875,-0.031927,-0.024084,0.282165,0.0,,,,,,,,,,
,,,,,,,,,,24.0,137349884.0,0.8118,-0.003828,-0.006076,-0.583891,-0.022242,-0.010933,0.255943,0.0,,,,,,,,,,
,,,,,,,,,,25.0,137366551.0,0.811793,-0.003818,-0.006097,-0.583901,-0.014032,-0.031497,0.226218,0.0,,,,,,,,,,
,,,,,,,,,,26.0,137383218.0,0.811794,-0.003791,-0.006107,-0.583899,0.00421,-0.021365,0.25561,0.0,,,,,,,,,,
,,,,,,,,,,27.0,137399885.0,0.811801,-0.003768,-0.006122,-0.583891,0.048238,-0.005271,0.276248,0.0,,,,,,,,,,
,,,,,,,,,,28.0,137416552.0,0.811806,-0.003754,-0.00613,-0.583883,0.040417,0.00025,0.301559,0.0,,,,,,,,,,
,,,,,,,,,,29.0,137433219.0,0.811804,-0.003753,-0.006125,-0.583885,0.039683,0.006179,0.277166,0.0,,,,,,,,,,
,,,,,,,,,,30.0,137449886.0,0.8118,-0.00376,-0.006097,-0.583892,0.025841,0.016179,0.25472,0.0,,,,,,,,,,
,,,,,,,,,,31.0,137466553.0,0.811793,-0.003778,-0.006078,-0.583901,0.00986,0.019661,0.246048,0.0,,,,,,,,,,
,,,,,,,,,,32.0,137483220.0,0.811791,-0.003783,-0.006073,-0.583905,-0.010586,0.015109,0.276206,0.0,,,,,,,,,,
,,,,,,,,,,33.0,137499887.0,0.811794,-0.003786,-0.006079,-0.5839,-0.019373,0.007215,0.304017,0.0,,,,,,,,,,
,,,,,,,,,,34.0,137516554.0,0.811794,-0.003785,-0.006092,-0.5839,-0.012685,-0.014623,0.281408,0.0,,,,,,,,,,
,,,,,,,,,,35.0,137533221.0,0.81179,-0.003774,-0.00612,-0.583906,-0.002185,-0.025205,0.243135,0.0,,,,,,,,,,
,,,,,,,,,,36.0,137549888.0,0.811791,-0.003762,-0.00613,-0.583904,0.019813,-0.030363,0.287395,0.0,,,,,,,,,,
,,,,,,,,,,37.0,137566555.0,0.811796,-0.003757,-0.006136,-0.583896,0.039255,-0.028471,0.278073,0.0,,,,,,,,,,
,,,,,,,,,,38.0,137583222.0,0.811795,-0.00375,-0.006128,-0.583898,0.036845,-0.035889,0.282337,0.0,,,,,,,,,,
,,,,,,,,,,39.0,137599889.0,0.811788,-0.003759,-0.006105,-0.583908,0.030122,-0.038931,0.268405,0.0,,,,,,,,,,
,,,,,,,,,,40.0,137616556.0,0.811785,-0.003761,-0.006078,-0.583913,0.001699,-0.027593,0.268305,0.0,,,,,,,,,,
,,,,,,,,,,41.0,137633223.0,0.811782,-0.003755,-0.006051,-0.583917,-0.027272,-0.005963,0.296451,0.0,,,,,,,,,,
,,,,,,,,,,42.0,137649890.0,0.811782,-0.003747,-0.006046,-0.583917,-0.01051,0.013221,0.253672,0.0,,,,,,,,,,
,,,,,,,,,,43.0,137666557.0,0.811785,-0.003737,-0.00606,-0.583913,-0.02185,0.016137,0.279582,0.0,,,,,,,,,,
,,,,,,,,,,44.0,137683224.0,0.811786,-0.003723,-0.006078,-0.583911,0.015325,0.01851,0.27483,0.0,,,,,,,,,,
,,,,,,,,,,45.0,137699891.0,0.811789,-0.003716,-0.006102,-0.583907,0.033873,0.020208,0.267347,0.0,,,,,,,,,,
,,,,,,,,,,46.0,137716558.0,0.811788,-0.003718,-0.006109,-0.583908,0.034332,0.008795,0.270021,0.0,,,,,,,,,,
,,,,,,,,,,47.0,137733225.0,0.811778,-0.003715,-0.006096,-0.583922,0.034918,0.000496,0.267679,0.0,,,,,,,,,,
,,,,,,,,,,48.0,137749892.0,0.811767,-0.00373,-0.00608,-0.583938,0.020104,-0.010548,0.274309,0.0,,,,,,,,,,
,,,,,,,,,,49.0,137766559.0,0.811757,-0.003747,-0.006053,-0.583952,-0.006488,-0.024707,0.246388,0.0,,,,,,,,,,
,,,,,,,,,,50.0,137783226.0,0.811754,-0.003756,-0.006033,-0.583956,-0.016763,-0.006571,0.264685,0.0,,,,,,,,,,
,,,,,,,,,,51.0,137799893.0,0.811755,-0.00376,-0.006032,-0.583955,-0.016082,-0.017421,0.233175,0.0,,,,,,,,,,
,,,,,,,,,,52.0,137816560.0,0.811755,-0.003757,-0.006042,-0.583954,-0.011062,-0.011593,0.258178,0.0,,,,,,,,,,
,,,,,,,,,,53.0,137833227.0,0.811758,-0.003742,-0.006062,-0.58395,0.013694,-0.000497,0.30224,0.0,,,,,,,,,,
,,,,,,,,,,54.0,137849894.0,0.811755,-0.003724,-0.006074,-0.583955,0.012593,-0.005952,0.295449,0.0,,,,,,,,,,
,,,,,,,,,,55.0,137866561.0,0.811753,-0.003719,-0.006071,-0.583958,0.028633,0.001199,0.27016,0.0,,,,,,,,,,
,,,,,,,,,,56.0,137883228.0,0.811748,-0.003721,-0.006066,-0.583964,0.02625,-0.003078,0.168457,0.0,,,,,,,,,,
,,,,,,,,,,57.0,137899895.0,0.811746,-0.003749,-0.00606,-0.583968,0.009548,0.007783,0.200254,0.0,,,,,,,,,,
,,,,,,,,,,58.0,137916562.0,0.811741,-0.003716,-0.006024,-0.583975,0.012607,0.013715,0.502905,0.0,,,,,,,,,,
,,,,,,,,,,59.0,137933229.0,0.811747,-0.003771,-0.006051,-0.583965,0.002431,-0.007932,0.050516,0.0,,,,,,,,,,
,,,,,,,,,,60.0,137949896.0,0.811747,-0.003738,-0.006037,-0.583966,-0.022254,-0.009027,0.292667,0.0,,,,,,,,,,
,,,,,,,,,,61.0,137966563.0,0.81175,-0.00376,-0.00605,-0.583962,-0.004218,-0.004699,0.350589,0.0,,,,,,,,,,
,,,,,,,,,,62.0,137983230.0,0.811746,-0.003767,-0.006045,-0.583967,0.008902,-0.024303,0.202116,0.0,,,,,,,,,,
,,,,,,,,,,63.0,137999897.0,0.811749,-0.003722,-0.006061,-0.583964,0.016783,0.0029,0.468719,0.0,,,,,,,,,,
,,,,,,,,,,64.0,138016564.0,0.811751,-0.003788,-0.006052,-0.58396,0.007353,-0.030491,0.089208,0.0,,,,,,,,,,
,,,,,,,,,,65.0,138033231.0,0.811747,-0.003728,-0.006049,-0.583966,0.009161,-0.001237,0.246564,0.0,,,,,,,,,,
,,,,,,,,,,66.0,138049898.0,0.811745,-0.003773,-0.006048,-0.583969,0.00703,0.011845,0.38462,0.0,,,,,,,,,,
,,,,,,,,,,67.0,138066565.0,0.811741,-0.003779,-0.006046,-0.583974,-0.002146,-0.013729,0.133263,0.0,,,,,,,,,,
,,,,,,,,,,68.0,138083232.0,0.811738,-0.003744,-0.006063,-0.583978,0.015556,0.005304,0.37943,0.0,,,,,,,,,,
,,,,,,,,,,69.0,138099899.0,0.811743,-0.0038,-0.006024,-0.583971,-0.009022,-0.004483,0.234304,0.0,,,,,,,,,,
,,,,,,,,,,70.0,138116566.0,0.81174,-0.003757,-0.006057,-0.583976,-0.004899,-0.007792,0.251478,0.0,,,,,,,,,,
,,,,,,,,,,71.0,138133233.0,0.811732,-0.003767,-0.00602,-0.583987,0.004853,-0.002487,0.289002,0.0,,,,,,,,,,
,,,,,,,,,,72.0,138149900.0,0.811735,-0.003763,-0.006045,-0.583983,-0.012063,-0.005267,0.238153,0.0,,,,,,,,,,
,,,,,,,,,,73.0,138166567.0,0.811731,-0.003747,-0.006057,-0.583988,0.017452,-0.000572,0.288375,0.0,,,,,,,,,,
,,,,,,,,,,74.0,138183234.0,0.811729,-0.003774,-0.00604,-0.583991,0.02118,-0.004678,0.215812,0.0,,,,,,,,,,
,,,,,,,,,,75.0,138199901.0,0.811728,-0.003739,-0.006065,-0.583992,0.020748,-0.000753,0.289714,0.0,,,,,,,,,,
,,,,,,,,,,76.0,138216568.0,0.811721,-0.003808,-0.006048,-0.584002,0.009257,-0.010852,0.258431,0.0,,,,,,,,,,
,,,,,,,,,,77.0,138233235.0,0.811721,-0.003784,-0.006066,-0.584002,0.004468,-0.005746,0.273564,0.0,,,,,,,,,,
,,,,,,,,,,78.0,138249902.0,0.811717,-0.003797,-0.006028,-0.584008,0.006311,0.003906,0.315703,0.0,,,,,,,,,,
,,,,,,,,,,79.0,138266569.0,0.811717,-0.003801,-0.006028,-0.584007,-0.012394,0.00466,0.219196,0.0,,,,,,,,,,
,,,,,,,,,,80.0,138283236.0,0.811711,-0.003772,-0.006028,-0.584016,-0.014859,-0.001821,0.301197,0.0,,,,,,,,,,
,,,,,,,,,,81.0,138299903.0,0.811705,-0.003777,-0.006004,-0.584024,-0.004387,0.005598,0.254162,0.0,,,,,,,,,,
,,,,,,,,,,82.0,138316570.0,0.811708,-0.003739,-0.006033,-0.58402,0.002428,0.00521,0.264095,0.0,,,,,,,,,,
,,,,,,,,,,83.0,138333237.0,0.811707,-0.003765,-0.006026,-0.584021,0.022317,0.002349,0.271372,0.0,,,,,,,,,,
,,,,,,,,,,84.0,138349904.0,0.811707,-0.00374,-0.006042,-0.584022,0.011435,-0.017852,0.256219,0.0,,,,,,,,,,
,,,,,,,,,,85.0,138366571.0,0.811701,-0.003753,-0.006029,-0.58403,0.026829,-0.00244,0.256106,0.0,,,,,,,,,,
,,,,,,,,,,86.0,138383238.0,0.811698,-0.003746,-0.006025,-0.584034,-0.006168,-0.003753,0.265589,0.0,,,,,,,,,,
,,,,,,,,,,87.0,138399905.0,0.811695,-0.003752,-0.006017,-0.584038,0.009413,-0.000608,0.265448,0.0,,,,,,,,,,
,,,,,,,,,,88.0,138416572.0,0.811694,-0.003756,-0.005993,-0.584041,-0.014503,-0.005659,0.267404,0.0,,,,,,,,,,
,,,,,,,,,,89.0,138433239.0,0.811694,-0.003757,-0.006003,-0.58404,-0.018509,-0.004004,0.27616,0.0,,,,,,,,,,
,,,,,,,,,,90.0,138449906.0,0.811691,-0.003768,-0.006007,-0.584044,0.005425,0.000635,0.262553,0.0,,,,,,,,,,
,,,,,,,,,,91.0,138466573.0,0.811694,-0.003755,-0.00603,-0.58404,0.01021,-0.006797,0.279879,0.0,,,,,,,,,,
,,,,,,,,,,92.0,138483240.0,0.811695,-0.003767,-0.006033,-0.584038,0.018263,-0.002647,0.255105,0.0,,,,,,,,,,
,,,,,,,,,,93.0,138499907.0,0.811691,-0.00375,-0.006041,-0.584043,0.006073,0.005161,0.282409,0.0,,,,,,,,,,
,,,,,,,,,,94.0,138516574.0,0.811691,-0.003753,-0.006041,-0.584044,0.025976,-0.009025,0.270035,0.0,,,,,,,,,,
,,,,,,,,,,95.0,138533241.0,0.811692,-0.003765,-0.00603,-0.584043,0.017341,-0.014201,0.266579,0.0,,,,,,,,,,
,,,,,,,,,,96.0,138549908.0,0.811689,-0.00377,-0.00603,-0.584046,0.007064,0.002515,0.234818,0.0,,,,,,,,,,
,,,,,,,,,,97.0,138566575.0,0.811688,-0.003773,-0.006013,-0.584048,0.018238,0.000479,0.252087,0.0,,,,,,,,,,
,,,,,,,,,,98.0,138583242.0,0.81169,-0.003752,-0.006006,-0.584045,0.006244,0.006215,0.283077,0.0,,,,,,,,,,
,,,,,,,,,,99.0,138599909.0,0.811689,-0.003774,-0.006008,-0.584047,0.014079,-0.018119,0.282579,0.0,,,,,,,,,,
,,,,,,,,,,100.0,138616576.0,0.811693,-0.003759,-0.00601,-0.584041,0.004177,-0.010876,0.26406,0.0,,,,,,,,,,
,,,,,,,,,,101.0,138633243.0,0.811701,-0.003757,-0.006015,-0.58403,0.005387,-0.006943,0.263255,0.0,,,,,,,,,,
,,,,,,,,,,102.0,138649910.0,0.811697,-0.003757,-0.006006,-0.584036,0.00662,-0.017879,0.265759,0.0,,,,,,,,,,
,,,,,,,,,,103.0,138666577.0,0.8117,-0.003755,-0.006008,-0.584032,0.011653,-0.008881,0.286768,0.0,,,,,,,,,,
,,,,,,,,,,104.0,138683244.0,0.811693,-0.003761,-0.006001,-0.584041,0.001092,-0.008172,0.295229,0.0,,,,,,,,,,
,,,,,,,,,,105.0,138699911.0,0.811695,-0.003756,-0.005996,-0.584038,0.008415,-0.002852,0.258051,0.0,,,,,,,,,,
,,,,,,,,,,106.0,138716578.0,0.811695,-0.003755,-0.005986,-0.584038,0.008858,-0.013834,0.263688,0.0,,,,,,,,,,
,,,,,,,,,,107.0,138733245.0,0.811697,-0.003761,-0.005991,-0.584036,-0.003904,-0.01793,0.290215,0.0,,,,,,,,,,
,,,,,,,,,,108.0,138749912.0,0.811696,-0.00375,-0.005981,-0.584037,0.014259,-0.009524,0.271288,0.0,,,,,,,,,,
,,,,,,,,,,109.0,138766579.0,0.811695,-0.003754,-0.005984,-0.584039,0.001873,-0.014528,0.294046,0.0,,,,,,,,,,
,,,,,,,,,,110.0,138783246.0,0.811691,-0.003763,-0.005989,-0.584044,-0.002092,-0.004649,0.252732,0.0,,,,,,,,,,
,,,,,,,,,,111.0,138799913.0,0.811696,-0.003768,-0.005989,-0.584038,0.008705,-0.008448,0.250255,0.0,,,,,,,,,,
,,,,,,,,,,112.0,138816580.0,0.811696,-0.003767,-0.005982,-0.584037,0.004628,-0.012419,0.283426,0.0,,,,,,,,,,
,,,,,,,,,,113.0,138833247.0,0.811698,-0.003766,-0.00598,-0.584035,0.003224,0.008717,0.269305,0.0,,,,,,,,,,
,,,,,,,,,,114.0,138849914.0,0.811692,-0.00378,-0.005983,-0.584043,0.006426,-0.013583,0.256392,0.0,,,,,,,,,,
,,,,,,,,,,115.0,138866581.0,0.811685,-0.003787,-0.005973,-0.584052,0.005425,-0.002371,0.257321,0.0,,,,,,,,,,
,,,,,,,,,,116.0,138883248.0,0.81168,-0.003791,-0.005966,-0.584059,3e-06,-0.005452,0.244142,0.0,,,,,,,,,,
,,,,,,,,,,117.0,138899915.0,0.811673,-0.003786,-0.005962,-0.58407,-0.004212,-0.001857,0.283206,0.0,,,,,,,,,,
,,,,,,,,,,118.0,138916582.0,0.81167,-0.003787,-0.005964,-0.584073,-0.007589,-0.009567,0.260395,0.0,,,,,,,,,,
,,,,,,,,,,119.0,138933249.0,0.811678,-0.003779,-0.005961,-0.584062,-0.005455,-0.019906,0.266079,0.0,,,,,,,,,,
,,,,,,,,,,120.0,138949916.0,0.811671,-0.003774,-0.005964,-0.584072,0.009943,-0.013271,0.264383,0.0,,,,,,,,,,
,,,,,,,,,,121.0,138966583.0,0.811666,-0.003781,-0.005971,-0.584079,0.013696,-0.009657,0.232663,0.0,,,,,,,,,,
,,,,,,,,,,122.0,138983250.0,0.811665,-0.003781,-0.005975,-0.58408,0.00498,-0.007243,0.261179,0.0,,,,,,,,,,
,,,,,,,,,,123.0,138999917.0,0.811661,-0.003773,-0.005973,-0.584086,0.016614,0.003545,0.263225,0.0,,,,,,,,,,
,,,,,,,,,,124.0,139016584.0,0.81166,-0.003769,-0.005975,-0.584088,0.009969,0.012372,0.264126,0.0,,,,,,,,,,
,,,,,,,,,,125.0,139033251.0,0.811664,-0.003768,-0.005975,-0.584082,0.00761,0.002026,0.255188,0.0,,,,,,,,,,
,,,,,,,,,,126.0,139049918.0,0.811667,-0.003766,-0.005968,-0.584078,0.012671,0.002135,0.277968,0.0,,,,,,,,,,
,,,,,,,,,,127.0,139066585.0,0.811668,-0.003776,-0.005973,-0.584076,0.003125,-0.009951,0.260161,0.0,,,,,,,,,,
,,,,,,,,,,128.0,139083252.0,0.811675,-0.003775,-0.005972,-0.584067,0.00639,-0.02196,0.274778,0.0,,,,,,,,,,
,,,,,,,,,,129.0,139099919.0,0.811669,-0.003774,-0.005974,-0.584075,0.002962,-0.007129,0.276716,0.0,,,,,,,,,,
,,,,,,,,,,130.0,139116586.0,0.811676,-0.003773,-0.005963,-0.584066,0.009125,-0.010463,0.280127,0.0,,,,,,,,,,
,,,,,,,,,,131.0,139133253.0,0.811678,-0.003774,-0.00596,-0.584062,0.015587,-0.015013,0.275576,0.0,,,,,,,,,,
,,,,,,,,,,132.0,139149920.0,0.811677,-0.003783,-0.005964,-0.584063,0.009935,-0.007443,0.255095,0.0,,,,,,,,,,
,,,,,,,,,,133.0,139166587.0,0.811681,-0.003788,-0.005958,-0.584058,0.015034,0.002126,0.285607,0.0,,,,,,,,,,
,,,,,,,,,,134.0,139183254.0,0.81168,-0.003789,-0.005955,-0.58406,0.011971,-0.004189,0.304409,0.0,,,,,,,,,,
,,,,,,,,,,135.0,139199921.0,0.811681,-0.003795,-0.005957,-0.584058,0.00958,-0.004774,0.265553,0.0,,,,,,,,,,
,,,,,,,,,,136.0,139216588.0,0.811683,-0.003795,-0.005956,-0.584055,0.025855,-0.003006,0.267527,0.0,,,,,,,,,,
,,,,,,,,,,137.0,139233255.0,0.81168,-0.003787,-0.005949,-0.58406,0.003403,-0.00825,0.272283,0.0,,,,,,,,,,
,,,,,,,,,,138.0,139249922.0,0.811678,-0.003792,-0.005944,-0.584063,0.013214,-0.003068,0.292229,0.0,,,,,,,,,,
,,,,,,,,,,139.0,139266589.0,0.811678,-0.003798,-0.005941,-0.584063,0.02049,-0.007032,0.268335,0.0,,,,,,,,,,
,,,,,,,,,,140.0,139283256.0,0.811682,-0.003795,-0.005935,-0.584058,0.013473,-0.006685,0.260014,0.0,,,,,,,,,,
,,,,,,,,,,141.0,139299923.0,0.811672,-0.003796,-0.00594,-0.584071,0.003811,-0.021526,0.253357,0.0,,,,,,,,,,
,,,,,,,,,,142.0,139316590.0,0.81167,-0.003797,-0.005931,-0.584074,0.008599,0.003562,0.272837,0.0,,,,,,,,,,
,,,,,,,,,,143.0,139333257.0,0.811676,-0.003784,-0.005925,-0.584066,0.006441,0.002375,0.279592,0.0,,,,,,,,,,
,,,,,,,,,,144.0,139349924.0,0.81168,-0.003781,-0.005923,-0.584061,0.003429,-0.011561,0.273095,0.0,,,,,,,,,,
,,,,,,,,,,145.0,139366591.0,0.811674,-0.003772,-0.005924,-0.584068,0.023913,-0.020626,0.271694,0.0,,,,,,,,,,
,,,,,,,,,,146.0,139383258.0,0.811661,-0.003761,-0.005922,-0.584086,0.001811,-0.01784,0.266162,0.0,,,,,,,,,,
,,,,,,,,,,147.0,139399925.0,0.811662,-0.003758,-0.005929,-0.584085,0.022891,-0.005473,0.283183,0.0,,,,,,,,,,
,,,,,,,,,,148.0,139416592.0,0.811665,-0.003764,-0.005936,-0.584081,0.008513,-0.003042,0.244723,0.0,,,,,,,,,,
,,,,,,,,,,149.0,139433259.0,0.811674,-0.003768,-0.005937,-0.584068,0.003883,-0.003501,0.27353,0.0,,,,,,,,,,
,,,,,,,,,,150.0,139449926.0,0.811671,-0.003773,-0.005938,-0.584072,0.021882,0.002729,0.278577,0.0,,,,,,,,,,
,,,,,,,,,,151.0,139466593.0,0.811668,-0.003782,-0.005929,-0.584076,0.014294,-0.006878,0.267121,0.0,,,,,,,,,,
,,,,,,,,,,152.0,139483260.0,0.811668,-0.003787,-0.005935,-0.584077,-0.003593,0.009525,0.262488,0.0,,,,,,,,,,
,,,,,,,,,,153.0,139499927.0,0.811669,-0.003787,-0.005939,-0.584075,0.000525,-0.006851,0.245126,0.0,,,,,,,,,,
,,,,,,,,,,154.0,139516594.0,0.811665,-0.00378,-0.005941,-0.584081,-0.003278,-0.003874,0.260047,0.0,,,,,,,,,,
,,,,,,,,,,155.0,139533261.0,0.811662,-0.003779,-0.005953,-0.584084,0.011707,-0.026219,0.280507,0.0,,,,,,,,,,
,,,,,,,,,,156.0,139549928.0,0.811661,-0.003779,-0.005962,-0.584086,0.010281,-0.015981,0.283807,0.0,,,,,,,,,,
,,,,,,,,,,157.0,139566595.0,0.81166,-0.003776,-0.005961,-0.584087,0.011202,-0.021349,0.264988,0.0,,,,,,,,,,
,,,,,,,,,,158.0,139583262.0,0.811657,-0.003766,-0.005953,-0.584091,0.028392,-0.013026,0.244883,0.0,,,,,,,,,,
,,,,,,,,,,159.0,139599929.0,0.811659,-0.003781,-0.005948,-0.584089,0.030254,-0.002332,0.277246,0.0,,,,,,,,,,
,,,,,,,,,,160.0,139616596.0,0.811656,-0.003791,-0.00594,-0.584092,-0.007743,-0.016744,0.278616,0.0,,,,,,,,,,
,,,,,,,,,,161.0,139633263.0,0.81165,-0.003792,-0.005928,-0.584101,-0.005192,-0.00324,0.286224,0.0,,,,,,,,,,
,,,,,,,,,,162.0,139649930.0,0.811652,-0.003797,-0.005923,-0.584099,-0.002498,-0.014576,0.266153,0.0,,,,,,,,,,
,,,,,,,,,,163.0,139666597.0,0.811649,-0.003796,-0.005919,-0.584103,0.004321,-0.014053,0.258585,0.0,,,,,,,,,,
,,,,,,,,,,164.0,139683264.0,0.811657,-0.003785,-0.00593,-0.584093,0.003025,-0.00878,0.292454,0.0,,,,,,,,,,
,,,,,,,,,,165.0,139699931.0,0.811654,-0.003784,-0.005936,-0.584096,0.008544,-0.011455,0.281232,0.0,,,,,,,,,,
,,,,,,,,,,166.0,139716598.0,0.811655,-0.003782,-0.005943,-0.584095,0.017801,-0.007345,0.291958,0.0,,,,,,,,,,
,,,,,,,,,,167.0,139733265.0,0.81165,-0.003777,-0.005946,-0.584101,0.020398,-0.013951,0.266547,0.0,,,,,,,,,,
,,,,,,,,,,168.0,139749932.0,0.811652,-0.003776,-0.005941,-0.584098,0.013927,-0.014558,0.265655,0.0,,,,,,,,,,
,,,,,,,,,,169.0,139766599.0,0.811655,-0.003778,-0.005943,-0.584095,0.009887,-0.023763,0.261797,0.0,,,,,,,,,,
,,,,,,,,,,170.0,139783266.0,0.811657,-0.00378,-0.005936,-0.584092,0.006431,-0.003512,0.279043,0.0,,,,,,,,,,
,,,,,,,,,,171.0,139799933.0,0.811659,-0.003774,-0.005938,-0.584089,0.007932,-0.013708,0.27837,0.0,,,,,,,,,,
,,,,,,,,,,172.0,139816600.0,0.811662,-0.003777,-0.005939,-0.584085,0.000652,-0.007165,0.282187,0.0,,,,,,,,,,
,,,,,,,,,,173.0,139833267.0,0.811663,-0.003783,-0.00594,-0.584083,0.005703,-0.007848,0.257854,0.0,,,,,,,,,,
,,,,,,,,,,174.0,139849934.0,0.811655,-0.003786,-0.005939,-0.584094,0.008845,-0.015169,0.266327,0.0,,,,,,,,,,
,,,,,,,,,,175.0,139866601.0,0.811656,-0.003789,-0.005941,-0.584093,0.018534,-0.003174,0.271072,0.0,,,,,,,,,,
,,,,,,,,,,176.0,139883268.0,0.81165,-0.0038,-0.005934,-0.584101,-0.000433,-0.008763,0.27119,0.0,,,,,,,,,,
,,,,,,,,,,177.0,139899935.0,0.811651,-0.003801,-0.005928,-0.584101,0.005321,-0.002628,0.278158,0.0,,,,,,,,,,
,,,,,,,,,,178.0,139916602.0,0.811649,-0.0038,-0.005927,-0.584103,0.001038,0.001746,0.23191,0.0,,,,,,,,,,
,,,,,,,,,,179.0,139933269.0,0.811649,-0.003803,-0.00594,-0.584103,0.002855,-0.014278,0.273852,0.0,,,,,,,,,,
,,,,,,,,,,180.0,139949936.0,0.811649,-0.003804,-0.005945,-0.584103,0.013818,-0.008231,0.258602,0.0,,,,,,,,,,
,,,,,,,,,,181.0,139966603.0,0.811651,-0.00381,-0.005954,-0.5841,0.02252,-0.008173,0.267298,0.0,,,,,,,,,,
,,,,,,,,,,182.0,139983270.0,0.811643,-0.0038,-0.005951,-0.584111,0.025174,-0.02222,0.245247,0.0,,,,,,,,,,
,,,,,,,,,,183.0,139999937.0,0.811643,-0.003793,-0.005941,-0.584112,0.008838,-0.013074,0.261021,0.0,,,,,,,,,,
,,,,,,,,,,184.0,140016604.0,0.811637,-0.003793,-0.005937,-0.58412,0.004683,-0.022869,0.268026,0.0,,,,,,,,,,
,,,,,,,,,,185.0,140033271.0,0.811637,-0.00379,-0.005936,-0.58412,0.011131,-0.018457,0.269156,0.0,,,,,,,,,,
,,,,,,,,,,186.0,140049938.0,0.811637,-0.003791,-0.005933,-0.58412,0.010434,0.000888,0.269494,0.0,,,,,,,,,,
,,,,,,,,,,187.0,140066605.0,0.811635,-0.00379,-0.00594,-0.584122,0.030008,-0.002009,0.237955,0.0,,,,,,,,,,
,,,,,,,,,,188.0,140083272.0,0.81163,-0.003778,-0.00593,-0.584129,0.003636,-0.003799,0.259748,0.0,,,,,,,,,,
,,,,,,,,,,189.0,140099939.0,0.81163,-0.003773,-0.005918,-0.58413,0.013057,0.004347,0.267132,0.0,,,,,,,,,,
,,,,,,,,,,190.0,140116606.0,0.811628,-0.003777,-0.005918,-0.584133,0.016123,0.004988,0.266817,0.0,,,,,,,,,,
,,,,,,,,,,191.0,140133273.0,0.811626,-0.003778,-0.005911,-0.584135,0.010177,-0.010908,0.28399,0.0,,,,,,,,,,
,,,,,,,,,,192.0,140149940.0,0.81163,-0.003779,-0.005904,-0.58413,-0.019592,-0.004306,0.27201,0.0,,,,,,,,,,
,,,,,,,,,,193.0,140166607.0,0.811633,-0.003784,-0.005907,-0.584126,-0.00151,-0.006,0.283256,0.0,,,,,,,,,,
,,,,,,,,,,194.0,140183274.0,0.811638,-0.003787,-0.005912,-0.584119,0.006919,-0.02004,0.279399,0.0,,,,,,,,,,
,,,,,,,,,,195.0,140199941.0,0.811636,-0.003782,-0.005907,-0.584121,0.022483,-0.011552,0.281063,0.0,,,,,,,,,,
,,,,,,,,,,196.0,140216608.0,0.811644,-0.003777,-0.005905,-0.584111,0.01946,-0.008435,0.268006,0.0,,,,,,,,,,
,,,,,,,,,,197.0,140233275.0,0.811648,-0.003781,-0.005901,-0.584105,0.0235,-0.013863,0.259826,0.0,,,,,,,,,,
,,,,,,,,,,198.0,140249942.0,0.811644,-0.003777,-0.005893,-0.58411,0.018026,-0.01705,0.25422,0.0,,,,,,,,,,
,,,,,,,,,,199.0,140266609.0,0.81164,-0.003775,-0.005897,-0.584116,0.021902,-0.003344,0.270781,0.0,,,,,,,,,,
,,,,,,,,,,200.0,140283276.0,0.811636,-0.003782,-0.005894,-0.584122,0.003906,-0.014444,0.276928,0.0,,,,,,,,,,
,,,,,,,,,,201.0,140299943.0,0.811641,-0.003778,-0.005896,-0.584115,0.017591,-0.004394,0.282379,0.0,,,,,,,,,,
,,,,,,,,,,202.0,140316610.0,0.811637,-0.003774,-0.005894,-0.584121,0.014154,-0.000811,0.262057,0.0,,,,,,,,,,
,,,,,,,,,,203.0,140333277.0,0.81164,-0.003779,-0.005895,-0.584116,0.008261,-0.008903,0.259488,0.0,,,,,,,,,,
,,,,,,,,,,204.0,140349944.0,0.811643,-0.00378,-0.005895,-0.584112,-0.002006,0.001048,0.265105,0.0,,,,,,,,,,
,,,,,,,,,,205.0,140366611.0,0.811643,-0.00378,-0.005892,-0.584112,0.014277,0.009538,0.273344,0.0,,,,,,,,,,
,,,,,,,,,,206.0,140383278.0,0.811642,-0.003778,-0.00589,-0.584114,0.020801,-0.015149,0.264052,0.0,,,,,,,,,,
,,,,,,,,,,207.0,140399945.0,0.81164,-0.003783,-0.005883,-0.584116,0.018121,-0.016351,0.253024,0.0,,,,,,,,,,
,,,,,,,,,,208.0,140416612.0,0.811636,-0.003789,-0.005878,-0.584121,0.00016,-0.005863,0.277839,0.0,,,,,,,,,,
,,,,,,,,,,209.0,140433279.0,0.811642,-0.003788,-0.005864,-0.584114,0.009454,0.002796,0.28288,0.0,,,,,,,,,,
,,,,,,,,,,210.0,140449946.0,0.811645,-0.003772,-0.005859,-0.584109,0.007854,-0.00239,0.25816,0.0,,,,,,,,,,
,,,,,,,,,,211.0,140466613.0,0.811652,-0.003755,-0.005865,-0.5841,0.009865,0.012577,0.279674,0.0,,,,,,,,,,
,,,,,,,,,,212.0,140483280.0,0.811656,-0.003747,-0.005883,-0.584094,0.021308,0.002405,0.268769,0.0,,,,,,,,,,
,,,,,,,,,,213.0,140499947.0,0.811586,-0.003788,-0.006087,-0.584189,0.039167,-0.001607,0.261139,0.0,,,,,,,,,,
,,,,,,,,,,214.0,140516614.0,0.811583,-0.00379,-0.006082,-0.584194,0.037206,-0.017703,0.272688,0.0,,,,,,,,,,
,,,,,,,,,,215.0,140533281.0,0.811576,-0.003808,-0.006076,-0.584203,0.01078,-0.032718,0.272626,0.0,,,,,,,,,,
,,,,,,,,,,216.0,140549948.0,0.811573,-0.00383,-0.006089,-0.584207,0.006621,-0.045463,0.291809,0.0,,,,,,,,,,
,,,,,,,,,,217.0,140566615.0,0.811567,-0.003842,-0.00605,-0.584216,-0.008816,-0.04657,0.249299,0.0,,,,,,,,,,
,,,,,,,,,,218.0,140583282.0,0.811565,-0.003845,-0.006042,-0.584219,-0.014275,-0.026744,0.271081,0.0,,,,,,,,,,
,,,,,,,,,,219.0,140599949.0,0.811569,-0.003832,-0.006029,-0.584213,-0.031475,-0.034258,0.239163,0.0,,,,,,,,,,
,,,,,,,,,,220.0,140616616.0,0.811575,-0.003797,-0.006042,-0.584204,-0.00457,-0.000241,0.254839,0.0,,,,,,,,,,
,,,,,,,,,,221.0,140633283.0,0.811578,-0.003771,-0.006057,-0.584201,0.019481,0.013766,0.265784,0.0,,,,,,,,,,
,,,,,,,,,,222.0,140649950.0,0.811581,-0.00375,-0.006063,-0.584197,0.023534,0.014837,0.265236,0.0,,,,,,,,,,
,,,,,,,,,,223.0,140666617.0,0.811581,-0.003735,-0.006072,-0.584196,0.027993,0.029161,0.27598,0.0,,,,,,,,,,
,,,,,,,,,,224.0,140683284.0,0.811573,-0.003752,-0.006057,-0.584208,0.036759,0.038858,0.2699,0.0,,,,,,,,,,
,,,,,,,,,,225.0,140699951.0,0.811569,-0.003769,-0.006049,-0.584213,0.016769,0.021139,0.252243,0.0,,,,,,,,,,
,,,,,,,,,,226.0,140716618.0,0.811567,-0.003783,-0.006038,-0.584215,-0.002228,0.004719,0.265586,0.0,,,,,,,,,,
,,,,,,,,,,227.0,140733285.0,0.811565,-0.003809,-0.00603,-0.584218,-0.008357,-0.034602,0.263832,0.0,,,,,,,,,,
,,,,,,,,,,228.0,140749952.0,0.811568,-0.003825,-0.006035,-0.584214,-0.010645,-0.02985,0.263377,0.0,,,,,,,,,,
,,,,,,,,,,229.0,140766619.0,0.811566,-0.003825,-0.006039,-0.584217,-0.015251,-0.05496,0.276423,0.0,,,,,,,,,,
,,,,,,,,,,230.0,140783286.0,0.811566,-0.003813,-0.00604,-0.584217,0.000632,-0.047328,0.284551,0.0,,,,,,,,,,
,,,,,,,,,,231.0,140799953.0,0.811569,-0.0038,-0.006052,-0.584213,0.016459,-0.053013,0.286907,0.0,,,,,,,,,,
,,,,,,,,,,232.0,140816620.0,0.811565,-0.00379,-0.00606,-0.584219,0.027341,-0.021547,0.281148,0.0,,,,,,,,,,
,,,,,,,,,,233.0,140833287.0,0.811564,-0.003772,-0.006047,-0.584221,0.006593,-0.000601,0.279438,0.0,,,,,,,,,,
,,,,,,,,,,234.0,140849954.0,0.811561,-0.00375,-0.006033,-0.584225,0.021368,0.009534,0.278243,0.0,,,,,,,,,,
,,,,,,,,,,235.0,140866621.0,0.811561,-0.003755,-0.006033,-0.584225,0.00301,0.023797,0.262184,0.0,,,,,,,,,,
,,,,,,,,,,236.0,140883288.0,0.81156,-0.003755,-0.006017,-0.584226,0.011508,0.024771,0.291166,0.0,,,,,,,,,,
,,,,,,,,,,237.0,140899955.0,0.811558,-0.003769,-0.006008,-0.584228,0.005536,0.004964,0.258341,0.0,,,,,,,,,,
,,,,,,,,,,238.0,140916622.0,0.811555,-0.003778,-0.006012,-0.584233,0.001927,0.015262,0.238169,0.0,,,,,,,,,,
,,,,,,,,,,239.0,140933289.0,0.811549,-0.003788,-0.006013,-0.584241,-0.003531,-0.010707,0.265128,0.0,,,,,,,,,,
,,,,,,,,,,240.0,140949956.0,0.811551,-0.003797,-0.006014,-0.584239,0.000219,-0.018195,0.258785,0.0,,,,,,,,,,
,,,,,,,,,,241.0,140966623.0,0.811553,-0.003796,-0.00601,-0.584236,0.020011,-0.028335,0.278787,0.0,,,,,,,,,,
,,,,,,,,,,242.0,140983290.0,0.811555,-0.003795,-0.00601,-0.584232,0.011794,-0.030894,0.266986,0.0,,,,,,,,,,
,,,,,,,,,,243.0,140999957.0,0.81156,-0.003793,-0.006022,-0.584226,0.006467,-0.038466,0.258996,0.0,,,,,,,,,,
,,,,,,,,,,244.0,141016624.0,0.811563,-0.003778,-0.006012,-0.584221,0.019363,-0.004912,0.270169,0.0,,,,,,,,,,
,,,,,,,,,,245.0,141033291.0,0.811563,-0.003769,-0.005997,-0.584222,0.019578,-0.009555,0.276282,0.0,,,,,,,,,,
,,,,,,,,,,246.0,141049958.0,0.811558,-0.003769,-0.005978,-0.584229,0.001798,-0.00924,0.250147,0.0,,,,,,,,,,
,,,,,,,,,,247.0,141066625.0,0.811558,-0.003759,-0.005966,-0.58423,0.001855,0.022715,0.276057,0.0,,,,,,,,,,
,,,,,,,,,,248.0,141083292.0,0.811558,-0.003752,-0.005959,-0.58423,0.000574,0.02151,0.269024,0.0,,,,,,,,,,
,,,,,,,,,,249.0,141099959.0,0.81156,-0.003744,-0.005971,-0.584227,-0.007638,0.032988,0.265527,0.0,,,,,,,,,,
,,,,,,,,,,250.0,141116626.0,0.811562,-0.003745,-0.005982,-0.584223,0.023581,0.018732,0.27632,0.0,,,,,,,,,,
,,,,,,,,,,251.0,141133293.0,0.811563,-0.003751,-0.005999,-0.584222,0.020058,0.016862,0.269281,0.0,,,,,,,,,,
,,,,,,,,,,252.0,141149960.0,0.811561,-0.003762,-0.006012,-0.584225,0.018385,-0.023556,0.257976,0.0,,,,,,,,,,
,,,,,,,,,,253.0,141166627.0,0.811558,-0.003772,-0.006019,-0.584228,0.016979,-0.0199,0.276265,0.0,,,,,,,,,,
,,,,,,,,,,254.0,141183294.0,0.811556,-0.003788,-0.006011,-0.584231,0.021219,-0.050883,0.254857,0.0,,,,,,,,,,
,,,,,,,,,,255.0,141199961.0,0.811558,-0.003791,-0.005991,-0.58423,0.00307,-0.049864,0.251747,0.0,,,,,,,,,,
,,,,,,,,,,256.0,141216628.0,0.811558,-0.003789,-0.005972,-0.584229,-0.001944,-0.03727,0.274797,0.0,,,,,,,,,,
,,,,,,,,,,257.0,141233295.0,0.811557,-0.003778,-0.00597,-0.584231,-0.00925,-0.020311,0.259445,0.0,,,,,,,,,,
,,,,,,,,,,258.0,141249962.0,0.811556,-0.003766,-0.005974,-0.584232,-0.017102,-0.009498,0.262788,0.0,,,,,,,,,,
,,,,,,,,,,259.0,141266629.0,0.811554,-0.003742,-0.005981,-0.584235,0.00102,0.002645,0.273419,0.0,,,,,,,,,,
,,,,,,,,,,260.0,141283296.0,0.811552,-0.00371,-0.005996,-0.584238,0.02412,0.009615,0.264456,0.0,,,,,,,,,,
,,,,,,,,,,261.0,141299963.0,0.811557,-0.003708,-0.006004,-0.58423,0.039448,0.030794,0.277514,0.0,,,,,,,,,,
,,,,,,,,,,262.0,141316630.0,0.811558,-0.003704,-0.006003,-0.58423,0.040614,0.030915,0.290311,0.0,,,,,,,,,,
,,,,,,,,,,263.0,141333297.0,0.811552,-0.003717,-0.005989,-0.584238,0.037836,0.022863,0.268811,0.0,,,,,,,,,,
,,,,,,,,,,264.0,141349964.0,0.811542,-0.003729,-0.005996,-0.584251,0.015068,0.003107,0.243481,0.0,,,,,,,,,,
,,,,,,,,,,265.0,141366631.0,0.811544,-0.003765,-0.005987,-0.584248,0.0049,0.007228,0.259842,0.0,,,,,,,,,,
,,,,,,,,,,266.0,141383298.0,0.811546,-0.003796,-0.005963,-0.584246,-0.025384,-0.00623,0.262237,0.0,,,,,,,,,,
,,,,,,,,,,267.0,141399965.0,0.811544,-0.003793,-0.005969,-0.584249,-0.018604,-0.034825,0.248832,0.0,,,,,,,,,,
,,,,,,,,,,268.0,141416632.0,0.811541,-0.003797,-0.005973,-0.584252,-0.0265,-0.047633,0.2607,0.0,,,,,,,,,,
,,,,,,,,,,269.0,141433299.0,0.811549,-0.003787,-0.005993,-0.584242,-0.005184,-0.03302,0.290918,0.0,,,,,,,,,,
,,,,,,,,,,270.0,141449966.0,0.811547,-0.003774,-0.00601,-0.584244,0.010253,-0.025247,0.276132,0.0,,,,,,,,,,
,,,,,,,,,,271.0,141466633.0,0.811549,-0.003751,-0.006023,-0.584241,0.026154,-0.019996,0.268744,0.0,,,,,,,,,,
,,,,,,,,,,272.0,141483300.0,0.811549,-0.003751,-0.006016,-0.584241,0.033142,-0.003308,0.246194,0.0,,,,,,,,,,
,,,,,,,,,,273.0,141499967.0,0.811318,-0.001863,-0.004358,-0.584586,0.01156,-0.383465,-0.031479,0.0,,,,,,,,,,
,,,,,,,,,,274.0,141516634.0,0.81162,-0.000344,-0.00453,-0.584168,0.177614,-1.235056,0.721581,0.0,,,,,,,,,,
,,,,,,,,,,275.0,141533301.0,0.810329,-0.004562,-0.007071,-0.585915,0.143951,-1.110426,0.462906,0.0,,,,,,,,,,
,,,,,,,,,,276.0,141549968.0,0.809214,-0.006394,-0.007427,-0.587433,-0.011777,0.105646,-0.045349,0.0,,,,,,,,,,
,,,,,,,,,,277.0,141566635.0,0.806882,-0.006861,-0.008376,-0.590614,-0.544136,1.35438,0.355293,0.0,,,,,,,,,,
,,,,,,,,,,278.0,141583302.0,0.799416,-0.008435,-0.009101,-0.60065,-0.304296,1.097469,0.148508,0.0,,,,,,,,,,
,,,,,,,,,,279.0,141599969.0,0.792536,-0.008108,-0.009548,-0.609697,0.029088,0.235099,0.209744,0.0,,,,,,,,,,
,,,,,,,,,,280.0,141616636.0,0.787599,-0.008147,-0.00936,-0.616064,0.312297,0.146598,0.357659,0.0,,,,,,,,,,
,,,,,,,,,,281.0,141633303.0,0.78498,-0.008721,-0.008086,-0.619407,0.488718,0.107831,0.240586,0.0,,,,,,,,,,
,,,,,,,,,,282.0,141649970.0,0.783769,-0.008418,-0.008685,-0.620935,0.819658,0.513637,0.156004,0.0,,,,,,,,,,
,,,,,,,,,,283.0,141666637.0,0.784818,-0.008058,-0.009521,-0.619601,0.456267,1.134609,0.361101,0.0,,,,,,,,,,
,,,,,,,,,,284.0,141683304.0,0.787335,-0.007949,-0.009767,-0.616397,0.04993,1.961876,0.217939,0.0,,,,,,,,,,
,,,,,,,,,,285.0,141699971.0,0.791365,-0.00808,-0.009496,-0.611216,-0.13748,2.153679,0.166374,0.0,,,,,,,,,,
,,,,,,,,,,286.0,141716638.0,0.79405,-0.008195,-0.008326,-0.60774,-0.109219,1.583471,0.139822,0.0,,,,,,,,,,
,,,,,,,,,,287.0,141733305.0,0.79574,-0.006741,-0.008953,-0.605535,0.186048,2.103342,0.276525,0.0,,,,,,,,,,
,,,,,,,,,,288.0,141749972.0,0.797468,-0.005102,-0.010751,-0.603244,-0.434518,3.461635,0.168265,0.0,,,,,,,,,,
,,,,,,,,,,289.0,141766639.0,0.798934,-0.004322,-0.010708,-0.601308,-1.164363,3.972637,0.239941,0.0,,,,,,,,,,
,,,,,,,,,,290.0,141783306.0,0.799664,-0.003844,-0.010793,-0.600339,-1.857216,3.990165,0.18049,0.0,,,,,,,,,,
,,,,,,,,,,291.0,141799973.0,0.799769,-0.002169,-0.010854,-0.600206,-2.064889,3.13198,0.158361,0.0,,,,,,,,,,
,,,,,,,,,,292.0,141816640.0,0.797564,-0.000314,-0.010242,-0.603148,-0.838903,0.768039,0.359808,0.0,,,,,,,,,,
,,,,,,,,,,293.0,141833307.0,0.792699,-0.000737,-0.007619,-0.609565,0.664735,-0.960341,-0.778865,0.0,,,,,,,,,,
,,,,,,,,,,294.0,141849974.0,0.787197,-0.007295,-0.008264,-0.616603,1.157045,-2.840688,1.116482,0.0,,,,,,,,,,
,,,,,,,,,,295.0,141866641.0,0.782558,-0.013195,-0.012486,-0.622312,1.791969,-4.070066,-0.1637,0.0,,,,,,,,,,
,,,,,,,,,,296.0,141883308.0,0.779189,-0.016163,-0.007744,-0.626533,2.273901,-6.20052,-3.22512,0.0,,,,,,,,,,
,,,,,,,,,,297.0,141899975.0,0.774661,-0.016263,-0.014911,-0.631992,-0.035031,-2.038209,3.797276,0.0,,,,,,,,,,
,,,,,,,,,,298.0,141916642.0,0.776429,-0.014675,-0.016827,-0.62981,-0.341135,-2.115721,2.334328,0.0,,,,,,,,,,
,,,,,,,,,,299.0,141933309.0,0.78203,-0.009745,-0.01299,-0.62303,-0.521712,-2.622652,1.964454,0.0,,,,,,,,,,
,,,,,,,,,,300.0,141949976.0,0.785268,-0.007378,-0.005913,-0.619084,-0.792929,-3.91538,2.260022,0.0,,,,,,,,,,
,,,,,,,,,,301.0,141966643.0,0.788036,-0.006547,0.002692,-0.615589,0.270917,-3.367987,0.907758,0.0,,,,,,,,,,
,,,,,,,,,,302.0,141983310.0,0.790927,-0.00483,0.013584,-0.61174,0.711044,-3.194062,-0.310179,0.0,,,,,,,,,,
,,,,,,,,,,303.0,141999977.0,0.791525,-0.005588,0.019091,-0.610813,0.354903,-3.432546,-0.865244,0.0,,,,,,,,,,
,,,,,,,,,,304.0,142016644.0,0.790487,-0.009191,0.018627,-0.612126,0.581038,-2.553785,-1.064099,0.0,,,,,,,,,,
,,,,,,,,,,305.0,142033311.0,0.790268,-0.011913,0.017761,-0.612388,0.362669,-1.921878,-0.009593,0.0,,,,,,,,,,
,,,,,,,,,,306.0,142049978.0,0.790631,-0.0143,0.017653,-0.611871,0.429,-2.15219,0.842778,0.0,,,,,,,,,,
,,,,,,,,,,307.0,142066645.0,0.791077,-0.018135,0.016634,-0.611222,0.505107,-2.089214,0.944602,0.0,,,,,,,,,,
,,,,,,,,,,308.0,142083312.0,0.791784,-0.022097,0.01624,-0.610186,0.878744,-1.775528,0.422407,0.0,,,,,,,,,,
,,,,,,,,,,309.0,142099979.0,0.792996,-0.02521,0.017922,-0.608441,0.465713,-0.717354,0.278681,0.0,,,,,,,,,,
,,,,,,,,,,310.0,142116646.0,0.794444,-0.027545,0.020291,-0.606373,0.003096,0.23079,0.062877,0.0,,,,,,,,,,
,,,,,,,,,,311.0,142133313.0,0.796153,-0.02989,0.022518,-0.603937,-0.314129,0.937613,0.342647,0.0,,,,,,,,,,
,,,,,,,,,,312.0,142149980.0,0.797635,-0.032273,0.024335,-0.601785,-0.2352,1.043947,-0.091063,0.0,,,,,,,,,,
,,,,,,,,,,313.0,142166647.0,0.798889,-0.034676,0.024871,-0.599963,-0.09439,1.185317,-0.977003,0.0,,,,,,,,,,
,,,,,,,,,,314.0,142183314.0,0.800166,-0.036114,0.025454,-0.598149,-0.046658,1.527842,-1.197619,0.0,,,,,,,,,,
,,,,,,,,,,315.0,142199981.0,0.801299,-0.036027,0.027375,-0.59655,-0.099165,1.416109,-0.924946,0.0,,,,,,,,,,
,,,,,,,,,,316.0,142216648.0,0.802042,-0.035876,0.029388,-0.595464,-0.192157,1.525151,-0.27462,0.0,,,,,,,,,,
,,,,,,,,,,317.0,142233315.0,0.802265,-0.036881,0.031011,-0.595021,-0.390346,2.021226,0.379136,0.0,,,,,,,,,,
,,,,,,,,,,318.0,142249982.0,0.802361,-0.038132,0.033048,-0.594703,-0.734642,2.223352,0.252981,0.0,,,,,,,,,,
,,,,,,,,,,319.0,142266649.0,0.802098,-0.038686,0.035988,-0.59485,-0.477244,2.258667,-0.699184,0.0,,,,,,,,,,
,,,,,,,,,,320.0,142283316.0,0.801435,-0.038704,0.038252,-0.595601,-0.477309,1.901529,-0.783921,0.0,,,,,,,,,,
,,,,,,,,,,321.0,142299983.0,0.799967,-0.038776,0.039222,-0.597504,-0.378631,1.47726,-0.539421,0.0,,,,,,,,,,
,,,,,,,,,,322.0,142316650.0,0.79796,-0.038613,0.040204,-0.600128,-0.355341,1.314031,-0.425123,0.0,,,,,,,,,,
,,,,,,,,,,323.0,142333317.0,0.795824,-0.038227,0.041032,-0.602926,-0.202295,1.162974,-0.528572,0.0,,,,,,,,,,
,,,,,,,,,,324.0,142349984.0,0.793994,-0.038753,0.040184,-0.605358,0.465463,0.340157,0.808361,0.0,,,,,,,,,,
,,,,,,,,,,325.0,142366651.0,0.791847,-0.03231,0.025198,-0.609344,-0.37316,-0.300736,3.140583,0.0,,,,,,,,,,
,,,,,,,,,,326.0,142383318.0,0.789419,-0.030601,0.016161,-0.612879,0.146114,0.76106,2.722548,0.0,,,,,,,,,,
,,,,,,,,,,327.0,142399985.0,0.78817,-0.03272,0.01584,-0.614383,-0.529821,0.482226,0.293963,0.0,,,,,,,,,,
,,,,,,,,,,328.0,142416652.0,0.787063,-0.031657,0.015332,-0.61587,0.035451,-0.309002,-0.325031,0.0,,,,,,,,,,
,,,,,,,,,,329.0,142433319.0,0.785868,-0.027689,0.012762,-0.617642,0.268523,-0.659645,-0.046,0.0,,,,,,,,,,
,,,,,,,,,,330.0,142449986.0,0.785532,-0.021939,0.008975,-0.618367,0.146607,-0.426879,-0.017425,0.0,,,,,,,,,,
,,,,,,,,,,331.0,142466653.0,0.785262,-0.014624,0.00378,-0.618979,0.372089,-0.576548,0.143971,0.0,,,,,,,,,,
,,,,,,,,,,332.0,142483320.0,0.784595,-0.009463,-0.000199,-0.619937,0.223381,-0.113604,1.539856,0.0,,,,,,,,,,
,,,,,,,,,,333.0,142499987.0,0.783542,-0.009406,-0.00028,-0.621268,0.065222,-0.081316,0.239209,0.0,,,,,,,,,,
,,,,,,,,,,334.0,142516654.0,0.783085,-0.009389,-0.000336,-0.621843,0.134231,-0.147987,0.283385,0.0,,,,,,,,,,
,,,,,,,,,,335.0,142533321.0,0.782621,-0.009269,-0.00026,-0.62243,0.088936,0.001597,0.269547,0.0,,,,,,,,,,
,,,,,,,,,,336.0,142549988.0,0.782358,-0.009174,-0.000131,-0.622762,0.000409,0.050477,0.271276,0.0,,,,,,,,,,
,,,,,,,,,,337.0,142566655.0,0.782135,-0.009095,-3.2e-05,-0.623042,-0.039425,0.125051,0.269258,0.0,,,,,,,,,,
,,,,,,,,,,338.0,142583322.0,0.781921,-0.008977,8.5e-05,-0.623313,-0.133395,0.188063,0.256799,0.0,,,,,,,,,,
,,,,,,,,,,339.0,142599989.0,0.781627,-0.008859,0.000122,-0.623684,-0.104073,0.101549,0.262573,0.0,,,,,,,,,,
,,,,,,,,,,340.0,142616656.0,0.781401,-0.008676,0.000155,-0.623969,-0.10366,0.161563,0.244637,0.0,,,,,,,,,,
,,,,,,,,,,341.0,142633323.0,0.781121,-0.008585,0.000137,-0.624321,-0.059109,0.148965,0.257194,0.0,,,,,,,,,,
,,,,,,,,,,342.0,142649990.0,0.78076,-0.008657,9.8e-05,-0.624771,-0.02087,0.071839,0.274919,0.0,,,,,,,,,,
,,,,,,,,,,343.0,142666657.0,0.780537,-0.008588,0.000101,-0.625051,-0.028193,0.14214,0.236753,0.0,,,,,,,,,,
,,,,,,,,,,344.0,142683324.0,0.780442,-0.008011,0.000177,-0.625177,-0.030548,-0.065809,0.250946,0.0,,,,,,,,,,
,,,,,,,,,,345.0,142699991.0,0.780176,-0.007721,0.000216,-0.625512,-0.425481,-0.324903,0.428744,0.0,,,,,,,,,,
,,,,,,,,,,346.0,142716658.0,0.779818,-0.007382,0.000192,-0.625963,0.108607,-0.013312,0.080588,0.0,,,,,,,,,,
,,,,,,,,,,347.0,142733325.0,0.779622,-0.005867,0.000252,-0.626223,-0.204588,-0.044418,0.296622,0.0,,,,,,,,,,
,,,,,,,,,,348.0,142749992.0,0.77939,-0.004711,0.000261,-0.626521,-0.049529,0.053533,0.307477,0.0,,,,,,,,,,
,,,,,,,,,,349.0,142766659.0,0.779103,-0.004194,0.000253,-0.626883,-0.132378,0.017326,0.329417,0.0,,,,,,,,,,
,,,,,,,,,,350.0,142783326.0,0.778642,-0.004261,0.000218,-0.627455,0.156947,0.04777,0.236593,0.0,,,,,,,,,,
,,,,,,,,,,351.0,142799993.0,0.778564,-0.004158,0.000219,-0.627552,0.132127,-0.006092,0.284765,0.0,,,,,,,,,,
,,,,,,,,,,352.0,142816660.0,0.778509,-0.004447,0.000218,-0.627617,0.156338,0.080408,0.215757,0.0,,,,,,,,,,
,,,,,,,,,,353.0,142833327.0,0.778313,-0.004318,0.000169,-0.627861,0.092588,0.123345,0.263056,0.0,,,,,,,,,,
,,,,,,,,,,354.0,142849994.0,0.777811,-0.004333,0.000136,-0.628483,0.115046,0.084444,0.316186,0.0,,,,,,,,,,
,,,,,,,,,,355.0,142866661.0,0.777117,-0.005258,0.000112,-0.629335,0.026091,0.028974,0.324986,0.0,,,,,,,,,,
,,,,,,,,,,356.0,142883328.0,0.776401,-0.006813,7.5e-05,-0.630202,0.016269,-0.020711,0.269262,0.0,,,,,,,,,,
,,,,,,,,,,357.0,142899995.0,0.775625,-0.00808,-1.5e-05,-0.631143,-0.041919,-0.035616,0.214963,0.0,,,,,,,,,,
,,,,,,,,,,358.0,142916662.0,0.774762,-0.008602,-0.00018,-0.632195,0.042859,0.012426,0.232173,0.0,,,,,,,,,,
,,,,,,,,,,359.0,142933329.0,0.773988,-0.008732,-0.000228,-0.63314,0.186578,0.022019,0.244651,0.0,,,,,,,,,,
,,,,,,,,,,360.0,142949996.0,0.77371,-0.008817,-0.000284,-0.633478,0.007948,-0.034822,0.268951,0.0,,,,,,,,,,
,,,,,,,,,,361.0,142966663.0,0.773576,-0.00891,-0.000386,-0.633641,0.059252,-0.058724,0.271606,0.0,,,,,,,,,,
,,,,,,,,,,362.0,142983330.0,0.773534,-0.008996,-0.000506,-0.633691,-0.031516,-0.032542,0.255358,0.0,,,,,,,,,,
,,,,,,,,,,363.0,142999997.0,0.773362,-0.009163,-0.000787,-0.633898,-0.07828,0.019093,0.291144,0.0,,,,,,,,,,
,,,,,,,,,,364.0,143016664.0,0.77317,-0.009315,-0.001052,-0.63413,-0.118925,-0.033397,0.274613,0.0,,,,,,,,,,
,,,,,,,,,,365.0,143033331.0,0.772714,-0.00944,-0.001347,-0.634683,-0.060191,-0.028618,0.274473,0.0,,,,,,,,,,
,,,,,,,,,,366.0,143049998.0,0.772381,-0.009485,-0.001438,-0.635087,-0.019611,-0.094759,0.251073,0.0,,,,,,,,,,
,,,,,,,,,,367.0,143066665.0,0.77212,-0.009403,-0.001189,-0.635406,0.035539,-0.067994,0.267221,0.0,,,,,,,,,,
,,,,,,,,,,368.0,143083332.0,0.77201,-0.009159,-0.000742,-0.635544,0.051628,-0.074617,0.257179,0.0,,,,,,,,,,
,,,,,,,,,,369.0,143099999.0,0.772099,-0.008886,-0.000437,-0.635441,0.232067,-0.193216,0.272638,0.0,,,,,,,,,,
,,,,,,,,,,370.0,143116666.0,0.772064,-0.008881,-0.000469,-0.635483,-0.115103,0.009651,0.316684,0.0,,,,,,,,,,
,,,,,,,,,,371.0,143133333.0,0.771882,-0.008898,-0.000513,-0.635704,-0.018099,-0.045425,0.266494,0.0,,,,,,,,,,
,,,,,,,,,,372.0,143150000.0,0.771531,-0.009053,-0.000744,-0.636127,-0.179919,0.131977,0.271598,0.0,,,,,,,,,,
,,,,,,,,,,373.0,143166667.0,0.77119,-0.009083,-0.000779,-0.63654,-0.108173,0.094224,0.273335,0.0,,,,,,,,,,
,,,,,,,,,,374.0,143183334.0,0.770639,-0.008952,-0.000651,-0.637208,-0.030666,0.035579,0.25421,0.0,,,,,,,,,,
,,,,,,,,,,375.0,143200001.0,0.769426,-0.008679,-0.000421,-0.638677,-0.0468,0.021584,0.242915,0.0,,,,,,,,,,
,,,,,,,,,,376.0,143216668.0,0.767766,-0.008192,-0.000156,-0.640678,-0.017872,-0.00649,0.255567,0.0,,,,,,,,,,
,,,,,,,,,,377.0,143233335.0,0.766172,-0.007178,-2.9e-05,-0.642596,-0.009807,-0.038275,0.218687,0.0,,,,,,,,,,
,,,,,,,,,,378.0,143250002.0,0.764591,-0.005684,3.2e-05,-0.644491,0.022284,-0.057983,0.256091,0.0,,,,,,,,,,
,,,,,,,,,,379.0,143266669.0,0.763106,-0.004897,4.2e-05,-0.646255,0.04615,0.046446,0.3908,0.0,,,,,,,,,,
,,,,,,,,,,380.0,143283336.0,0.761354,-0.005266,1.5e-05,-0.648315,-0.048153,0.060474,0.319154,0.0,,,,,,,,,,
,,,,,,,,,,381.0,143300003.0,0.75883,-0.005877,8e-06,-0.651263,-0.088346,0.21694,0.264677,0.0,,,,,,,,,,
,,,,,,,,,,382.0,143316670.0,0.756764,-0.005252,4.1e-05,-0.653667,-0.134847,0.318482,0.13926,0.0,,,,,,,,,,
,,,,,,,,,,383.0,143333337.0,0.755342,-0.003648,3.8e-05,-0.655321,0.026493,0.71896,0.235367,0.0,,,,,,,,,,
,,,,,,,,,,384.0,143350004.0,0.755113,-0.001485,-9.4e-05,-0.655593,-0.024421,0.834638,0.149672,0.0,,,,,,,,,,
,,,,,,,,,,385.0,143366671.0,0.755759,-0.000909,-0.000104,-0.654849,-0.068792,0.022011,0.443257,0.0,,,,,,,,,,
,,,,,,,,,,386.0,143383338.0,0.757275,-0.00093,-6.4e-05,-0.653095,0.144528,-0.434619,0.290645,0.0,,,,,,,,,,
,,,,,,,,,,387.0,143400005.0,0.75846,-0.001005,-2.6e-05,-0.651719,0.121076,-0.862078,0.258142,0.0,,,,,,,,,,
,,,,,,,,,,388.0,143416672.0,0.758646,-0.000992,-6.5e-05,-0.651502,-0.004239,-0.611775,0.269582,0.0,,,,,,,,,,
,,,,,,,,,,389.0,143433339.0,0.758697,-0.000986,-0.000127,-0.651443,-0.059154,-0.409494,0.283219,0.0,,,,,,,,,,
,,,,,,,,,,390.0,143450006.0,0.75916,-0.000923,-0.000172,-0.650904,-0.131173,-0.104495,0.273034,0.0,,,,,,,,,,
,,,,,,,,,,391.0,143466673.0,0.759866,-0.00084,-0.000232,-0.650079,-0.13195,-0.012923,0.25704,0.0,,,,,,,,,,
,,,,,,,,,,392.0,143483340.0,0.760561,-0.000831,-0.000267,-0.649266,-0.020599,-0.023857,0.271717,0.0,,,,,,,,,,
,,,,,,,,,,393.0,143500007.0,0.760961,-0.000504,-0.000589,-0.648798,-0.014983,-0.064924,0.219456,0.0,,,,,,,,,,
,,,,,,,,,,394.0,143516674.0,0.76108,4e-05,-0.001096,-0.648658,-0.156383,0.137834,0.28721,0.0,,,,,,,,,,
,,,,,,,,,,395.0,143533341.0,0.760936,0.000577,-0.001693,-0.648825,-0.035845,-0.02146,0.201868,0.0,,,,,,,,,,
,,,,,,,,,,396.0,143550008.0,0.760351,0.001305,-0.004106,-0.649498,0.237862,-0.194116,0.284126,0.0,,,,,,,,,,
,,,,,,,,,,397.0,143566675.0,0.759942,0.001599,-0.006182,-0.649959,0.010068,-0.012269,0.30692,0.0,,,,,,,,,,
,,,,,,,,,,398.0,143583342.0,0.759764,0.001681,-0.007199,-0.650157,0.018702,-0.017378,0.297814,0.0,,,,,,,,,,
,,,,,,,,,,399.0,143600009.0,0.759703,0.001818,-0.008442,-0.650213,0.111713,-0.101642,0.226659,0.0,,,,,,,,,,
,,,,,,,,,,400.0,143616676.0,0.759734,0.001982,-0.009699,-0.650159,0.003243,-0.017967,0.279804,0.0,,,,,,,,,,
,,,,,,,,,,401.0,143633343.0,0.759527,0.002101,-0.010458,-0.650388,-0.035818,0.055135,0.297062,0.0,,,,,,,,,,
,,,,,,,,,,402.0,143650010.0,0.759089,0.001587,-0.010919,-0.650894,-0.193432,0.233195,0.28938,0.0,,,,,,,,,,
,,,,,,,,,,403.0,143666677.0,0.75893,0.001632,-0.010438,-0.651086,-0.19602,0.325078,0.226871,0.0,,,,,,,,,,
,,,,,,,,,,404.0,143683344.0,0.758554,0.002038,-0.009416,-0.651539,0.074872,-0.009528,0.283444,0.0,,,,,,,,,,
,,,,,,,,,,405.0,143700011.0,0.75798,0.00186,-0.008801,-0.652216,0.144873,-0.058423,0.318336,0.0,,,,,,,,,,
,,,,,,,,,,406.0,143716678.0,0.756791,0.001128,-0.008802,-0.653597,0.003447,0.274523,0.216412,0.0,,,,,,,,,,
,,,,,,,,,,407.0,143733345.0,0.755363,0.000636,-0.009229,-0.655242,0.006873,0.273523,0.27299,0.0,,,,,,,,,,
,,,,,,,,,,408.0,143750012.0,0.75403,0.000127,-0.009351,-0.656773,0.066748,0.134326,0.252848,0.0,,,,,,,,,,
,,,,,,,,,,409.0,143766679.0,0.752882,-0.000349,-0.009129,-0.658092,0.066848,0.142504,0.31424,0.0,,,,,,,,,,
,,,,,,,,,,410.0,143783346.0,0.752428,-0.00071,-0.008255,-0.658622,0.061731,-0.206421,0.25456,0.0,,,,,,,,,,
,,,,,,,,,,411.0,143800013.0,0.751981,-0.001084,-0.006907,-0.659148,0.002061,-0.359399,0.288383,0.0,,,,,,,,,,
,,,,,,,,,,412.0,143816680.0,0.751633,-0.001142,-0.005732,-0.659556,-0.083451,-0.185948,0.258795,0.0,,,,,,,,,,
,,,,,,,,,,413.0,143833347.0,0.751063,-0.001023,-0.005469,-0.660207,-0.115889,-0.184831,0.245763,0.0,,,,,,,,,,
,,,,,,,,,,414.0,143850014.0,0.750798,-0.000864,-0.005057,-0.660512,-0.135412,-0.13576,0.246405,0.0,,,,,,,,,,
,,,,,,,,,,415.0,143866681.0,0.75078,-0.000185,-0.004395,-0.660538,-0.022586,-0.343956,0.304237,0.0,,,,,,,,,,
,,,,,,,,,,416.0,143883348.0,0.750899,0.000518,-0.003966,-0.660405,-0.06936,-0.153026,0.287435,0.0,,,,,,,,,,
,,,,,,,,,,417.0,143900015.0,0.751232,0.000744,-0.002991,-0.660031,-0.292637,0.109479,0.275856,0.0,,,,,,,,,,
,,,,,,,,,,418.0,143916682.0,0.751518,0.000655,-0.002631,-0.659707,0.024628,-0.086859,0.260105,0.0,,,,,,,,,,
,,,,,,,,,,419.0,143933349.0,0.751072,0.000175,-0.003596,-0.66021,-0.868862,0.555062,0.37218,0.0,,,,,,,,,,
,,,,,,,,,,420.0,143950016.0,0.74882,-0.002492,-0.005224,-0.662748,-0.501932,0.07262,0.050994,0.0,,,,,,,,,,
,,,,,,,,,,421.0,143966683.0,0.747603,0.000765,-0.007621,-0.664102,0.68438,-0.656908,0.101711,0.0,,,,,,,,,,
,,,,,,,,,,422.0,143983350.0,0.744273,0.001526,-0.002553,-0.667869,1.03672,0.076893,0.813691,0.0,,,,,,,,,,
,,,,,,,,,,423.0,144000017.0,0.738389,9.4e-05,-0.000833,-0.674374,-0.368728,-0.029758,-0.179305,0.0,,,,,,,,,,
,,,,,,,,,,424.0,144016684.0,0.736312,1.8e-05,-0.000748,-0.676642,0.346899,-0.402123,0.417964,0.0,,,,,,,,,,
,,,,,,,,,,425.0,144033351.0,0.736324,-4.6e-05,-0.000727,-0.676629,0.014647,-0.024587,0.274245,0.0,,,,,,,,,,
,,,,,,,,,,426.0,144050018.0,0.736312,-3.2e-05,-0.000782,-0.676642,-0.037871,-0.039909,0.237212,0.0,,,,,,,,,,
,,,,,,,,,,427.0,144066685.0,0.736399,3.3e-05,-0.000911,-0.676547,-0.00171,-0.076359,0.269357,0.0,,,,,,,,,,
,,,,,,,,,,428.0,144083352.0,0.737224,-0.000166,-0.000863,-0.675648,0.026899,-0.060563,0.328627,0.0,,,,,,,,,,
,,,,,,,,,,429.0,144100019.0,0.738016,-0.002368,-0.001013,-0.674779,0.065411,0.103135,0.42659,0.0,,,,,,,,,,
,,,,,,,,,,430.0,144116686.0,0.738951,-0.005905,-0.00067,-0.673733,0.153737,-0.125266,0.226773,0.0,,,,,,,,,,
,,,,,,,,,,431.0,144133353.0,0.740151,-0.006708,-0.000682,-0.672407,0.259886,0.087866,0.12095,0.0,,,,,,,,,,
,,,,,,,,,,432.0,144150020.0,0.741018,-0.007291,-0.000533,-0.671445,-0.038509,0.210756,0.176723,0.0,,,,,,,,,,
,,,,,,,,,,433.0,144166687.0,0.741328,-0.007268,-0.000711,-0.671103,-0.00097,0.149727,0.216043,0.0,,,,,,,,,,
,,,,,,,,,,434.0,144183354.0,0.74178,-0.007183,-0.001097,-0.670604,0.031751,0.060087,0.322533,0.0,,,,,,,,,,
,,,,,,,,,,435.0,144200021.0,0.742636,-0.007014,-0.001741,-0.669656,0.049299,0.040504,0.303861,0.0,,,,,,,,,,
,,,,,,,,,,436.0,144216688.0,0.743503,-0.006893,-0.002146,-0.668694,0.308075,0.272328,0.195657,0.0,,,,,,,,,,
,,,,,,,,,,437.0,144233355.0,0.744932,-0.006706,-0.002646,-0.667102,0.021554,0.209973,0.285366,0.0,,,,,,,,,,
,,,,,,,,,,438.0,144250022.0,0.746059,-0.005818,-0.003322,-0.665846,-0.109351,0.079802,0.22828,0.0,,,,,,,,,,
,,,,,,,,,,439.0,144266689.0,0.746697,-0.005181,-0.003647,-0.665134,0.001238,-0.00454,0.229393,0.0,,,,,,,,,,
,,,,,,,,,,440.0,144283356.0,0.747184,-0.004985,-0.003883,-0.664588,-0.044437,-0.158537,0.330622,0.0,,,,,,,,,,
,,,,,,,,,,441.0,144300023.0,0.747296,-0.004688,-0.004377,-0.66446,-0.100334,-0.123184,0.317203,0.0,,,,,,,,,,
,,,,,,,,,,442.0,144316690.0,0.747251,-0.004126,-0.004756,-0.664512,0.025979,0.109269,0.209768,0.0,,,,,,,,,,
,,,,,,,,,,443.0,144333357.0,0.747576,-0.003442,-0.005128,-0.664148,-0.119018,-0.02664,0.293392,0.0,,,,,,,,,,
,,,,,,,,,,444.0,144350024.0,0.747694,-0.002851,-0.005508,-0.664014,-0.094298,-0.124613,0.254098,0.0,,,,,,,,,,
,,,,,,,,,,445.0,144366691.0,0.747216,-0.002196,-0.005602,-0.664554,-0.162834,-0.044201,0.248733,0.0,,,,,,,,,,
,,,,,,,,,,446.0,144383358.0,0.746526,-0.001599,-0.005655,-0.66533,-0.180476,-0.060944,0.268348,0.0,,,,,,,,,,
,,,,,,,,,,447.0,144400025.0,0.745832,-0.000721,-0.006033,-0.666106,-0.114664,-0.022265,0.229823,0.0,,,,,,,,,,
,,,,,,,,,,448.0,144416692.0,0.745037,5e-05,-0.006297,-0.666994,-0.053195,0.152758,0.226036,0.0,,,,,,,,,,
,,,,,,,,,,449.0,144433359.0,0.743955,0.001276,-0.006828,-0.668194,-0.155129,0.446939,0.256821,0.0,,,,,,,,,,
,,,,,,,,,,450.0,144450026.0,0.742851,0.002126,-0.00717,-0.669415,-0.178064,0.149189,0.35457,0.0,,,,,,,,,,
,,,,,,,,,,451.0,144466693.0,0.741506,0.002072,-0.00712,-0.670905,-0.087306,-0.139842,0.284107,0.0,,,,,,,,,,
,,,,,,,,,,452.0,144483360.0,0.739937,0.001954,-0.006698,-0.67264,0.05895,-0.37785,0.283096,0.0,,,,,,,,,,
,,,,,,,,,,453.0,144500027.0,0.738605,0.00184,-0.006142,-0.674108,0.07023,-0.458557,0.291747,0.0,,,,,,,,,,
,,,,,,,,,,454.0,144516694.0,0.737621,0.001733,-0.00565,-0.675189,0.063621,-0.443577,0.277235,0.0,,,,,,,,,,
,,,,,,,,,,455.0,144533361.0,0.736628,0.001646,-0.005385,-0.676275,-0.044605,-0.264113,0.277889,0.0,,,,,,,,,,
,,,,,,,,,,456.0,144550028.0,0.735835,0.001297,-0.005004,-0.677142,0.010327,-0.107977,0.276633,0.0,,,,,,,,,,
,,,,,,,,,,457.0,144566695.0,0.735232,0.001106,-0.004789,-0.677798,-0.171365,-0.223561,0.251894,0.0,,,,,,,,,,
,,,,,,,,,,458.0,144583362.0,0.734887,0.001012,-0.004814,-0.678172,-0.127604,-0.210629,0.23654,0.0,,,,,,,,,,
,,,,,,,,,,459.0,144600029.0,0.734886,0.001554,-0.004845,-0.678171,0.005143,-0.052516,0.296966,0.0,,,,,,,,,,
,,,,,,,,,,460.0,144616696.0,0.734972,0.001455,-0.00433,-0.678083,-0.026603,-0.08121,0.269667,0.0,,,,,,,,,,
,,,,,,,,,,461.0,144633363.0,0.734734,0.001514,-0.004595,-0.678338,-0.03097,-0.097933,0.259706,0.0,,,,,,,,,,
,,,,,,,,,,462.0,144650030.0,0.734466,0.001504,-0.004485,-0.678629,0.0032,0.055402,0.294952,0.0,,,,,,,,,,
,,,,,,,,,,463.0,144666697.0,0.734214,0.001455,-0.004248,-0.678903,-0.005176,0.039919,0.293486,0.0,,,,,,,,,,
,,,,,,,,,,464.0,144683364.0,0.734013,0.001441,-0.004146,-0.679121,-0.010985,-0.015632,0.271047,0.0,,,,,,,,,,
,,,,,,,,,,465.0,144700031.0,0.733928,0.001471,-0.004266,-0.679213,-0.026581,-0.110391,0.244511,0.0,,,,,,,,,,
,,,,,,,,,,466.0,144716698.0,0.733946,0.001516,-0.004456,-0.679192,-0.04423,-0.083084,0.257449,0.0,,,,,,,,,,
,,,,,,,,,,467.0,144733365.0,0.733952,0.001547,-0.004568,-0.679184,-0.053188,-0.027686,0.277327,0.0,,,,,,,,,,
,,,,,,,,,,468.0,144750032.0,0.734068,0.001622,-0.004883,-0.679057,-0.048059,-0.007555,0.274819,0.0,,,,,,,,,,
,,,,,,,,,,469.0,144766699.0,0.734114,0.001701,-0.00527,-0.679004,-0.02372,0.037672,0.274662,0.0,,,,,,,,,,
,,,,,,,,,,470.0,144783366.0,0.734088,0.001748,-0.005496,-0.67903,-0.010307,-0.01468,0.258647,0.0,,,,,,,,,,
,,,,,,,,,,471.0,144800033.0,0.734037,0.001763,-0.005598,-0.679084,-0.013388,-0.074143,0.28116,0.0,,,,,,,,,,
,,,,,,,,,,472.0,144816700.0,0.733841,0.001749,-0.005598,-0.679296,0.01322,-0.082835,0.299136,0.0,,,,,,,,,,
,,,,,,,,,,473.0,144833367.0,0.733706,0.001747,-0.005573,-0.679442,0.008762,-0.104635,0.262771,0.0,,,,,,,,,,
,,,,,,,,,,474.0,144850034.0,0.733714,0.001757,-0.005651,-0.679433,-0.022653,-0.028933,0.262923,0.0,,,,,,,,,,
,,,,,,,,,,475.0,144866701.0,0.73387,0.001791,-0.00584,-0.679262,-0.029729,0.062659,0.275727,0.0,,,,,,,,,,
,,,,,,,,,,476.0,144883368.0,0.733934,0.001839,-0.006081,-0.679191,-0.048564,0.017726,0.270535,0.0,,,,,,,,,,
,,,,,,,,,,477.0,144900035.0,0.733871,0.001853,-0.006185,-0.679258,-0.034516,0.00804,0.264311,0.0,,,,,,,,,,
,,,,,,,,,,478.0,144916702.0,0.733843,0.00186,-0.006252,-0.679288,-0.015843,-0.085244,0.279454,0.0,,,,,,,,,,
,,,,,,,,,,479.0,144933369.0,0.733932,0.001878,-0.006392,-0.679191,-0.015643,-0.100255,0.270099,0.0,,,,,,,,,,
,,,,,,,,,,480.0,144950036.0,0.734211,0.001898,-0.006521,-0.678888,-0.031941,-0.108588,0.267892,0.0,,,,,,,,,,
,,,,,,,,,,481.0,144966703.0,0.734646,0.001955,-0.006716,-0.678415,-0.054718,-0.046203,0.267186,0.0,,,,,,,,,,
,,,,,,,,,,482.0,144983370.0,0.735078,0.001992,-0.006956,-0.677944,-0.040906,-0.031086,0.26949,0.0,,,,,,,,,,
,,,,,,,,,,483.0,145000037.0,0.735399,0.00205,-0.007234,-0.677593,-0.027539,0.024388,0.284824,0.0,,,,,,,,,,
,,,,,,,,,,484.0,145016704.0,0.735566,0.002083,-0.007494,-0.677409,-0.011342,0.070502,0.273623,0.0,,,,,,,,,,
,,,,,,,,,,485.0,145033371.0,0.735616,0.00211,-0.007574,-0.677353,-0.018642,0.005286,0.272021,0.0,,,,,,,,,,
,,,,,,,,,,486.0,145050038.0,0.735544,0.002091,-0.007448,-0.677433,-0.011082,-0.005669,0.284543,0.0,,,,,,,,,,
,,,,,,,,,,487.0,145066705.0,0.735342,0.002055,-0.007252,-0.677654,-0.031868,-0.046967,0.26144,0.0,,,,,,,,,,
,,,,,,,,,,488.0,145083372.0,0.735191,0.00203,-0.007035,-0.677821,-0.001103,0.007221,0.272173,0.0,,,,,,,,,,
,,,,,,,,,,489.0,145100039.0,0.735096,0.00202,-0.006894,-0.677925,-0.034847,-0.0077,0.267616,0.0,,,,,,,,,,
,,,,,,,,,,490.0,145116706.0,0.735027,0.002024,-0.006819,-0.678001,-0.009869,-0.015564,0.254774,0.0,,,,,,,,,,
,,,,,,,,,,491.0,145133373.0,0.734969,0.002034,-0.006837,-0.678063,-0.026001,-0.011605,0.27114,0.0,,,,,,,,,,
,,,,,,,,,,492.0,145150040.0,0.734927,0.00202,-0.006786,-0.67811,-0.018834,-0.011968,0.28852,0.0,,,,,,,,,,
,,,,,,,,,,493.0,145166707.0,0.734857,0.00191,-0.006755,-0.678186,0.035254,0.003152,0.348286,0.0,,,,,,,,,,
,,,,,,,,,,494.0,145183374.0,0.735089,-0.000317,-0.005724,-0.677946,0.095945,-0.021408,0.389632,0.0,,,,,,,,,,
,,,,,,,,,,495.0,145200041.0,0.735556,-0.001523,-0.005068,-0.677444,-0.005538,-0.016671,0.183193,0.0,,,,,,,,,,
,,,,,,,,,,496.0,145216708.0,0.735934,-0.002938,-0.004617,-0.677032,-0.071378,-0.039948,0.203119,0.0,,,,,,,,,,
,,,,,,,,,,497.0,145233375.0,0.7361,-0.003721,-0.004491,-0.676847,-0.117793,-0.040152,0.238914,0.0,,,,,,,,,,
,,,,,,,,,,498.0,145250042.0,0.736082,-0.00387,-0.004721,-0.676866,-0.092921,-0.025194,0.208199,0.0,,,,,,,,,,
,,,,,,,,,,499.0,145266709.0,0.735936,-0.003551,-0.005241,-0.677021,-0.030537,-0.02346,0.281164,0.0,,,,,,,,,,
,,,,,,,,,,500.0,145283376.0,0.73581,-0.003384,-0.005591,-0.677157,0.00146,-0.037179,0.297591,0.0,,,,,,,,,,
,,,,,,,,,,501.0,145300043.0,0.735648,-0.003409,-0.005666,-0.677332,0.009567,-0.02308,0.294757,0.0,,,,,,,,,,
,,,,,,,,,,502.0,145316710.0,0.735507,-0.003494,-0.005614,-0.677485,-0.025636,-0.034294,0.253609,0.0,,,,,,,,,,
,,,,,,,,,,503.0,145333377.0,0.735374,-0.00325,-0.00566,-0.67763,-0.020927,-0.044623,0.231292,0.0,,,,,,,,,,
,,,,,,,,,,504.0,145350044.0,0.735346,-0.002639,-0.00597,-0.67766,-0.045274,-0.059899,0.228825,0.0,,,,,,,,,,
,,,,,,,,,,505.0,145366711.0,0.735371,-0.001753,-0.006643,-0.67763,0.093112,-0.164721,0.272073,0.0,,,,,,,,,,
,,,,,,,,,,506.0,145383378.0,0.735407,-0.000964,-0.007367,-0.677585,-0.158923,0.086278,0.289662,0.0,,,,,,,,,,
,,,,,,,,,,507.0,145400045.0,0.735345,-1.6e-05,-0.008001,-0.677646,-0.031533,-0.030585,0.263783,0.0,,,,,,,,,,
,,,,,,,,,,508.0,145416712.0,0.735197,0.000695,-0.008503,-0.6778,-0.002882,-0.053849,0.302314,0.0,,,,,,,,,,
,,,,,,,,,,509.0,145433379.0,0.735108,0.001391,-0.009037,-0.677889,-0.022333,-0.055403,0.236348,0.0,,,,,,,,,,
,,,,,,,,,,510.0,145450046.0,0.735043,0.002149,-0.009732,-0.677948,-0.023914,-0.056622,0.287047,0.0,,,,,,,,,,
,,,,,,,,,,511.0,145466713.0,0.734929,0.002321,-0.010047,-0.678066,0.017234,0.000891,0.335052,0.0,,,,,,,,,,
,,,,,,,,,,512.0,145483380.0,0.734851,0.002374,-0.010255,-0.678147,-0.020642,-0.010919,0.285363,0.0,,,,,,,,,,
,,,,,,,,,,513.0,145500047.0,0.734832,0.002395,-0.010356,-0.678165,-0.013362,-0.006345,0.269514,0.0,,,,,,,,,,
,,,,,,,,,,514.0,145516714.0,0.734856,0.002413,-0.010455,-0.678138,-0.043649,-0.024291,0.286924,0.0,,,,,,,,,,
,,,,,,,,,,515.0,145533381.0,0.73489,0.002416,-0.010624,-0.678099,-0.025605,0.014102,0.296334,0.0,,,,,,,,,,
,,,,,,,,,,516.0,145550048.0,0.734919,0.002424,-0.010659,-0.678066,-0.023382,-0.008367,0.274658,0.0,,,,,,,,,,
,,,,,,,,,,517.0,145566715.0,0.734936,0.002419,-0.010684,-0.678048,-0.013064,-0.028635,0.262215,0.0,,,,,,,,,,
,,,,,,,,,,518.0,145583382.0,0.734947,0.002417,-0.010739,-0.678036,-0.034728,-0.007455,0.290919,0.0,,,,,,,,,,
,,,,,,,,,,519.0,145600049.0,0.734944,0.002429,-0.010838,-0.678037,-0.026995,-0.023584,0.285157,0.0,,,,,,,,,,
,,,,,,,,,,520.0,145616716.0,0.73494,0.002418,-0.010891,-0.678041,-0.018036,-0.041765,0.279492,0.0,,,,,,,,,,
,,,,,,,,,,521.0,145633383.0,0.734837,0.002401,-0.010779,-0.678154,-0.025432,-0.036342,0.285583,0.0,,,,,,,,,,
,,,,,,,,,,522.0,145650050.0,0.734715,0.002363,-0.010519,-0.678291,-0.031248,-0.030175,0.27596,0.0,,,,,,,,,,
,,,,,,,,,,523.0,145666717.0,0.734658,0.002224,-0.010241,-0.678357,0.015207,-0.028861,0.295611,0.0,,,,,,,,,,
,,,,,,,,,,524.0,145683384.0,0.734748,0.001102,-0.009697,-0.67827,0.022735,0.013783,0.330696,0.0,,,,,,,,,,
,,,,,,,,,,525.0,145700051.0,0.735034,0.000936,-0.00892,-0.677971,0.054842,0.560292,0.147673,0.0,,,,,,,,,,
,,,,,,,,,,526.0,145716718.0,0.734974,0.000858,-0.007544,-0.678053,0.068065,0.830176,0.257949,0.0,,,,,,,,,,
,,,,,,,,,,527.0,145733385.0,0.733724,0.001702,-0.006742,-0.679412,0.415093,1.711378,0.167763,0.0,,,,,,,,,,
,,,,,,,,,,528.0,145750052.0,0.735874,0.002245,-0.007437,-0.677075,0.881289,4.086593,0.193552,0.0,,,,,,,,,,
,,,,,,,,,,529.0,145766719.0,0.738039,0.006206,-0.011474,-0.674632,0.11304,1.690814,0.301614,0.0,,,,,,,,,,
,,,,,,,,,,530.0,145783386.0,0.74002,0.009744,-0.014857,-0.672351,0.525588,0.644225,0.260665,0.0,,,,,,,,,,
,,,,,,,,,,531.0,145800053.0,0.74261,0.011798,-0.01683,-0.669409,0.496977,1.975474,0.238933,0.0,,,,,,,,,,
,,,,,,,,,,532.0,145816720.0,0.743892,0.012275,-0.017058,-0.66797,-1.192131,2.387553,0.277338,0.0,,,,,,,,,,
,,,,,,,,,,533.0,145833387.0,0.743535,0.010858,-0.016772,-0.668399,-0.198675,1.532127,0.04034,0.0,,,,,,,,,,
,,,,,,,,,,534.0,145850054.0,0.741617,0.000604,-0.012328,-0.670711,-1.140691,3.20973,-0.132774,0.0,,,,,,,,,,
,,,,,,,,,,535.0,145866721.0,0.739787,0.000754,-0.012125,-0.672732,-0.942528,2.849222,0.795052,0.0,,,,,,,,,,
,,,,,,,,,,536.0,145883388.0,0.739215,-0.00212,-0.014237,-0.673316,-1.317093,2.384272,0.253765,0.0,,,,,,,,,,
,,,,,,,,,,537.0,145900055.0,0.737655,-0.005078,-0.019789,-0.674869,-0.738844,1.051377,-0.29243,0.0,,,,,,,,,,
,,,,,,,,,,538.0,145916722.0,0.735655,-0.003109,-0.028087,-0.676767,-0.715345,0.621325,-0.181755,0.0,,,,,,,,,,
,,,,,,,,,,539.0,145933389.0,0.733509,-0.001025,-0.033933,-0.678831,-1.603037,0.984815,1.896637,0.0,,,,,,,,,,
,,,,,,,,,,540.0,145950056.0,0.728231,-0.00333,-0.037317,-0.684308,-1.479578,0.803614,1.727128,0.0,,,,,,,,,,
,,,,,,,,,,541.0,145966723.0,0.722144,-0.004945,-0.035072,-0.690836,-0.924283,0.640491,1.471472,0.0,,,,,,,,,,
,,,,,,,,,,542.0,145983390.0,0.714811,-0.005797,-0.029094,-0.698689,-0.656012,0.499766,1.02426,0.0,,,,,,,,,,
,,,,,,,,,,543.0,146000057.0,0.707754,-0.005836,-0.021161,-0.706118,-0.137896,-0.57548,0.458101,0.0,,,,,,,,,,
,,,,,,,,,,544.0,146016724.0,0.701768,-0.00557,-0.012993,-0.712266,0.547681,-2.027765,-0.071463,0.0,,,,,,,,,,
,,,,,,,,,,545.0,146033391.0,0.697798,-0.00555,-0.005581,-0.716252,0.631858,-3.025386,0.573737,0.0,,,,,,,,,,
,,,,,,,,,,546.0,146050058.0,0.694501,-0.006523,-6.3e-05,-0.719463,0.830306,-3.754009,0.59587,0.0,,,,,,,,,,
,,,,,,,,,,547.0,146066725.0,0.692813,-0.007278,0.005007,-0.721063,1.123834,-3.773891,0.427988,0.0,,,,,,,,,,
,,,,,,,,,,548.0,146083392.0,0.691663,-0.008121,0.009435,-0.722113,0.808487,-3.510166,0.692774,0.0,,,,,,,,,,
,,,,,,,,,,549.0,146100059.0,0.690533,-0.009218,0.013412,-0.723118,1.05839,-3.658955,0.618332,0.0,,,,,,,,,,
,,,,,,,,,,550.0,146116726.0,0.690219,-0.009771,0.0178,-0.723316,1.161883,-4.047462,0.501191,0.0,,,,,,,,,,
,,,,,,,,,,551.0,146133393.0,0.690862,-0.010503,0.021818,-0.722582,1.285331,-4.72462,0.350209,0.0,,,,,,,,,,
,,,,,,,,,,552.0,146150060.0,0.692379,-0.012172,0.02408,-0.721029,1.325722,-5.002321,0.124168,0.0,,,,,,,,,,
,,,,,,,,,,553.0,146166727.0,0.694847,-0.014668,0.024583,-0.718587,1.278875,-4.842748,-0.141879,0.0,,,,,,,,,,
,,,,,,,,,,554.0,146183394.0,0.698338,-0.017192,0.023737,-0.715168,1.341872,-4.767,-0.494126,0.0,,,,,,,,,,
,,,,,,,,,,555.0,146200061.0,0.702216,-0.020226,0.021013,-0.711367,1.442204,-4.391811,-0.420447,0.0,,,,,,,,,,
,,,,,,,,,,556.0,146216728.0,0.705911,-0.023666,0.017207,-0.707696,1.012823,-3.28339,-0.104581,0.0,,,,,,,,,,
,,,,,,,,,,557.0,146233395.0,0.708938,-0.027032,0.013241,-0.704628,0.519236,-2.06326,0.178243,0.0,,,,,,,,,,
,,,,,,,,,,558.0,146250062.0,0.711823,-0.029937,0.010059,-0.701649,0.145721,-1.227981,0.264089,0.0,,,,,,,,,,
,,,,,,,,,,559.0,146266729.0,0.714848,-0.032269,0.007555,-0.698494,0.119903,-1.028799,-0.000472,0.0,,,,,,,,,,
,,,,,,,,,,560.0,146283396.0,0.717914,-0.034121,0.005896,-0.695271,-0.053449,-0.841514,-0.238007,0.0,,,,,,,,,,
,,,,,,,,,,561.0,146300063.0,0.721258,-0.035026,0.00623,-0.691752,-0.171476,-0.29651,-0.385357,0.0,,,,,,,,,,
,,,,,,,,,,562.0,146316730.0,0.724019,-0.035055,0.007544,-0.688848,-0.434194,0.414075,-0.482795,0.0,,,,,,,,,,
,,,,,,,,,,563.0,146333397.0,0.726244,-0.035387,0.007637,-0.686483,-0.374274,0.706228,-0.478294,0.0,,,,,,,,,,
,,,,,,,,,,564.0,146350064.0,0.728421,-0.035616,0.005582,-0.684181,-0.494725,1.031571,-0.560042,0.0,,,,,,,,,,
,,,,,,,,,,565.0,146366731.0,0.729623,-0.037109,0.001129,-0.682842,-0.730365,0.946194,-0.743694,0.0,,,,,,,,,,
,,,,,,,,,,566.0,146383398.0,0.729712,-0.037677,-0.002501,-0.682712,-0.512137,1.559067,-1.431771,0.0,,,,,,,,,,
,,,,,,,,,,567.0,146400065.0,0.730852,-0.036291,-0.004525,-0.681555,-0.347794,2.442166,-2.02607,0.0,,,,,,,,,,
,,,,,,,,,,568.0,146416732.0,0.732238,-0.032617,-0.005188,-0.680247,-0.938805,2.983912,-1.394053,0.0,,,,,,,,,,
,,,,,,,,,,569.0,146433399.0,0.732559,-0.029306,-0.005996,-0.680046,-0.840571,2.906835,-0.001688,0.0,,,,,,,,,,
,,,,,,,,,,570.0,146450066.0,0.73177,-0.026355,-0.006637,-0.681009,-0.881941,2.801003,0.764332,0.0,,,,,,,,,,
,,,,,,,,,,571.0,146466733.0,0.730476,-0.024798,-0.008107,-0.68244,-0.676553,2.571737,1.176004,0.0,,,,,,,,,,
,,,,,,,,,,572.0,146483400.0,0.728543,-0.024348,-0.010782,-0.684482,-0.39238,2.308143,0.793486,0.0,,,,,,,,,,
,,,,,,,,,,573.0,146500067.0,0.727336,-0.023521,-0.012328,-0.685767,-0.174478,2.050665,0.473117,0.0,,,,,,,,,,
,,,,,,,,,,574.0,146516734.0,0.726689,-0.022233,-0.01236,-0.686495,-0.196071,1.841463,0.565167,0.0,,,,,,,,,,
,,,,,,,,,,575.0,146533401.0,0.726269,-0.020805,-0.011672,-0.686997,-0.153329,1.551886,0.453972,0.0,,,,,,,,,,
,,,,,,,,,,576.0,146550068.0,0.726391,-0.019928,-0.010461,-0.686913,-0.253416,1.293448,0.717699,0.0,,,,,,,,,,
,,,,,,,,,,577.0,146566735.0,0.727138,-0.01956,-0.009106,-0.686152,-0.065337,0.799867,1.200975,0.0,,,,,,,,,,
,,,,,,,,,,578.0,146583402.0,0.728369,-0.019351,-0.008874,-0.684854,-0.134383,0.007788,1.922737,0.0,,,,,,,,,,
,,,,,,,,,,579.0,146600069.0,0.729667,-0.014816,-0.008005,-0.683596,-0.007528,-0.159529,1.822041,0.0,,,,,,,,,,
,,,,,,,,,,580.0,146616736.0,0.730368,-0.013373,-0.008266,-0.682873,0.247334,-0.472678,0.986433,0.0,,,,,,,,,,
,,,,,,,,,,581.0,146633403.0,0.731411,-0.013853,-0.008532,-0.681743,0.216282,-0.277672,0.512635,0.0,,,,,,,,,,
,,,,,,,,,,582.0,146650070.0,0.731999,-0.01504,-0.008504,-0.681086,-0.277513,-0.101229,0.245238,0.0,,,,,,,,,,
,,,,,,,,,,583.0,146666737.0,0.732066,-0.015784,-0.007658,-0.681008,-0.174696,-0.106263,-0.180659,0.0,,,,,,,,,,
,,,,,,,,,,584.0,146683404.0,0.732194,-0.01571,-0.005975,-0.680889,0.075105,-0.443983,-0.126127,0.0,,,,,,,,,,
,,,,,,,,,,585.0,146700071.0,0.732346,-0.015148,-0.003991,-0.680753,-0.042184,-0.185461,0.125998,0.0,,,,,,,,,,
,,,,,,,,,,586.0,146716738.0,0.732291,-0.012647,-0.002124,-0.680872,-0.292869,-0.003109,0.113076,0.0,,,,,,,,,,
,,,,,,,,,,587.0,146733405.0,0.731774,-0.008842,-0.001492,-0.681488,-0.383753,0.020894,0.986599,0.0,,,,,,,,,,
,,,,,,,,,,588.0,146750072.0,0.730768,-0.007165,-0.003055,-0.682582,0.008245,-0.17005,0.319651,0.0,,,,,,,,,,
,,,,,,,,,,589.0,146766739.0,0.730653,-0.006859,-0.004065,-0.682702,-0.520523,-0.253979,0.255701,0.0,,,,,,,,,,
,,,,,,,,,,590.0,146783406.0,0.730175,-0.00674,-0.005335,-0.683206,-0.088326,-0.028379,0.45403,0.0,,,,,,,,,,
,,,,,,,,,,591.0,146800073.0,0.729272,-0.007595,-0.006266,-0.684153,-0.058959,-0.15612,0.376369,0.0,,,,,,,,,,
,,,,,,,,,,592.0,146816740.0,0.728,-0.008559,-0.007499,-0.685483,0.091605,-0.129377,0.108034,0.0,,,,,,,,,,
,,,,,,,,,,593.0,146833407.0,0.727452,-0.008152,-0.008877,-0.686053,0.175739,0.003839,0.238578,0.0,,,,,,,,,,
,,,,,,,,,,594.0,146850074.0,0.726891,-0.007591,-0.010355,-0.686633,-0.024048,0.042268,0.312285,0.0,,,,,,,,,,
,,,,,,,,,,595.0,146866741.0,0.725969,-0.006988,-0.01101,-0.687604,0.092485,0.318821,0.163111,0.0,,,,,,,,,,
,,,,,,,,,,596.0,146883408.0,0.724615,-0.006273,-0.011552,-0.689029,0.226068,0.311007,0.318425,0.0,,,,,,,,,,
,,,,,,,,,,597.0,146900075.0,0.723661,-0.006374,-0.011569,-0.69003,-0.018038,-0.090358,0.397383,0.0,,,,,,,,,,
,,,,,,,,,,598.0,146916742.0,0.723531,-0.005517,-0.011814,-0.690168,0.206741,-0.029086,0.276663,0.0,,,,,,,,,,
,,,,,,,,,,599.0,146933409.0,0.723328,-0.005246,-0.011916,-0.690382,0.040483,0.013585,0.174784,0.0,,,,,,,,,,
,,,,,,,,,,600.0,146950076.0,0.723126,-0.004615,-0.012087,-0.690595,0.046811,0.204421,0.302151,0.0,,,,,,,,,,
,,,,,,,,,,601.0,146966743.0,0.721722,-0.005832,-0.011773,-0.692059,-0.408613,0.168337,0.316083,0.0,,,,,,,,,,
,,,,,,,,,,602.0,146983410.0,0.720502,-0.005242,-0.011957,-0.69333,0.489713,-0.067429,0.217624,0.0,,,,,,,,,,
,,,,,,,,,,603.0,147000077.0,0.719476,-0.005028,-0.012031,-0.694395,-0.299403,0.121909,0.325567,0.0,,,,,,,,,,
,,,,,,,,,,604.0,147016744.0,0.718662,-0.004701,-0.012131,-0.695238,0.243729,-0.119171,0.225326,0.0,,,,,,,,,,
,,,,,,,,,,605.0,147033411.0,0.718515,-0.003921,-0.012275,-0.695392,-0.019085,-0.052004,0.227872,0.0,,,,,,,,,,
,,,,,,,,,,606.0,147050078.0,0.71842,-0.002371,-0.012498,-0.695493,-0.045071,-0.015371,0.26538,0.0,,,,,,,,,,
,,,,,,,,,,607.0,147066745.0,0.71837,-0.00076,-0.01266,-0.695546,-0.019114,-0.037871,0.294101,0.0,,,,,,,,,,
,,,,,,,,,,608.0,147083412.0,0.718115,0.000432,-0.012734,-0.695808,-0.293818,-0.052831,0.3327,0.0,,,,,,,,,,
,,,,,,,,,,609.0,147100079.0,0.717818,0.00085,-0.012749,-0.696113,0.188716,-0.123152,0.243583,0.0,,,,,,,,,,
,,,,,,,,,,610.0,147116746.0,0.718414,0.001571,-0.012741,-0.695497,0.079695,-0.094771,0.310068,0.0,,,,,,,,,,
,,,,,,,,,,611.0,147133413.0,0.719484,0.001563,-0.012723,-0.694391,-0.124226,-0.152261,0.252951,0.0,,,,,,,,,,
,,,,,,,,,,612.0,147150080.0,0.721,0.001806,-0.012494,-0.69282,0.154455,0.081753,0.264747,0.0,,,,,,,,,,
,,,,,,,,,,613.0,147166747.0,0.721478,0.001782,-0.012287,-0.692327,-0.063448,0.134431,0.329852,0.0,,,,,,,,,,
,,,,,,,,,,614.0,147183414.0,0.721002,0.000305,-0.010913,-0.692848,0.032682,0.058152,0.386994,0.0,,,,,,,,,,
,,,,,,,,,,615.0,147200081.0,0.720331,-0.001208,-0.009608,-0.693563,-0.09744,-0.024892,0.192083,0.0,,,,,,,,,,
,,,,,,,,,,616.0,147216748.0,0.719845,-0.001761,-0.008935,-0.694076,-0.023249,-0.052741,0.20251,0.0,,,,,,,,,,
,,,,,,,,,,617.0,147233415.0,0.719672,-0.001629,-0.008598,-0.694259,-0.047438,-0.049859,0.20855,0.0,,,,,,,,,,
,,,,,,,,,,618.0,147250082.0,0.719628,-0.000968,-0.008185,-0.694311,-0.005722,-0.04792,0.25931,0.0,,,,,,,,,,
,,,,,,,,,,619.0,147266749.0,0.71985,-0.000481,-0.007573,-0.694088,0.019897,-0.071103,0.287381,0.0,,,,,,,,,,
,,,,,,,,,,620.0,147283416.0,0.720165,-0.000189,-0.006902,-0.693768,-0.018621,-0.094711,0.277627,0.0,,,,,,,,,,
,,,,,,,,,,621.0,147300083.0,0.719945,-0.000538,-0.006575,-0.694,0.024288,-0.095196,0.301066,0.0,,,,,,,,,,
,,,,,,,,,,622.0,147316750.0,0.719529,-3.5e-05,-0.006125,-0.694436,-0.14641,0.012952,0.20339,0.0,,,,,,,,,,
,,,,,,,,,,623.0,147333417.0,0.719027,0.000871,-0.006191,-0.694954,-0.121743,-0.016438,0.223728,0.0,,,,,,,,,,
,,,,,,,,,,624.0,147350084.0,0.718727,0.001669,-0.006117,-0.695264,0.007915,-0.012236,0.366953,0.0,,,,,,,,,,
,,,,,,,,,,625.0,147366751.0,0.718508,0.00174,-0.006147,-0.695489,-0.008763,-0.135233,0.251413,0.0,,,,,,,,,,
,,,,,,,,,,626.0,147383418.0,0.718342,0.001779,-0.00626,-0.69566,-0.060922,0.007093,0.27923,0.0,,,,,,,,,,
,,,,,,,,,,627.0,147400085.0,0.718109,0.001786,-0.006257,-0.6959,-0.031555,0.072477,0.277425,0.0,,,,,,,,,,
,,,,,,,,,,628.0,147416752.0,0.717843,0.001807,-0.006435,-0.696173,-0.035119,0.061533,0.255207,0.0,,,,,,,,,,
,,,,,,,,,,629.0,147433419.0,0.717533,0.000677,-0.006242,-0.696496,0.183614,-0.028506,0.455027,0.0,,,,,,,,,,
,,,,,,,,,,630.0,147450086.0,0.716957,-0.001986,-0.005059,-0.697096,-0.006677,0.038068,0.276213,0.0,,,,,,,,,,
,,,,,,,,,,631.0,147466753.0,0.71601,-0.004227,-0.003409,-0.698069,0.071037,-0.077891,0.240186,0.0,,,,,,,,,,
,,,,,,,,,,632.0,147483420.0,0.715009,-0.005855,-0.001727,-0.699088,-0.034327,-0.039703,0.250196,0.0,,,,,,,,,,
,,,,,,,,,,633.0,147500087.0,0.714315,-0.006504,-0.001193,-0.699793,-0.206138,-0.039393,0.151203,0.0,,,,,,,,,,
,,,,,,,,,,634.0,147516754.0,0.713891,-0.006501,-0.001175,-0.700226,-0.061909,-0.095026,0.255437,0.0,,,,,,,,,,
,,,,,,,,,,635.0,147533421.0,0.713957,-0.006306,-0.00119,-0.700161,-0.128089,-0.075137,0.22763,0.0,,,,,,,,,,
,,,,,,,,,,636.0,147550088.0,0.714129,-0.00584,-0.00162,-0.699988,-0.075969,0.021915,0.256024,0.0,,,,,,,,,,
,,,,,,,,,,637.0,147566755.0,0.71467,-0.006752,-0.002152,-0.699426,0.169925,-0.026627,0.465881,0.0,,,,,,,,,,
,,,,,,,,,,638.0,147583422.0,0.718363,-0.008244,-0.002336,-0.695616,1.81869,-0.352812,0.044104,0.0,,,,,,,,,,
,,,,,,,,,,639.0,147600089.0,0.730111,-0.013485,3.8e-05,-0.683195,0.229542,-0.144538,3.267062,0.0,,,,,,,,,,
,,,,,,,,,,640.0,147616756.0,0.740699,-0.026603,0.003415,-0.671301,-2.514045,-0.509333,10.165743,0.0,,,,,,,,,,
,,,,,,,,,,641.0,147633423.0,0.743664,-0.038245,0.013095,-0.66733,0.45015,1.900051,10.860163,0.0,,,,,,,,,,
,,,,,,,,,,642.0,147650090.0,0.74685,-0.051046,0.033997,-0.662158,0.772003,2.911141,8.896568,0.0,,,,,,,,,,
,,,,,,,,,,643.0,147666757.0,0.749929,-0.061942,0.059284,-0.655939,0.552971,2.350198,7.893507,0.0,,,,,,,,,,
,,,,,,,,,,644.0,147683424.0,0.749128,-0.07628,0.074927,-0.653739,0.44828,1.165704,4.080564,0.0,,,,,,,,,,
,,,,,,,,,,645.0,147700091.0,0.748293,-0.092241,0.08601,-0.651269,0.532293,0.343993,3.04353,0.0,,,,,,,,,,
,,,,,,,,,,646.0,147716758.0,0.746396,-0.109881,0.089749,-0.650203,0.442013,0.571544,1.690594,0.0,,,,,,,,,,
,,,,,,,,,,647.0,147733425.0,0.74522,-0.127447,0.090643,-0.64822,0.604905,1.031838,0.852784,0.0,,,,,,,,,,
,,,,,,,,,,648.0,147750092.0,0.742906,-0.143537,0.090756,-0.647496,0.265612,1.133363,-0.270845,0.0,,,,,,,,,,
,,,,,,,,,,649.0,147766759.0,0.738822,-0.159074,0.089602,-0.648699,-0.334647,0.701589,-2.717397,0.0,,,,,,,,,,
,,,,,,,,,,650.0,147783426.0,0.733541,-0.173965,0.087352,-0.651171,-0.565033,-0.400398,-5.11288,0.0,,,,,,,,,,
,,,,,,,,,,651.0,147800093.0,0.728549,-0.185618,0.085532,-0.653794,-0.615365,-1.446083,-7.625163,0.0,,,,,,,,,,
,,,,,,,,,,652.0,147816760.0,0.724861,-0.193385,0.083802,-0.655863,-1.096927,-2.33766,-8.901749,0.0,,,,,,,,,,
,,,,,,,,,,653.0,147833427.0,0.721984,-0.19804,0.079386,-0.658193,-1.401211,-2.961228,-10.462896,0.0,,,,,,,,,,
,,,,,,,,,,654.0,147850094.0,0.719925,-0.198205,0.073028,-0.661128,-2.404587,-2.177551,-11.192024,0.0,,,,,,,,,,
,,,,,,,,,,655.0,147866761.0,0.718866,-0.192708,0.066405,-0.664595,-2.429275,-1.87328,-11.069131,0.0,,,,,,,,,,
,,,,,,,,,,656.0,147883428.0,0.718508,-0.183545,0.058291,-0.668326,-1.937312,-1.774031,-9.456489,0.0,,,,,,,,,,
,,,,,,,,,,657.0,147900095.0,0.717624,-0.173234,0.047841,-0.672843,-0.697464,-2.297544,-8.592146,0.0,,,,,,,,,,
,,,,,,,,,,658.0,147916762.0,0.717292,-0.161248,0.037767,-0.676804,0.406353,-2.46216,-6.443093,0.0,,,,,,,,,,
,,,,,,,,,,659.0,147933429.0,0.718593,-0.147743,0.028083,-0.678976,1.416504,-2.019184,-5.534387,0.0,,,,,,,,,,
,,,,,,,,,,660.0,147950096.0,0.72285,-0.131665,0.021046,-0.678018,1.790127,-0.642871,-2.698336,0.0,,,,,,,,,,
,,,,,,,,,,661.0,147966763.0,0.729821,-0.115967,0.014377,-0.673577,2.382654,0.64781,1.519565,0.0,,,,,,,,,,
,,,,,,,,,,662.0,147983430.0,0.736139,-0.104125,0.006016,-0.668746,0.971668,2.102508,6.444244,0.0,,,,,,,,,,
,,,,,,,,,,663.0,148000097.0,0.739908,-0.095856,-7e-06,-0.665844,0.789376,2.114255,6.805544,0.0,,,,,,,,,,
,,,,,,,,,,664.0,148016764.0,0.742591,-0.087252,0.001198,-0.664036,0.646697,1.600542,5.512613,0.0,,,,,,,,,,
,,,,,,,,,,665.0,148033431.0,0.743731,-0.078112,0.00724,-0.66386,-0.042329,1.591879,3.54611,0.0,,,,,,,,,,
,,,,,,,,,,666.0,148050098.0,0.743424,-0.068385,0.014186,-0.665164,-0.031902,0.673561,1.980424,0.0,,,,,,,,,,
,,,,,,,,,,667.0,148066765.0,0.742762,-0.059202,0.017819,-0.666695,0.374501,-0.166638,1.05604,0.0,,,,,,,,,,
,,,,,,,,,,668.0,148083432.0,0.742395,-0.050781,0.016133,-0.66784,0.618033,-0.760401,0.708369,0.0,,,,,,,,,,
,,,,,,,,,,669.0,148100099.0,0.742227,-0.043288,0.009476,-0.668682,0.742556,-0.534941,0.73137,0.0,,,,,,,,,,
,,,,,,,,,,670.0,148116766.0,0.742221,-0.036691,0.00045,-0.66915,-0.28788,0.319042,2.174842,0.0,,,,,,,,,,
,,,,,,,,,,671.0,148133433.0,0.742062,-0.031274,-0.00685,-0.669566,-1.202875,1.338822,3.616009,0.0,,,,,,,,,,
,,,,,,,,,,672.0,148150100.0,0.740918,-0.026446,-0.008864,-0.671017,-1.262051,1.418112,4.321831,0.0,,,,,,,,,,
,,,,,,,,,,673.0,148166767.0,0.739225,-0.022424,-0.006288,-0.673056,-0.958657,0.784225,3.569664,0.0,,,,,,,,,,
,,,,,,,,,,674.0,148183434.0,0.737271,-0.019181,-0.002357,-0.67532,-0.091649,-0.096101,1.927906,0.0,,,,,,,,,,
,,,,,,,,,,675.0,148200101.0,0.734959,-0.016891,-0.000912,-0.6779,0.200583,-0.244497,0.648287,0.0,,,,,,,,,,
,,,,,,,,,,676.0,148216768.0,0.732469,-0.015477,-0.002722,-0.680619,0.16854,-0.175733,0.300437,0.0,,,,,,,,,,
,,,,,,,,,,677.0,148233435.0,0.730481,-0.013618,-0.005726,-0.682773,0.112733,0.039825,0.497948,0.0,,,,,,,,,,
,,,,,,,,,,678.0,148250102.0,0.72891,-0.012157,-0.007868,-0.684456,-0.269993,0.110358,1.55043,0.0,,,,,,,,,,
,,,,,,,,,,679.0,148266769.0,0.728142,-0.009734,-0.008622,-0.685303,0.725471,-0.921963,2.033463,0.0,,,,,,,,,,
,,,,,,,,,,680.0,148283436.0,0.72743,-0.007819,-0.007932,-0.686092,0.456311,-0.515366,1.684891,0.0,,,,,,,,,,
,,,,,,,,,,681.0,148300103.0,0.727864,-0.007903,-0.005787,-0.685652,0.590623,-0.386445,0.701624,0.0,,,,,,,,,,
,,,,,,,,,,682.0,148316770.0,0.727383,-0.007833,-0.004753,-0.686171,0.623838,-0.465593,0.674768,0.0,,,,,,,,,,
,,,,,,,,,,683.0,148333437.0,0.726373,-0.007841,-0.004754,-0.68724,0.257112,-0.151798,0.937571,0.0,,,,,,,,,,
,,,,,,,,,,684.0,148350104.0,0.725556,-0.00796,-0.004868,-0.6881,0.105495,-0.143767,1.137809,0.0,,,,,,,,,,
,,,,,,,,,,685.0,148366771.0,0.724854,-0.008848,-0.005794,-0.688822,0.440014,-0.482389,1.007271,0.0,,,,,,,,,,
,,,,,,,,,,686.0,148383438.0,0.724298,-0.010791,-0.007763,-0.689359,0.181763,-0.173999,1.051327,0.0,,,,,,,,,,
,,,,,,,,,,687.0,148400105.0,0.724522,-0.012323,-0.008141,-0.689093,0.207854,0.150787,0.608739,0.0,,,,,,,,,,
,,,,,,,,,,688.0,148416772.0,0.725376,-0.013309,-0.007011,-0.688189,0.248082,0.092271,0.033722,0.0,,,,,,,,,,
,,,,,,,,,,689.0,148433439.0,0.72592,-0.014406,-0.006106,-0.687601,0.299476,0.060107,-0.496954,0.0,,,,,,,,,,
,,,,,,,,,,690.0,148450106.0,0.726229,-0.015116,-0.005196,-0.687267,0.112505,0.15387,-0.750629,0.0,,,,,,,,,,
,,,,,,,,,,691.0,148466773.0,0.726734,-0.015082,-0.003806,-0.686743,0.104185,0.063192,-0.95553,0.0,,,,,,,,,,
,,,,,,,,,,692.0,148483440.0,0.726851,-0.014892,-0.003125,-0.686626,-0.046441,0.115667,-1.369498,0.0,,,,,,,,,,
,,,,,,,,,,693.0,148500107.0,0.727059,-0.014001,-0.002719,-0.686427,-0.045392,0.142125,-1.797893,0.0,,,,,,,,,,
,,,,,,,,,,694.0,148516774.0,0.727524,-0.012193,-0.002247,-0.68597,-0.21638,0.521862,-1.552143,0.0,,,,,,,,,,
,,,,,,,,,,695.0,148533441.0,0.728319,-0.009347,-0.000544,-0.685175,-0.605637,0.654351,-0.373544,0.0,,,,,,,,,,
,,,,,,,,,,696.0,148550108.0,0.729226,-0.006352,0.002353,-0.68424,-0.557281,0.162882,0.255148,0.0,,,,,,,,,,
,,,,,,,,,,697.0,148566775.0,0.730153,-0.003456,0.005234,-0.683254,-0.624803,-0.139448,0.096281,0.0,,,,,,,,,,
,,,,,,,,,,698.0,148583442.0,0.730135,-0.001175,0.006797,-0.683268,-0.563891,-0.081123,-0.267165,0.0,,,,,,,,,,
,,,,,,,,,,699.0,148600109.0,0.728191,0.001044,-0.003015,-0.685367,-0.925555,-1.381099,5.606954,0.0,,,,,,,,,,
,,,,,,,,,,700.0,148616776.0,0.728211,0.000251,-0.001752,-0.685351,0.290663,-0.593751,1.046436,0.0,,,,,,,,,,
,,,,,,,,,,701.0,148633443.0,0.729005,0.001799,0.001104,-0.684505,0.014389,-0.842991,0.105286,0.0,,,,,,,,,,
,,,,,,,,,,702.0,148650110.0,0.729694,0.002756,0.002385,-0.683764,-0.253225,-1.364964,0.357083,0.0,,,,,,,,,,
,,,,,,,,,,703.0,148666777.0,0.730366,0.001859,0.004319,-0.68304,0.505633,-2.339381,0.496435,0.0,,,,,,,,,,
,,,,,,,,,,704.0,148683444.0,0.731052,0.00129,0.001952,-0.682318,0.959483,-2.714705,0.23477,0.0,,,,,,,,,,
,,,,,,,,,,705.0,148700111.0,0.732981,-0.000588,-0.002663,-0.680244,0.96143,-2.307344,0.278996,0.0,,,,,,,,,,
,,,,,,,,,,706.0,148716778.0,0.734653,-0.004308,-0.008888,-0.678372,0.513333,-1.14622,1.172171,0.0,,,,,,,,,,
,,,,,,,,,,707.0,148733445.0,0.734868,-0.00844,-0.014429,-0.678005,0.316434,-0.530046,1.326235,0.0,,,,,,,,,,
,,,,,,,,,,708.0,148750112.0,0.735838,-0.012149,-0.017246,-0.676829,1.013186,-0.421761,0.622023,0.0,,,,,,,,,,
,,,,,,,,,,709.0,148766779.0,0.737664,-0.015638,-0.01904,-0.674719,1.274736,-0.835507,0.15898,0.0,,,,,,,,,,
,,,,,,,,,,710.0,148783446.0,0.741084,-0.018402,-0.020482,-0.670848,1.64712,-0.023078,-0.347419,0.0,,,,,,,,,,
,,,,,,,,,,711.0,148800113.0,0.74646,-0.019518,-0.020719,-0.664821,-0.103925,1.355379,-0.164121,0.0,,,,,,,,,,
,,,,,,,,,,712.0,148816780.0,0.752107,-0.020212,-0.020681,-0.658406,-0.15952,1.393056,-0.536493,0.0,,,,,,,,,,
,,,,,,,,,,713.0,148833447.0,0.75597,-0.020892,-0.021318,-0.653925,-0.84514,1.658553,-0.542775,0.0,,,,,,,,,,
,,,,,,,,,,714.0,148850114.0,0.757587,-0.021585,-0.022235,-0.651998,-1.106029,2.196811,-0.36051,0.0,,,,,,,,,,
,,,,,,,,,,715.0,148866781.0,0.758782,-0.021237,-0.02161,-0.65064,-1.104297,2.887178,-0.068579,0.0,,,,,,,,,,
,,,,,,,,,,716.0,148883448.0,0.759732,-0.020365,-0.021216,-0.649571,-1.22909,3.166324,0.617799,0.0,,,,,,,,,,
,,,,,,,,,,717.0,148900115.0,0.758689,-0.020917,-0.023311,-0.6507,-1.396176,3.591019,1.28542,0.0,,,,,,,,,,
,,,,,,,,,,718.0,148916782.0,0.756055,-0.021532,-0.025455,-0.653658,-2.017223,4.553165,1.900946,0.0,,,,,,,,,,
,,,,,,,,,,719.0,148933449.0,0.751541,-0.022931,-0.028012,-0.658693,-1.632586,4.525638,1.766799,0.0,,,,,,,,,,
,,,,,,,,,,720.0,148950116.0,0.745489,-0.024061,-0.03135,-0.665346,-0.063816,4.533761,0.667485,0.0,,,,,,,,,,
,,,,,,,,,,721.0,148966783.0,0.739836,-0.02363,-0.032751,-0.671574,-0.121016,4.610428,0.329259,0.0,,,,,,,,,,
,,,,,,,,,,722.0,148983450.0,0.735179,-0.020627,-0.030753,-0.676861,0.458438,4.290002,-0.094584,0.0,,,,,,,,,,
,,,,,,,,,,723.0,149000117.0,0.730815,-0.016075,-0.026864,-0.681858,0.089781,3.879305,0.488982,0.0,,,,,,,,,,
,,,,,,,,,,724.0,149016784.0,0.725558,-0.012131,-0.022173,-0.687697,0.250033,3.70826,1.120705,0.0,,,,,,,,,,
,,,,,,,,,,725.0,149033451.0,0.71945,-0.008679,-0.016422,-0.694295,-0.395747,4.022204,0.890006,0.0,,,,,,,,,,
,,,,,,,,,,726.0,149050118.0,0.712407,-0.005281,-0.010052,-0.701675,-0.127824,3.014389,-0.042792,0.0,,,,,,,,,,
,,,,,,,,,,727.0,149066785.0,0.703892,-0.001814,-0.003288,-0.710297,0.441045,1.530676,-0.771016,0.0,,,,,,,,,,
,,,,,,,,,,728.0,149083452.0,0.695347,0.002122,0.003449,-0.718662,0.180552,0.275747,-0.834468,0.0,,,,,,,,,,
,,,,,,,,,,729.0,149100119.0,0.687232,0.006618,0.009235,-0.726349,0.595405,-0.843799,-1.369747,0.0,,,,,,,,,,
,,,,,,,,,,730.0,149116786.0,0.679933,0.011664,0.012751,-0.73307,0.749499,-1.746465,-1.621354,0.0,,,,,,,,,,
,,,,,,,,,,731.0,149133453.0,0.673475,0.016978,0.014207,-0.738879,0.355642,-2.175608,-0.857873,0.0,,,,,,,,,,
,,,,,,,,,,732.0,149150120.0,0.666368,0.021353,0.014427,-0.745178,-0.260605,-2.889221,0.327964,0.0,,,,,,,,,,
,,,,,,,,,,733.0,149166787.0,0.659,0.024551,0.014675,-0.751599,0.095054,-3.592219,0.532687,0.0,,,,,,,,,,
,,,,,,,,,,734.0,149183454.0,0.653478,0.028504,0.017055,-0.756217,-0.168528,-3.64712,1.173676,0.0,,,,,,,,,,
,,,,,,,,,,735.0,149200121.0,0.648786,0.031322,0.019441,-0.760078,-0.448678,-4.231607,1.664965,0.0,,,,,,,,,,
,,,,,,,,,,736.0,149216788.0,0.644504,0.031997,0.021202,-0.763637,0.081423,-5.559137,1.135285,0.0,,,,,,,,,,
,,,,,,,,,,737.0,149233455.0,0.642555,0.03228,0.022956,-0.765215,0.332907,-5.903433,0.263946,0.0,,,,,,,,,,
,,,,,,,,,,738.0,149250122.0,0.642184,0.031721,0.024114,-0.765514,0.298863,-5.644267,-0.009687,0.0,,,,,,,,,,
,,,,,,,,,,739.0,149266789.0,0.642669,0.030077,0.024724,-0.765154,-0.078438,-5.001823,0.42155,0.0,,,,,,,,,,
,,,,,,,,,,740.0,149283456.0,0.643358,0.027564,0.025219,-0.764654,0.032567,-4.812692,0.295431,0.0,,,,,,,,,,
,,,,,,,,,,741.0,149300123.0,0.643687,0.02445,0.025259,-0.764481,0.207,-4.428218,-0.040607,0.0,,,,,,,,,,
,,,,,,,,,,742.0,149316790.0,0.644469,0.021868,0.024038,-0.76394,0.425619,-4.141466,-0.394611,0.0,,,,,,,,,,
,,,,,,,,,,743.0,149333457.0,0.645418,0.0193,0.020017,-0.763323,0.740688,-4.490642,-0.369974,0.0,,,,,,,,,,
,,,,,,,,,,744.0,149350124.0,0.646846,0.016479,0.013221,-0.762328,0.569082,-4.582682,0.552414,0.0,,,,,,,,,,
,,,,,,,,,,745.0,149366791.0,0.648882,0.012514,0.005136,-0.760769,0.270684,-4.68293,1.377661,0.0,,,,,,,,,,
,,,,,,,,,,746.0,149383458.0,0.651785,0.007943,-0.003358,-0.758355,0.658189,-4.476617,0.960641,0.0,,,,,,,,,,
,,,,,,,,,,747.0,149400125.0,0.655039,0.002936,-0.012791,-0.755481,0.275515,-3.565196,1.039241,0.0,,,,,,,,,,
,,,,,,,,,,748.0,149416792.0,0.658094,-0.002623,-0.022682,-0.752589,-0.488005,-2.345283,1.591639,0.0,,,,,,,,,,
,,,,,,,,,,749.0,149433459.0,0.66042,-0.008687,-0.030983,-0.750207,-1.075715,-1.138233,1.483561,0.0,,,,,,,,,,
,,,,,,,,,,750.0,149450126.0,0.662103,-0.014191,-0.037617,-0.748333,-0.275511,-0.156838,-0.348608,0.0,,,,,,,,,,
,,,,,,,,,,751.0,149466793.0,0.663626,-0.018669,-0.044783,-0.74649,-0.481667,0.858875,-0.423987,0.0,,,,,,,,,,
,,,,,,,,,,752.0,149483460.0,0.66501,-0.022755,-0.052716,-0.744624,-0.683918,1.128642,0.10876,0.0,,,,,,,,,,
,,,,,,,,,,753.0,149500127.0,0.667034,-0.026613,-0.058812,-0.742226,-0.779572,0.879257,0.486601,0.0,,,,,,,,,,
,,,,,,,,,,754.0,149516794.0,0.670354,-0.02956,-0.062062,-0.738851,-0.220493,1.319713,-0.469438,0.0,,,,,,,,,,
,,,,,,,,,,755.0,149533461.0,0.673914,-0.031041,-0.064213,-0.735359,-0.117276,2.66813,-0.950744,0.0,,,,,,,,,,
,,,,,,,,,,756.0,149550128.0,0.675828,-0.032011,-0.06753,-0.733261,-0.447333,3.604319,-0.697698,0.0,,,,,,,,,,
,,,,,,,,,,757.0,149566795.0,0.676673,-0.031989,-0.070843,-0.732169,-0.314595,3.92557,-0.76388,0.0,,,,,,,,,,
,,,,,,,,,,758.0,149583462.0,0.677484,-0.030512,-0.072497,-0.73132,-0.261935,3.967218,-0.459136,0.0,,,,,,,,,,
,,,,,,,,,,759.0,149600129.0,0.678007,-0.028571,-0.074288,-0.730734,-0.293034,3.721219,-0.116034,0.0,,,,,,,,,,
,,,,,,,,,,760.0,149616796.0,0.677786,-0.027317,-0.076757,-0.730731,-0.186855,3.041763,0.231705,0.0,,,,,,,,,,
,,,,,,,,,,761.0,149633463.0,0.677982,-0.025476,-0.078725,-0.730407,0.147671,2.998606,-0.151695,0.0,,,,,,,,,,
,,,,,,,,,,762.0,149650130.0,0.678074,-0.023257,-0.08051,-0.730201,0.111187,2.907366,-0.025591,0.0,,,,,,,,,,
,,,,,,,,,,763.0,149666797.0,0.677777,-0.021122,-0.081999,-0.730375,0.265828,2.133805,0.02436,0.0,,,,,,,,,,
,,,,,,,,,,764.0,149683464.0,0.677496,-0.018696,-0.082748,-0.730617,0.577027,1.422023,-0.029553,0.0,,,,,,,,,,
,,,,,,,,,,765.0,149700131.0,0.678289,-0.015426,-0.081978,-0.730045,0.292609,1.278692,0.309075,0.0,,,,,,,,,,
,,,,,,,,,,766.0,149716798.0,0.679209,-0.012584,-0.0805,-0.729408,-0.143751,1.152906,0.533165,0.0,,,,,,,,,,
,,,,,,,,,,767.0,149733465.0,0.680333,-0.009682,-0.078009,-0.728676,0.173438,0.995158,-0.264561,0.0,,,,,,,,,,
,,,,,,,,,,768.0,149750132.0,0.68177,-0.006024,-0.074821,-0.727706,0.02209,1.253364,-0.769852,0.0,,,,,,,,,,
,,,,,,,,,,769.0,149766799.0,0.682959,-0.001466,-0.0716,-0.726937,-0.037779,1.380361,-0.955736,0.0,,,,,,,,,,
,,,,,,,,,,770.0,149783466.0,0.683448,0.003642,-0.069053,-0.726717,-0.074101,0.927556,-0.742271,0.0,,,,,,,,,,
,,,,,,,,,,771.0,149800133.0,0.683348,0.009279,-0.06667,-0.726983,-0.005916,0.4217,-0.875874,0.0,,,,,,,,,,
,,,,,,,,,,772.0,149816800.0,0.683014,0.016055,-0.063184,-0.72749,0.06995,0.770806,-1.677129,0.0,,,,,,,,,,
,,,,,,,,,,773.0,149833467.0,0.68314,0.024137,-0.058849,-0.727512,-0.022986,1.170658,-1.710264,0.0,,,,,,,,,,
,,,,,,,,,,774.0,149850134.0,0.682995,0.031555,-0.056353,-0.727562,-0.48886,1.204767,-0.73833,0.0,,,,,,,,,,
,,,,,,,,,,775.0,149866801.0,0.681825,0.037973,-0.055355,-0.728429,-0.226717,0.628882,0.347756,0.0,,,,,,,,,,
,,,,,,,,,,776.0,149883468.0,0.680082,0.042842,-0.055716,-0.72976,-0.730358,0.219634,1.324328,0.0,,,,,,,,,,
,,,,,,,,,,777.0,149900135.0,0.67992,-0.000196,-0.013574,-0.73316,-1.687448,-7.194972,-0.093251,0.0,,,,,,,,,,
,,,,,,,,,,778.0,149916802.0,0.669526,0.001119,-0.013794,-0.74266,1.454847,-1.64146,2.236046,0.0,,,,,,,,,,
,,,,,,,,,,779.0,149933469.0,0.667656,0.001115,-0.013796,-0.744341,0.039085,-0.022396,0.220749,0.0,,,,,,,,,,
,,,,,,,,,,780.0,149950136.0,0.667061,0.001348,-0.012113,-0.744904,0.672623,-1.396438,0.462821,0.0,,,,,,,,,,
,,,,,,,,,,781.0,149966803.0,0.663777,0.000144,-0.010272,-0.74786,0.203505,-0.8989,0.171802,0.0,,,,,,,,,,
,,,,,,,,,,782.0,149983470.0,0.660544,-0.000864,-0.013639,-0.750663,0.105241,-0.208356,0.412763,0.0,,,,,,,,,,
,,,,,,,,,,783.0,150000137.0,0.659751,-0.002174,-0.013452,-0.751361,-0.188509,-0.237202,0.052249,0.0,,,,,,,,,,
,,,,,,,,,,784.0,150016804.0,0.657528,-0.003465,-0.01324,-0.753306,-0.607197,0.061517,0.443043,0.0,,,,,,,,,,
,,,,,,,,,,785.0,150033471.0,0.653781,-0.000593,-0.013787,-0.756558,-0.515924,-1.13827,-0.760999,0.0,,,,,,,,,,
,,,,,,,,,,786.0,150050138.0,0.65083,-0.006309,-0.011467,-0.759111,0.778114,-0.015206,1.188731,0.0,,,,,,,,,,
,,,,,,,,,,787.0,150066805.0,0.651579,-0.002229,-0.013661,-0.758455,0.246894,0.763781,0.456981,0.0,,,,,,,,,,
,,,,,,,,,,788.0,150083472.0,0.652623,-0.004729,-0.012678,-0.757563,-0.1716,0.037877,0.05666,0.0,,,,,,,,,,
,,,,,,,,,,789.0,150100139.0,0.652354,-0.003223,-0.012371,-0.757807,-0.167282,-0.107621,0.108482,0.0,,,,,,,,,,
,,,,,,,,,,790.0,150116806.0,0.651714,0.000115,-0.010736,-0.758389,0.002183,-0.127411,0.301473,0.0,,,,,,,,,,
,,,,,,,,,,791.0,150133473.0,0.651,0.000563,-0.008619,-0.759029,0.082742,0.239534,0.538195,0.0,,,,,,,,,,
,,,,,,,,,,792.0,150150140.0,0.650437,-0.00242,-0.00883,-0.759505,-0.118558,0.026272,0.250619,0.0,,,,,,,,,,
,,,,,,,,,,793.0,150166807.0,0.650218,-0.001814,-0.00914,-0.75969,-0.23753,-0.234849,-0.009011,0.0,,,,,,,,,,
,,,,,,,,,,794.0,150183474.0,0.650121,-3.1e-05,-0.009244,-0.759775,0.037415,0.14017,0.421916,0.0,,,,,,,,,,
,,,,,,,,,,795.0,150200141.0,0.650149,-0.001349,-0.009651,-0.759745,0.03117,-0.053541,0.364674,0.0,,,,,,,,,,
,,,,,,,,,,796.0,150216808.0,0.650329,-0.001508,-0.008668,-0.759602,-0.14314,-0.123817,0.146943,0.0,,,,,,,,,,
,,,,,,,,,,797.0,150233475.0,0.650267,-0.001121,-0.00879,-0.759654,-0.079964,0.088366,0.293802,0.0,,,,,,,,,,
,,,,,,,,,,798.0,150250142.0,0.650273,-0.001282,-0.00954,-0.75964,-0.028897,-0.136926,0.274269,0.0,,,,,,,,,,
,,,,,,,,,,799.0,150266809.0,0.650295,-0.001038,-0.009107,-0.759627,-0.039961,-0.049046,0.312925,0.0,,,,,,,,,,
,,,,,,,,,,800.0,150283476.0,0.65023,-0.001416,-0.008937,-0.759683,-0.076502,-0.035851,0.240126,0.0,,,,,,,,,,
,,,,,,,,,,801.0,150300143.0,0.650309,-0.001237,-0.009118,-0.759614,-0.10569,-0.071167,0.220576,0.0,,,,,,,,,,
,,,,,,,,,,802.0,150316810.0,0.650241,-0.001152,-0.009152,-0.759672,-0.029545,-0.028877,0.321111,0.0,,,,,,,,,,
,,,,,,,,,,803.0,150333477.0,0.650351,-0.001381,-0.009219,-0.759577,-0.092557,-0.032208,0.263976,0.0,,,,,,,,,,
,,,,,,,,,,804.0,150350144.0,0.650445,-0.001277,-0.009833,-0.759489,-0.089539,-0.030159,0.230356,0.0,,,,,,,,,,
,,,,,,,,,,805.0,150366811.0,0.650547,-0.001014,-0.010464,-0.759393,-0.054319,-0.014495,0.309721,0.0,,,,,,,,,,
,,,,,,,,,,806.0,150383478.0,0.650776,-0.001045,-0.01096,-0.75919,-0.035542,-0.028741,0.322442,0.0,,,,,,,,,,
,,,,,,,,,,807.0,150400145.0,0.65121,-0.001224,-0.011433,-0.758811,-0.039746,-0.053014,0.286341,0.0,,,,,,,,,,
,,,,,,,,,,808.0,150416812.0,0.651955,-0.001349,-0.011767,-0.758165,-0.04433,-0.083702,0.251501,0.0,,,,,,,,,,
,,,,,,,,,,809.0,150433479.0,0.653123,-0.001307,-0.012004,-0.757155,-0.055026,-0.089758,0.259104,0.0,,,,,,,,,,
,,,,,,,,,,810.0,150450146.0,0.654394,-0.001077,-0.012486,-0.75605,-0.07796,-0.051813,0.261294,0.0,,,,,,,,,,
,,,,,,,,,,811.0,150466813.0,0.655394,-0.000583,-0.013016,-0.755175,-0.091018,-0.000278,0.246972,0.0,,,,,,,,,,
,,,,,,,,,,812.0,150483480.0,0.655574,0.001025,-0.013221,-0.755015,-0.123928,-0.019098,0.244028,0.0,,,,,,,,,,
,,,,,,,,,,813.0,150500147.0,0.656457,-0.001153,-0.012618,-0.754257,0.419741,0.049012,0.792161,0.0,,,,,,,,,,
,,,,,,,,,,814.0,150516814.0,0.658194,-0.004165,-0.009372,-0.752779,-0.348295,1.07605,-0.255185,0.0,,,,,,,,,,
,,,,,,,,,,815.0,150533481.0,0.658824,-0.002164,-0.009189,-0.752238,-0.069684,-1.097638,0.44907,0.0,,,,,,,,,,
,,,,,,,,,,816.0,150550148.0,0.659281,-0.004255,-0.008,-0.751842,-0.001197,0.015588,0.334496,0.0,,,,,,,,,,
,,,,,,,,,,817.0,150566815.0,0.660293,-0.004702,-0.007662,-0.750954,-0.027413,0.084098,0.099375,0.0,,,,,,,,,,
,,,,,,,,,,818.0,150583482.0,0.661012,-0.004863,-0.007565,-0.750322,-0.160562,-0.208241,0.291817,0.0,,,,,,,,,,
,,,,,,,,,,819.0,150600149.0,0.661325,-0.005192,-0.00735,-0.750046,-0.091295,-0.007624,0.249911,0.0,,,,,,,,,,
,,,,,,,,,,820.0,150616816.0,0.661554,-0.005023,-0.007199,-0.749847,-0.073221,0.072159,0.222134,0.0,,,,,,,,,,
,,,,,,,,,,821.0,150633483.0,0.661751,-0.004297,-0.007327,-0.749676,-0.081863,-0.146477,0.312173,0.0,,,,,,,,,,
,,,,,,,,,,822.0,150650150.0,0.661907,-0.004244,-0.007314,-0.749539,-0.095213,-0.07394,0.25819,0.0,,,,,,,,,,
,,,,,,,,,,823.0,150666817.0,0.66208,-0.004007,-0.007517,-0.749384,-0.075715,-0.048958,0.265306,0.0,,,,,,,,,,
,,,,,,,,,,824.0,150683484.0,0.662319,-0.003661,-0.007867,-0.749172,-0.073635,-0.061736,0.241181,0.0,,,,,,,,,,
,,,,,,,,,,825.0,150700151.0,0.662596,-0.003124,-0.008391,-0.748923,-0.078289,-0.069832,0.257286,0.0,,,,,,,,,,
,,,,,,,,,,826.0,150716818.0,0.662801,-0.002319,-0.009014,-0.748738,-0.080282,-0.060012,0.24064,0.0,,,,,,,,,,
,,,,,,,,,,827.0,150733485.0,0.662915,-0.001393,-0.009571,-0.748632,-0.038008,-0.027782,0.287353,0.0,,,,,,,,,,
,,,,,,,,,,828.0,150750152.0,0.662928,-0.00051,-0.010088,-0.748615,-0.021652,-0.028562,0.316898,0.0,,,,,,,,,,
,,,,,,,,,,829.0,150766819.0,0.662942,-0.000177,-0.01031,-0.7486,-0.047924,-0.021229,0.260756,0.0,,,,,,,,,,
,,,,,,,,,,830.0,150783486.0,0.662935,0.000498,-0.010725,-0.748601,-0.09428,-0.020635,0.222992,0.0,,,,,,,,,,
,,,,,,,,,,831.0,150800153.0,0.662994,0.001614,-0.011435,-0.748536,-0.093554,-0.023852,0.251761,0.0,,,,,,,,,,
,,,,,,,,,,832.0,150816820.0,0.663139,0.003199,-0.012344,-0.748388,-0.076724,-0.015893,0.239604,0.0,,,,,,,,,,
,,,,,,,,,,833.0,150833487.0,0.663254,0.00346,-0.012301,-0.748286,0.03025,-0.008381,0.367571,0.0,,,,,,,,,,
,,,,,,,,,,834.0,150850154.0,0.663288,0.003459,-0.012153,-0.748258,-0.059168,-0.010213,0.265603,0.0,,,,,,,,,,
,,,,,,,,,,835.0,150866821.0,0.663273,0.00346,-0.011925,-0.748275,-0.058703,-0.025062,0.253104,0.0,,,,,,,,,,
,,,,,,,,,,836.0,150883488.0,0.663188,0.003453,-0.011823,-0.748351,-0.07229,-0.029727,0.279135,0.0,,,,,,,,,,
,,,,,,,,,,837.0,150900155.0,0.663109,0.003455,-0.011747,-0.748423,-0.066065,-0.062021,0.268688,0.0,,,,,,,,,,
,,,,,,,,,,838.0,150916822.0,0.663111,0.003456,-0.011718,-0.748421,-0.072032,-0.048151,0.259832,0.0,,,,,,,,,,
,,,,,,,,,,839.0,150933489.0,0.663149,0.003464,-0.011641,-0.748389,-0.063665,-0.05207,0.286956,0.0,,,,,,,,,,
,,,,,,,,,,840.0,150950156.0,0.663195,0.003445,-0.011492,-0.74835,-0.074351,-0.022611,0.291812,0.0,,,,,,,,,,
,,,,,,,,,,841.0,150966823.0,0.662991,0.003043,-0.010994,-0.748541,-0.018382,-0.009417,0.320659,0.0,,,,,,,,,,
,,,,,,,,,,842.0,150983490.0,0.662858,0.002233,-0.010401,-0.748669,-0.051967,-0.041597,0.285412,0.0,,,,,,,,,,
,,,,,,,,,,843.0,151000157.0,0.662924,0.001561,-0.009948,-0.748619,-0.077916,-0.023727,0.242853,0.0,,,,,,,,,,
,,,,,,,,,,844.0,151016824.0,0.663188,0.00109,-0.009746,-0.748389,-0.061034,-0.023549,0.264994,0.0,,,,,,,,,,
,,,,,,,,,,845.0,151033491.0,0.66348,0.000642,-0.009611,-0.748133,-0.080575,-0.029687,0.252685,0.0,,,,,,,,,,
,,,,,,,,,,846.0,151050158.0,0.663771,0.000369,-0.009472,-0.747876,-0.022575,-0.026645,0.311207,0.0,,,,,,,,,,
,,,,,,,,,,847.0,151066825.0,0.664108,-0.000451,-0.009063,-0.747581,-0.044306,-0.032345,0.295908,0.0,,,,,,,,,,
,,,,,,,,,,848.0,151083492.0,0.664522,-0.001117,-0.008774,-0.747216,-0.098929,-0.052328,0.220495,0.0,,,,,,,,,,
,,,,,,,,,,849.0,151100159.0,0.664821,-0.001043,-0.008801,-0.74695,-0.06444,-0.054365,0.249489,0.0,,,,,,,,,,
,,,,,,,,,,850.0,151116826.0,0.665163,-0.001135,-0.008755,-0.746646,-0.039295,-0.047142,0.285532,0.0,,,,,,,,,,
,,,,,,,,,,851.0,151133493.0,0.665511,-0.001077,-0.008725,-0.746336,-0.081895,-0.044757,0.263742,0.0,,,,,,,,,,
,,,,,,,,,,852.0,151150160.0,0.665893,-0.001058,-0.008688,-0.745996,-0.025689,-0.047235,0.300004,0.0,,,,,,,,,,
,,,,,,,,,,853.0,151166827.0,0.666538,-0.001628,-0.008464,-0.745421,-0.021273,-0.041361,0.310045,0.0,,,,,,,,,,
,,,,,,,,,,854.0,151183494.0,0.66744,-0.00257,-0.008248,-0.744614,-0.041861,-0.066996,0.288232,0.0,,,,,,,,,,
,,,,,,,,,,855.0,151200161.0,0.669912,-0.003847,-0.006767,-0.7424,0.731908,-0.823916,0.744523,0.0,,,,,,,,,,
,,,,,,,,,,856.0,151216828.0,0.675399,-0.007815,-0.002873,-0.737406,-0.464243,0.352494,-0.187025,0.0,,,,,,,,,,
,,,,,,,,,,857.0,151233495.0,0.676858,-0.007006,-0.002966,-0.736074,-0.690561,0.397218,0.026015,0.0,,,,,,,,,,
,,,,,,,,,,858.0,151250162.0,0.67664,-0.002109,-0.005248,-0.736293,-0.287524,0.025213,0.01051,0.0,,,,,,,,,,
,,,,,,,,,,859.0,151266829.0,0.676754,0.003084,-0.007719,-0.736162,0.199916,-0.192167,0.513719,0.0,,,,,,,,,,
,,,,,,,,,,860.0,151283496.0,0.680618,0.002917,-0.006783,-0.732601,0.364647,-0.362266,0.635172,0.0,,,,,,,,,,
,,,,,,,,,,861.0,151300163.0,0.688378,0.002134,-0.007094,-0.725315,-2.1e-05,-0.082266,0.285914,0.0,,,,,,,,,,
,,,,,,,,,,862.0,151316830.0,0.696264,-0.001366,-0.009281,-0.717725,0.118927,0.127393,0.440426,0.0,,,,,,,,,,
,,,,,,,,,,863.0,151333497.0,0.703573,-0.004935,-0.009468,-0.710543,-0.09427,-0.280122,0.068975,0.0,,,,,,,,,,
,,,,,,,,,,864.0,151350164.0,0.710455,-0.003515,-0.00861,-0.703681,-0.227452,-0.210652,-0.000929,0.0,,,,,,,,,,
,,,,,,,,,,865.0,151366831.0,0.71665,-0.001018,-0.007122,-0.697396,-0.03054,0.209115,0.508726,0.0,,,,,,,,,,
,,,,,,,,,,866.0,151383498.0,0.722129,-0.002397,-0.007955,-0.691709,-0.019011,0.244651,0.417302,0.0,,,,,,,,,,
,,,,,,,,,,867.0,151400165.0,0.726844,-0.003706,-0.008497,-0.68674,-0.094373,-0.182296,0.141416,0.0,,,,,,,,,,
,,,,,,,,,,868.0,151416832.0,0.730834,-0.002444,-0.007419,-0.682511,-0.091504,0.000382,0.27407,0.0,,,,,,,,,,
,,,,,,,,,,869.0,151433499.0,0.733876,-0.002817,-0.007508,-0.679236,-0.092302,0.230274,0.312461,0.0,,,,,,,,,,
,,,,,,,,,,870.0,151450166.0,0.735961,-0.003169,-0.007977,-0.67697,-0.078657,-0.060497,0.211962,0.0,,,,,,,,,,
,,,,,,,,,,871.0,151466833.0,0.737143,-0.002714,-0.007298,-0.675693,-0.054471,0.093099,0.271762,0.0,,,,,,,,,,
,,,,,,,,,,872.0,151483500.0,0.73736,-0.003083,-0.007514,-0.675451,-0.09321,0.106484,0.26385,0.0,,,,,,,,,,
,,,,,,,,,,873.0,151500167.0,0.737196,-0.002776,-0.007633,-0.67563,-0.008711,-0.066569,0.256853,0.0,,,,,,,,,,
,,,,,,,,,,874.0,151516834.0,0.737323,-0.003099,-0.007457,-0.675493,0.045552,0.023914,0.382642,0.0,,,,,,,,,,
,,,,,,,,,,875.0,151533501.0,0.738543,-0.004242,-0.008058,-0.674145,-0.01195,-0.118444,0.23702,0.0,,,,,,,,,,
,,,,,,,,,,876.0,151550168.0,0.740322,-0.004924,-0.010355,-0.672155,-0.114425,0.088791,0.280111,0.0,,,,,,,,,,
,,,,,,,,,,877.0,151566835.0,0.741519,-0.006029,-0.011522,-0.670806,0.101723,0.532746,0.450912,0.0,,,,,,,,,,
,,,,,,,,,,878.0,151583502.0,0.741944,-0.006955,-0.01075,-0.670339,-0.298987,0.668274,0.008158,0.0,,,,,,,,,,
,,,,,,,,,,879.0,151600169.0,0.74284,-0.006926,-0.010217,-0.669355,0.230842,-1.381323,0.510975,0.0,,,,,,,,,,
,,,,,,,,,,880.0,151616836.0,0.743154,-0.007792,-0.009604,-0.669007,-0.159588,0.001332,0.121471,0.0,,,,,,,,,,
,,,,,,,,,,881.0,151633503.0,0.743288,-0.007917,-0.009327,-0.66886,0.000576,-0.025664,0.274531,0.0,,,,,,,,,,
,,,,,,,,,,882.0,151650170.0,0.743313,-0.007974,-0.009172,-0.668834,-0.019847,-0.034379,0.278239,0.0,,,,,,,,,,
,,,,,,,,,,883.0,151666837.0,0.743331,-0.007989,-0.009097,-0.668814,-0.020878,-0.022055,0.243762,0.0,,,,,,,,,,
,,,,,,,,,,884.0,151683504.0,0.743426,-0.007904,-0.009275,-0.668707,-0.026433,-0.036695,0.257696,0.0,,,,,,,,,,
,,,,,,,,,,885.0,151700171.0,0.743632,-0.00776,-0.009576,-0.668476,-0.042515,-0.027099,0.244081,0.0,,,,,,,,,,
,,,,,,,,,,886.0,151716838.0,0.743796,-0.00682,-0.010192,-0.668295,-0.134153,-0.019222,0.174332,0.0,,,,,,,,,,
,,,,,,,,,,887.0,151733505.0,0.74375,-0.004988,-0.010913,-0.668351,-0.054977,-0.074632,0.203733,0.0,,,,,,,,,,
,,,,,,,,,,888.0,151750172.0,0.743526,-0.002429,-0.011059,-0.668611,0.056865,0.04444,0.367275,0.0,,,,,,,,,,
,,,,,,,,,,889.0,151766839.0,0.743466,-0.002668,-0.009968,-0.668694,0.200138,-0.012973,0.481813,0.0,,,,,,,,,,
,,,,,,,,,,890.0,151783506.0,0.743558,-0.004441,-0.007961,-0.668609,-0.040533,0.010655,0.259969,0.0,,,,,,,,,,
,,,,,,,,,,891.0,151800173.0,0.742829,-0.004174,-0.007374,-0.669427,-0.265958,0.002424,0.047478,0.0,,,,,,,,,,
,,,,,,,,,,892.0,151816840.0,0.741484,-0.002697,-0.007815,-0.67092,0.061197,-0.016473,0.365466,0.0,,,,,,,,,,
,,,,,,,,,,893.0,151833507.0,0.740807,-0.003075,-0.006801,-0.671677,0.143729,-0.079077,0.407107,0.0,,,,,,,,,,
,,,,,,,,,,894.0,151850174.0,0.740484,-0.003632,-0.005505,-0.672042,-0.127673,-0.034101,0.175732,0.0,,,,,,,,,,
,,,,,,,,,,895.0,151866841.0,0.740311,-0.003616,-0.007123,-0.672217,-0.174403,0.056469,0.16248,0.0,,,,,,,,,,
,,,,,,,,,,896.0,151883508.0,0.740363,-0.002924,-0.008577,-0.672146,0.0929,-0.140241,0.318174,0.0,,,,,,,,,,
,,,,,,,,,,897.0,151900175.0,0.74041,-0.003302,-0.007588,-0.672104,0.05522,0.009597,0.408792,0.0,,,,,,,,,,
,,,,,,,,,,898.0,151916842.0,0.740344,-0.003568,-0.007797,-0.672174,-0.30755,0.108684,0.076777,0.0,,,,,,,,,,
,,,,,,,,,,899.0,151933509.0,0.738405,0.000919,-0.0107,-0.674272,-0.221666,0.651884,-0.059293,0.0,,,,,,,,,,
,,,,,,,,,,900.0,151950176.0,0.738076,0.002718,-0.009477,-0.674645,0.386893,0.423091,0.792961,0.0,,,,,,,,,,
,,,,,,,,,,901.0,151966843.0,0.737728,0.002442,-0.007688,-0.67505,0.023878,-1.092709,0.246712,0.0,,,,,,,,,,
,,,,,,,,,,902.0,151983510.0,0.737437,0.002413,-0.007513,-0.67537,-0.002916,-0.217671,0.254913,0.0,,,,,,,,,,
,,,,,,,,,,903.0,152000177.0,0.737317,0.002381,-0.007373,-0.675503,-0.02837,-0.036345,0.301902,0.0,,,,,,,,,,
,,,,,,,,,,904.0,152016844.0,0.737315,0.002331,-0.007102,-0.675508,-0.039725,-0.019832,0.296848,0.0,,,,,,,,,,
,,,,,,,,,,905.0,152033511.0,0.737311,0.002231,-0.006546,-0.675518,-0.023465,-0.051745,0.29668,0.0,,,,,,,,,,
,,,,,,,,,,906.0,152050178.0,0.737296,0.00214,-0.005981,-0.67554,-0.043216,-0.02003,0.256331,0.0,,,,,,,,,,
,,,,,,,,,,907.0,152066845.0,0.737297,0.002057,-0.005603,-0.675542,-0.025891,-0.03646,0.248331,0.0,,,,,,,,,,
,,,,,,,,,,908.0,152083512.0,0.737295,0.002004,-0.005319,-0.675547,-0.021269,-0.025282,0.272403,0.0,,,,,,,,,,
,,,,,,,,,,909.0,152100179.0,0.737297,0.001948,-0.00502,-0.675547,-0.016843,-0.018085,0.288516,0.0,,,,,,,,,,
,,,,,,,,,,910.0,152116846.0,0.737283,0.001832,-0.004613,-0.675566,-0.001308,-0.020793,0.285015,0.0,,,,,,,,,,
,,,,,,,,,,911.0,152133513.0,0.737242,0.001725,-0.004183,-0.675614,-0.01259,-0.017953,0.256929,0.0,,,,,,,,,,
,,,,,,,,,,912.0,152150180.0,0.737171,0.001631,-0.003829,-0.675693,-0.027989,-0.025143,0.269284,0.0,,,,,,,,,,
,,,,,,,,,,913.0,152166847.0,0.7371,0.001557,-0.00358,-0.675773,-0.036299,-0.034612,0.293694,0.0,,,,,,,,,,
,,,,,,,,,,914.0,152183514.0,0.736987,0.001551,-0.003505,-0.675896,-0.055458,-0.049794,0.269056,0.0,,,,,,,,,,
,,,,,,,,,,915.0,152200181.0,0.736811,0.001599,-0.00361,-0.676087,-0.057867,-0.096231,0.27829,0.0,,,,,,,,,,
,,,,,,,,,,916.0,152216848.0,0.736709,0.001624,-0.003668,-0.676198,-0.031903,-0.011357,0.257854,0.0,,,,,,,,,,
,,,,,,,,,,917.0,152233515.0,0.73669,0.001585,-0.003558,-0.676219,-0.019885,-0.001703,0.269461,0.0,,,,,,,,,,
,,,,,,,,,,918.0,152250182.0,0.736682,0.001544,-0.003422,-0.676229,-0.024668,-0.0379,0.276779,0.0,,,,,,,,,,
,,,,,,,,,,919.0,152266849.0,0.736671,0.001482,-0.003248,-0.676242,-0.00249,-0.037036,0.298846,0.0,,,,,,,,,,
,,,,,,,,,,920.0,152283516.0,0.736636,0.001382,-0.00302,-0.676281,-0.005164,-0.026483,0.267734,0.0,,,,,,,,,,
,,,,,,,,,,921.0,152300183.0,0.736473,0.001357,-0.002953,-0.676459,-0.015766,-0.018249,0.240398,0.0,,,,,,,,,,
,,,,,,,,,,922.0,152316850.0,0.7364,0.001363,-0.002938,-0.676539,-0.03429,-0.017027,0.24894,0.0,,,,,,,,,,
,,,,,,,,,,923.0,152333517.0,0.736358,0.001338,-0.00292,-0.676584,-0.060316,-0.02412,0.289325,0.0,,,,,,,,,,
,,,,,,,,,,924.0,152350184.0,0.736342,0.001345,-0.002915,-0.676601,-0.056841,-0.020855,0.288921,0.0,,,,,,,,,,
,,,,,,,,,,925.0,152366851.0,0.736339,0.001371,-0.00297,-0.676605,-0.068116,-0.030448,0.253555,0.0,,,,,,,,,,
,,,,,,,,,,926.0,152383518.0,0.736349,0.001391,-0.003031,-0.676594,-0.051083,-0.036121,0.250914,0.0,,,,,,,,,,
,,,,,,,,,,927.0,152400185.0,0.736349,0.001395,-0.003036,-0.676593,-0.01169,-0.042136,0.25678,0.0,,,,,,,,,,
,,,,,,,,,,928.0,152416852.0,0.736344,0.001372,-0.002994,-0.676599,-0.003999,-0.03857,0.273119,0.0,,,,,,,,,,
,,,,,,,,,,929.0,152433519.0,0.736327,0.001362,-0.002962,-0.676618,0.001928,-0.040203,0.298873,0.0,,,,,,,,,,
,,,,,,,,,,930.0,152450186.0,0.736222,0.001363,-0.002942,-0.676732,-0.023168,-0.031598,0.276472,0.0,,,,,,,,,,
,,,,,,,,,,931.0,152466853.0,0.736149,0.001373,-0.002947,-0.676812,-0.029137,-0.027456,0.271078,0.0,,,,,,,,,,
,,,,,,,,,,932.0,152483520.0,0.736127,0.001398,-0.002993,-0.676835,-0.057664,-0.020776,0.277954,0.0,,,,,,,,,,
,,,,,,,,,,933.0,152500187.0,0.736123,0.001407,-0.003031,-0.676839,-0.052666,-0.016015,0.270254,0.0,,,,,,,,,,
,,,,,,,,,,934.0,152516854.0,0.73612,0.001418,-0.003045,-0.676843,-0.053034,-0.006851,0.262461,0.0,,,,,,,,,,
,,,,,,,,,,935.0,152533521.0,0.736112,0.001424,-0.003068,-0.676851,-0.046005,-0.009502,0.287928,0.0,,,,,,,,,,
,,,,,,,,,,936.0,152550188.0,0.73611,0.001452,-0.003155,-0.676853,-0.024715,-0.029581,0.264268,0.0,,,,,,,,,,
,,,,,,,,,,937.0,152566855.0,0.73611,0.001535,-0.003379,-0.676852,-0.021909,-0.031534,0.261168,0.0,,,,,,,,,,
,,,,,,,,,,938.0,152583522.0,0.736117,0.00162,-0.003623,-0.676843,-0.001582,-0.052324,0.269008,0.0,,,,,,,,,,
,,,,,,,,,,939.0,152600189.0,0.736122,0.00165,-0.00376,-0.676836,-0.002446,-0.051453,0.284988,0.0,,,,,,,,,,
,,,,,,,,,,940.0,152616856.0,0.736121,0.001647,-0.003747,-0.676838,-0.021161,-0.04154,0.261662,0.0,,,,,,,,,,
,,,,,,,,,,941.0,152633523.0,0.736116,0.001633,-0.003702,-0.676844,-0.037287,-0.033034,0.28793,0.0,,,,,,,,,,
,,,,,,,,,,942.0,152650190.0,0.736112,0.001617,-0.003652,-0.676848,-0.04301,-0.037909,0.275695,0.0,,,,,,,,,,
,,,,,,,,,,943.0,152666857.0,0.736113,0.00161,-0.003609,-0.676847,-0.050754,-0.008305,0.269389,0.0,,,,,,,,,,
,,,,,,,,,,944.0,152683524.0,0.736113,0.0016,-0.003562,-0.676848,-0.038861,-0.02706,0.287506,0.0,,,,,,,,,,
,,,,,,,,,,945.0,152700191.0,0.736108,0.001587,-0.003527,-0.676853,-0.023268,-0.018582,0.281028,0.0,,,,,,,,,,
,,,,,,,,,,946.0,152716858.0,0.736097,0.001588,-0.003526,-0.676865,-0.005747,-0.006649,0.269307,0.0,,,,,,,,,,
,,,,,,,,,,947.0,152733525.0,0.736094,0.001591,-0.003555,-0.676868,-0.000328,-0.007418,0.252949,0.0,,,,,,,,,,
,,,,,,,,,,948.0,152750192.0,0.736087,0.001576,-0.003549,-0.676876,0.002291,-0.01478,0.267418,0.0,,,,,,,,,,
,,,,,,,,,,949.0,152766859.0,0.736078,0.001559,-0.003514,-0.676886,-0.020813,-0.008372,0.262962,0.0,,,,,,,,,,
,,,,,,,,,,950.0,152783526.0,0.736073,0.001532,-0.003455,-0.676892,-0.037035,-0.026656,0.265257,0.0,,,,,,,,,,
,,,,,,,,,,951.0,152800193.0,0.73607,0.001521,-0.003471,-0.676895,-0.048549,-0.032782,0.236833,0.0,,,,,,,,,,
,,,,,,,,,,952.0,152816860.0,0.736075,0.001552,-0.003594,-0.676888,-0.050558,-0.034609,0.2635,0.0,,,,,,,,,,
,,,,,,,,,,953.0,152833527.0,0.73608,0.001613,-0.003779,-0.676882,-0.055593,-0.039397,0.265376,0.0,,,,,,,,,,
,,,,,,,,,,954.0,152850194.0,0.736083,0.001646,-0.003906,-0.676878,-0.039721,-0.022556,0.279118,0.0,,,,,,,,,,
,,,,,,,,,,955.0,152866861.0,0.73608,0.001632,-0.003876,-0.676882,-0.01137,-0.04593,0.276974,0.0,,,,,,,,,,
,,,,,,,,,,956.0,152883528.0,0.73607,0.001632,-0.003875,-0.676892,-0.027816,-0.023282,0.289058,0.0,,,,,,,,,,
,,,,,,,,,,957.0,152900195.0,0.73605,0.00165,-0.003969,-0.676913,-0.012666,-0.028995,0.261605,0.0,,,,,,,,,,
,,,,,,,,,,958.0,152916862.0,0.736023,0.001659,-0.003996,-0.676943,-0.003863,-0.019013,0.29437,0.0,,,,,,,,,,
,,,,,,,,,,959.0,152933529.0,0.735967,0.001639,-0.003969,-0.677004,-0.019037,-0.015345,0.287382,0.0,,,,,,,,,,
,,,,,,,,,,960.0,152950196.0,0.735913,0.001597,-0.003831,-0.677064,-0.023189,-0.003523,0.255068,0.0,,,,,,,,,,
,,,,,,,,,,961.0,152966863.0,0.735609,0.001524,-0.003572,-0.677396,-0.055972,0.005036,0.267773,0.0,,,,,,,,,,
,,,,,,,,,,962.0,152983530.0,0.734867,0.00144,-0.003299,-0.678201,-0.033834,-0.023899,0.286106,0.0,,,,,,,,,,
,,,,,,,,,,963.0,153000197.0,0.734245,0.001365,-0.003112,-0.678876,-0.040927,-0.02729,0.262112,0.0,,,,,,,,,,
,,,,,,,,,,964.0,153016864.0,0.733848,0.001327,-0.003023,-0.679306,-0.043737,-0.025891,0.252583,0.0,,,,,,,,,,
,,,,,,,,,,965.0,153033531.0,0.733428,0.001316,-0.002962,-0.67976,-0.028352,-0.029406,0.276387,0.0,,,,,,,,,,
,,,,,,,,,,966.0,153050198.0,0.733137,0.001308,-0.002948,-0.680073,-0.052581,-0.053225,0.256787,0.0,,,,,,,,,,
,,,,,,,,,,967.0,153066865.0,0.732989,0.001304,-0.002933,-0.680233,-0.00884,-0.029185,0.271974,0.0,,,,,,,,,,
,,,,,,,,,,968.0,153083532.0,0.7327,0.001255,-0.002776,-0.680544,0.269938,0.335763,0.301011,0.0,,,,,,,,,,
,,,,,,,,,,969.0,153100199.0,0.732809,0.000895,-0.002206,-0.68043,0.058317,0.08238,0.328952,0.0,,,,,,,,,,
,,,,,,,,,,970.0,153116866.0,0.733403,0.000385,-0.000733,-0.679794,0.18122,-0.03613,0.357267,0.0,,,,,,,,,,
,,,,,,,,,,971.0,153133533.0,0.734742,0.001276,0.001863,-0.678343,0.286238,0.102771,0.757298,0.0,,,,,,,,,,
,,,,,,,,,,972.0,153150200.0,0.739748,-0.002666,0.009452,-0.672812,1.204437,0.713241,0.102282,0.0,,,,,,,,,,
,,,,,,,,,,973.0,153166867.0,0.74507,-0.003814,0.012166,-0.666865,-0.420098,-1.169509,2.219969,0.0,,,,,,,,,,
,,,,,,,,,,974.0,153183534.0,0.745499,-0.00181,0.006235,-0.666475,0.653949,-1.362589,2.784229,0.0,,,,,,,,,,
,,,,,,,,,,975.0,153200201.0,0.746179,-0.006018,0.001067,-0.665717,-0.056238,0.610077,3.06327,0.0,,,,,,,,,,
,,,,,,,,,,976.0,153216868.0,0.747782,-0.008876,-0.001484,-0.663883,-0.736518,0.906469,3.130345,0.0,,,,,,,,,,
,,,,,,,,,,977.0,153233535.0,0.748592,-0.012229,-0.001003,-0.662918,0.178303,1.190346,3.101754,0.0,,,,,,,,,,
,,,,,,,,,,978.0,153250202.0,0.752503,-0.018042,-0.000527,-0.658341,0.36838,-0.081865,5.98523,0.0,,,,,,,,,,
,,,,,,,,,,979.0,153266869.0,0.75113,-0.02691,-0.005701,-0.659581,-0.943919,1.466792,4.663239,0.0,,,,,,,,,,
,,,,,,,,,,980.0,153283536.0,0.752723,-0.034104,-0.005714,-0.657429,0.911069,1.483602,2.939251,0.0,,,,,,,,,,
,,,,,,,,,,981.0,153300203.0,0.752868,-0.040979,-0.005435,-0.656872,-0.843929,2.016567,2.725183,0.0,,,,,,,,,,
,,,,,,,,,,982.0,153316870.0,0.750788,-0.047796,-0.004757,-0.658794,-0.681019,2.840524,0.830729,0.0,,,,,,,,,,
,,,,,,,,,,983.0,153333537.0,0.747599,-0.053486,-0.003551,-0.661983,-0.967573,3.071399,-0.722686,0.0,,,,,,,,,,
,,,,,,,,,,984.0,153350204.0,0.743362,-0.058241,-0.003168,-0.666341,-0.912911,3.786772,-2.138848,0.0,,,,,,,,,,
,,,,,,,,,,985.0,153366871.0,0.736921,-0.061881,-0.003329,-0.673133,-1.819246,4.672465,-2.009573,0.0,,,,,,,,,,
,,,,,,,,,,986.0,153383538.0,0.726028,-0.066636,-0.006569,-0.684398,-2.100196,4.655985,-1.943553,0.0,,,,,,,,,,
,,,,,,,,,,987.0,153400205.0,0.711058,-0.073805,-0.014131,-0.699107,-1.133029,3.344845,-1.849381,0.0,,,,,,,,,,
,,,,,,,,,,988.0,153416872.0,0.694115,-0.083759,-0.021657,-0.714647,-0.355339,1.614917,-0.724218,0.0,,,,,,,,,,
,,,,,,,,,,989.0,153433539.0,0.679494,-0.090741,-0.020428,-0.727761,0.653223,-1.259878,0.171656,0.0,,,,,,,,,,
,,,,,,,,,,990.0,153450206.0,0.668766,-0.093965,-0.012346,-0.737408,0.876607,-4.071348,0.037066,0.0,,,,,,,,,,
,,,,,,,,,,991.0,153466873.0,0.662288,-0.095661,-0.002182,-0.743114,1.404923,-5.322111,-1.250951,0.0,,,,,,,,,,
,,,,,,,,,,992.0,153483540.0,0.659343,-0.099139,0.004728,-0.745262,0.991085,-4.811673,-1.425854,0.0,,,,,,,,,,
,,,,,,,,,,993.0,153500207.0,0.655971,-0.105568,0.00643,-0.747339,0.1945,-4.084188,-1.301169,0.0,,,,,,,,,,
,,,,,,,,,,994.0,153516874.0,0.652512,-0.112074,0.007261,-0.74941,0.54536,-3.780849,-1.601377,0.0,,,,,,,,,,
,,,,,,,,,,995.0,153533541.0,0.65077,-0.118048,0.008787,-0.749991,0.572138,-3.391595,-1.376523,0.0,,,,,,,,,,
,,,,,,,,,,996.0,153550208.0,0.650546,-0.123392,0.011062,-0.749295,0.391272,-3.148843,-1.261614,0.0,,,,,,,,,,
,,,,,,,,,,997.0,153566875.0,0.6513,-0.128868,0.013901,-0.747669,0.352584,-3.567514,-1.358467,0.0,,,,,,,,,,
,,,,,,,,,,998.0,153583542.0,0.652245,-0.134256,0.016476,-0.745842,0.640398,-4.013579,-2.384184,0.0,,,,,,,,,,
,,,,,,,,,,999.0,153600209.0,0.653662,-0.13752,0.018783,-0.74395,0.83751,-3.583916,-3.88812,0.0,,,,,,,,,,
,,,,,,,,,,1000.0,153616876.0,0.656182,-0.138223,0.020274,-0.741558,0.380518,-2.527932,-4.757329,0.0,,,,,,,,,,
,,,,,,,,,,1001.0,153633543.0,0.659253,-0.13697,0.019892,-0.739073,0.252016,-2.102433,-4.71009,0.0,,,,,,,,,,
,,,,,,,,,,1002.0,153650210.0,0.662209,-0.135098,0.016022,-0.736866,-0.292421,-1.634525,-3.741365,0.0,,,,,,,,,,
,,,,,,,,,,1003.0,153666877.0,0.665081,-0.132777,0.011209,-0.734787,-0.126969,-1.801544,-2.815366,0.0,,,,,,,,,,
,,,,,,,,,,1004.0,153683544.0,0.668757,-0.128217,0.008246,-0.732296,0.127752,-1.598963,-1.908592,0.0,,,,,,,,,,
,,,,,,,,,,1005.0,153700211.0,0.671585,-0.123725,0.004217,-0.730512,0.238557,-0.641908,-1.500178,0.0,,,,,,,,,,
,,,,,,,,,,1006.0,153716878.0,0.673312,-0.118568,-0.001253,-0.729788,0.262164,0.460413,-2.022568,0.0,,,,,,,,,,
,,,,,,,,,,1007.0,153733545.0,0.677041,-0.110034,-0.005196,-0.727654,0.428691,1.359069,-2.951982,0.0,,,,,,,,,,
,,,,,,,,,,1008.0,153750212.0,0.680353,-0.099969,-0.009387,-0.725973,-0.246402,2.207813,-2.096796,0.0,,,,,,,,,,
,,,,,,,,,,1009.0,153766879.0,0.683317,-0.090188,-0.013599,-0.724402,-0.323172,2.807086,-0.189816,0.0,,,,,,,,,,
,,,,,,,,,,1010.0,153783546.0,0.686308,-0.081399,-0.017099,-0.722539,-0.476127,2.53773,1.967533,0.0,,,,,,,,,,
,,,,,,,,,,1011.0,153800213.0,0.688295,-0.074291,-0.020018,-0.72134,-0.103366,1.510728,2.618958,0.0,,,,,,,,,,
,,,,,,,,,,1012.0,153816880.0,0.690948,-0.067464,-0.02143,-0.719431,0.431145,1.450598,2.365023,0.0,,,,,,,,,,
,,,,,,,,,,1013.0,153833547.0,0.69336,-0.060066,-0.020712,-0.717785,0.230555,1.483536,2.737701,0.0,,,,,,,,,,
,,,,,,,,,,1014.0,153850214.0,0.697106,-0.052062,-0.017582,-0.714859,0.157648,0.806396,2.810328,0.0,,,,,,,,,,
,,,,,,,,,,1015.0,153866881.0,0.701931,-0.044472,-0.013747,-0.710722,0.626425,0.044112,2.319816,0.0,,,,,,,,,,
,,,,,,,,,,1016.0,153883548.0,0.707326,-0.037898,-0.010917,-0.705787,0.055516,0.320823,1.948633,0.0,,,,,,,,,,
,,,,,,,,,,1017.0,153900215.0,0.714298,-0.03106,-0.00813,-0.699105,0.0357,0.549195,1.307747,0.0,,,,,,,,,,
,,,,,,,,,,1018.0,153916882.0,0.722481,-0.025044,-0.005675,-0.690914,-0.331831,0.591269,1.38748,0.0,,,,,,,,,,
,,,,,,,,,,1019.0,153933549.0,0.728964,-0.019962,-0.004421,-0.684247,0.020989,0.448014,2.030846,0.0,,,,,,,,,,
,,,,,,,,,,1020.0,153950216.0,0.72998,-0.015349,-0.006994,-0.683261,-0.666512,0.704277,2.136076,0.0,,,,,,,,,,
,,,,,,,,,,1021.0,153966883.0,0.727824,-0.012003,-0.010518,-0.685578,-0.606887,0.605835,1.563944,0.0,,,,,,,,,,
,,,,,,,,,,1022.0,153983550.0,0.724712,-0.008624,-0.011806,-0.688897,-0.633893,0.607658,1.304243,0.0,,,,,,,,,,
,,,,,,,,,,1023.0,154000217.0,0.723201,-0.005862,-0.010718,-0.690529,-0.265587,0.253443,2.021953,0.0,,,,,,,,,,
,,,,,,,,,,1024.0,154016884.0,0.722375,-0.003595,-0.006454,-0.691462,-1.212946,1.133127,2.378559,0.0,,,,,,,,,,
,,,,,,,,,,1025.0,154033551.0,0.7225,0.006178,0.000415,-0.691343,-0.162409,0.732907,1.604504,0.0,,,,,,,,,,
,,,,,,,,,,1026.0,154050218.0,0.720092,0.009083,0.003252,-0.693811,-0.237922,-0.279602,1.699453,0.0,,,,,,,,,,
,,,,,,,,,,1027.0,154066885.0,0.717928,0.00984,0.001908,-0.696045,-0.099445,-0.046554,0.552752,0.0,,,,,,,,,,
,,,,,,,,,,1028.0,154083552.0,0.714973,0.010008,0.000944,-0.69908,-0.005656,-0.253775,0.057614,0.0,,,,,,,,,,
,,,,,,,,,,1029.0,154100219.0,0.713443,0.009118,0.001872,-0.700652,0.147465,-0.167021,0.555073,0.0,,,,,,,,,,
,,,,,,,,,,1030.0,154116886.0,0.7118,0.007113,0.001549,-0.702344,-0.121812,-0.059574,0.186728,0.0,,,,,,,,,,
,,,,,,,,,,1031.0,154133553.0,0.710141,0.005688,0.000402,-0.704036,-0.137003,0.079408,0.230199,0.0,,,,,,,,,,
,,,,,,,,,,1032.0,154150220.0,0.707867,0.00432,-0.00068,-0.706333,0.035981,-0.031905,0.27689,0.0,,,,,,,,,,
,,,,,,,,,,1033.0,154166887.0,0.706488,0.003007,-0.001267,-0.707718,0.366412,-0.301248,0.332532,0.0,,,,,,,,,,
,,,,,,,,,,1034.0,154183554.0,0.706811,0.000766,-0.001581,-0.7074,0.709735,-0.799545,0.421638,0.0,,,,,,,,,,
,,,,,,,,,,1035.0,154200221.0,0.712408,0.001222,-0.002187,-0.701761,-0.029271,1.089275,0.169619,0.0,,,,,,,,,,
,,,,,,,,,,1036.0,154216888.0,0.718575,0.000172,-0.003555,-0.695441,-0.20478,0.338058,0.233196,0.0,,,,,,,,,,
,,,,,,,,,,1037.0,154233555.0,0.724414,-0.002509,-0.008527,-0.689308,-0.021908,0.166187,0.379288,0.0,,,,,,,,,,
,,,,,,,,,,1038.0,154250222.0,0.729802,-0.004642,-0.011387,-0.683548,0.008115,-0.331507,0.155324,0.0,,,,,,,,,,
,,,,,,,,,,1039.0,154266889.0,0.734911,-0.003743,-0.010518,-0.678072,-0.025247,-0.205002,0.157187,0.0,,,,,,,,,,
,,,,,,,,,,1040.0,154283556.0,0.739081,-0.00245,-0.007962,-0.673565,-0.250992,0.592437,0.450161,0.0,,,,,,,,,,
,,,,,,,,,,1041.0,154300223.0,0.737822,-0.007104,-0.011179,-0.674866,-0.224189,3.164366,0.325097,0.0,,,,,,,,,,
,,,,,,,,,,1042.0,154316890.0,0.738541,-0.006963,-0.011349,-0.674077,0.395882,3.915349,-0.121075,0.0,,,,,,,,,,
,,,,,,,,,,1043.0,154333557.0,0.74112,-0.005333,-0.00717,-0.671313,0.980081,-5.644877,0.289289,0.0,,,,,,,,,,
,,,,,,,,,,1044.0,154350224.0,0.740114,-0.006436,-0.008483,-0.672398,-0.218777,0.26702,0.820579,0.0,,,,,,,,,,
,,,,,,,,,,1045.0,154366891.0,0.741137,-0.005547,-0.007566,-0.671288,0.407493,0.617419,-0.340729,0.0,,,,,,,,,,
,,,,,,,,,,1046.0,154383558.0,0.740406,-0.004746,-0.007906,-0.672097,0.629886,1.230469,0.732187,0.0,,,,,,,,,,
,,,,,,,,,,1047.0,154400225.0,0.740164,-0.002934,-0.012643,-0.672302,0.415458,2.80162,0.757534,0.0,,,,,,,,,,
,,,,,,,,,,1048.0,154416892.0,0.738217,-0.000353,-0.022399,-0.674192,-0.905437,2.636988,0.670973,0.0,,,,,,,,,,
,,,,,,,,,,1049.0,154433559.0,0.734838,-0.001388,-0.031783,-0.677497,-0.779552,3.38049,0.564406,0.0,,,,,,,,,,
,,,,,,,,,,1050.0,154450226.0,0.735354,-0.004595,-0.038029,-0.6766,-1.552791,3.81563,1.341114,0.0,,,,,,,,,,
,,,,,,,,,,1051.0,154466893.0,0.734508,-0.006677,-0.038862,-0.677453,-1.586827,2.792121,1.28476,0.0,,,,,,,,,,
,,,,,,,,,,1052.0,154483560.0,0.733131,-0.006132,-0.038101,-0.678992,-0.290981,2.2008,0.279659,0.0,,,,,,,,,,
,,,,,,,,,,1053.0,154500227.0,0.729598,-0.006017,-0.037361,-0.682828,0.271139,2.190266,-0.626288,0.0,,,,,,,,,,
,,,,,,,,,,1054.0,154516894.0,0.725172,-0.004183,-0.03601,-0.687613,-0.469251,2.600276,-0.883832,0.0,,,,,,,,,,
,,,,,,,,,,1055.0,154533561.0,0.720237,-0.002314,-0.034412,-0.69287,-0.389671,2.284274,-0.780466,0.0,,,,,,,,,,
,,,,,,,,,,1056.0,154550228.0,0.715826,7.2e-05,-0.031975,-0.697546,-0.336606,1.199204,-0.226085,0.0,,,,,,,,,,
,,,,,,,,,,1057.0,154566895.0,0.712009,0.002426,-0.029008,-0.701567,0.197871,0.004212,-0.173574,0.0,,,,,,,,,,
,,,,,,,,,,1058.0,154583562.0,0.708343,0.004953,-0.025143,-0.705404,0.392961,-0.433005,-0.411944,0.0,,,,,,,,,,
,,,,,,,,,,1059.0,154600229.0,0.704511,0.008887,-0.019631,-0.709366,0.231062,-0.324084,-0.741745,0.0,,,,,,,,,,
,,,,,,,,,,1060.0,154616896.0,0.700814,0.014419,-0.012776,-0.713084,0.432847,-0.362642,-0.968663,0.0,,,,,,,,,,
,,,,,,,,,,1061.0,154633563.0,0.697047,0.020833,-0.005941,-0.716698,0.284093,-0.755328,-0.353592,0.0,,,,,,,,,,
,,,,,,,,,,1062.0,154650230.0,0.69272,0.026139,-0.000796,-0.720732,0.141398,-1.580766,0.581121,0.0,,,,,,,,,,
,,,,,,,,,,1063.0,154666897.0,0.688999,0.030896,0.003467,-0.724095,0.160991,-2.312088,1.038939,0.0,,,,,,,,,,
,,,,,,,,,,1064.0,154683564.0,0.685692,0.034409,0.006859,-0.727046,0.084916,-2.751444,1.170856,0.0,,,,,,,,,,
,,,,,,,,,,1065.0,154700231.0,0.683371,0.037125,0.010449,-0.729052,0.258828,-3.081126,1.263609,0.0,,,,,,,,,,
,,,,,,,,,,1066.0,154716898.0,0.68231,0.039487,0.015138,-0.729839,-0.152337,-3.151718,1.539235,0.0,,,,,,,,,,
,,,,,,,,,,1067.0,154733565.0,0.681754,0.041257,0.020085,-0.730141,0.125849,-3.325927,1.136409,0.0,,,,,,,,,,
,,,,,,,,,,1068.0,154750232.0,0.681594,0.042343,0.024424,-0.730096,0.237627,-3.195952,0.685141,0.0,,,,,,,,,,
,,,,,,,,,,1069.0,154766899.0,0.681423,0.043304,0.028129,-0.730066,0.135743,-2.823856,0.495275,0.0,,,,,,,,,,
,,,,,,,,,,1070.0,154783566.0,0.681183,0.04406,0.031533,-0.730106,-0.175025,-2.750407,0.39633,0.0,,,,,,,,,,
,,,,,,,,,,1071.0,154800233.0,0.680503,0.043932,0.033905,-0.730641,0.116906,-3.19905,0.067655,0.0,,,,,,,,,,
,,,,,,,,,,1072.0,154816900.0,0.680412,0.04322,0.034686,-0.730731,0.525792,-3.346167,-0.217124,0.0,,,,,,,,,,
,,,,,,,,,,1073.0,154833567.0,0.68149,0.041465,0.033299,-0.729893,0.36047,-3.357051,0.240079,0.0,,,,,,,,,,
,,,,,,,,,,1074.0,154850234.0,0.683052,0.038728,0.030117,-0.72872,0.271187,-3.123465,0.773792,0.0,,,,,,,,,,
,,,,,,,,,,1075.0,154866901.0,0.685355,0.035428,0.027019,-0.726845,-0.005322,-2.750617,1.221678,0.0,,,,,,,,,,
,,,,,,,,,,1076.0,154883568.0,0.687585,0.031807,0.024574,-0.724991,-0.172971,-2.318105,1.24576,0.0,,,,,,,,,,
,,,,,,,,,,1077.0,154900235.0,0.689356,0.027759,0.022091,-0.723554,-0.18817,-1.858596,0.836296,0.0,,,,,,,,,,
,,,,,,,,,,1078.0,154916902.0,0.690824,0.023287,0.019116,-0.722395,-0.373276,-1.811594,0.778203,0.0,,,,,,,,,,
,,,,,,,,,,1079.0,154933569.0,0.692253,0.018562,0.01551,-0.721249,-0.326006,-1.854338,0.543145,0.0,,,,,,,,,,
,,,,,,,,,,1080.0,154950236.0,0.693737,0.013444,0.012257,-0.719999,-0.742311,-1.530228,0.616327,0.0,,,,,,,,,,
,,,,,,,,,,1081.0,154966903.0,0.694986,0.00859,0.010553,-0.718895,-0.513135,-1.267516,0.250779,0.0,,,,,,,,,,
,,,,,,,,,,1082.0,154983570.0,0.69736,0.004817,0.010636,-0.716626,-0.290082,-0.756477,-0.20051,0.0,,,,,,,,,,
,,,,,,,,,,1083.0,155000237.0,0.700788,0.001832,0.011415,-0.713277,-0.222913,-0.707351,-0.030179,0.0,,,,,,,,,,
,,,,,,,,,,1084.0,155016904.0,0.70382,-0.001749,0.010367,-0.710301,-0.298634,-0.944278,0.43472,0.0,,,,,,,,,,
,,,,,,,,,,1085.0,155033571.0,0.706359,-0.006159,0.006701,-0.707795,-0.179401,-0.640541,0.593236,0.0,,,,,,,,,,
,,,,,,,,,,1086.0,155050238.0,0.707787,-0.01108,0.002269,-0.706335,-0.493188,-0.046926,0.658679,0.0,,,,,,,,,,
,,,,,,,,,,1087.0,155066905.0,0.708445,-0.0148,-0.000651,-0.705611,-0.793178,0.984609,-0.024606,0.0,,,,,,,,,,
,,,,,,,,,,1088.0,155083572.0,0.709437,-0.017034,-0.000842,-0.704563,-0.562756,1.376751,-0.962529,0.0,,,,,,,,,,
,,,,,,,,,,1089.0,155100239.0,0.710694,-0.016806,0.001744,-0.703299,-0.361858,1.287023,-1.581324,0.0,,,,,,,,,,
,,,,,,,,,,1090.0,155116906.0,0.71162,-0.015382,0.005137,-0.702377,-0.474263,1.004786,-1.886791,0.0,,,,,,,,,,
,,,,,,,,,,1091.0,155133573.0,0.712824,-0.01339,0.008306,-0.701166,0.194541,0.721386,-2.142402,0.0,,,,,,,,,,
,,,,,,,,,,1092.0,155150240.0,0.714287,-0.011196,0.009519,-0.699699,0.485661,0.732394,-1.680213,0.0,,,,,,,,,,
,,,,,,,,,,1093.0,155166907.0,0.714114,-0.0096,0.007676,-0.699922,0.536474,0.922641,-0.653926,0.0,,,,,,,,,,
,,,,,,,,,,1094.0,155183574.0,0.71294,-0.008314,0.003763,-0.701166,0.116159,1.340125,0.255515,0.0,,,,,,,,,,
,,,,,,,,,,1095.0,155200241.0,0.712106,-0.006571,0.00017,-0.702041,0.134422,1.388626,0.532873,0.0,,,,,,,,,,
,,,,,,,,,,1096.0,155216908.0,0.711418,-0.004589,-0.002488,-0.70275,0.298077,1.812013,0.549327,0.0,,,,,,,,,,
,,,,,,,,,,1097.0,155233575.0,0.710731,-0.003012,-0.004453,-0.703444,-0.317761,2.435837,1.153478,0.0,,,,,,,,,,
,,,,,,,,,,1098.0,155250242.0,0.710172,-0.002175,-0.005355,-0.704004,-0.275856,2.063986,1.721128,0.0,,,,,,,,,,
,,,,,,,,,,1099.0,155266909.0,0.709561,-0.00226,-0.006018,-0.704615,0.259854,1.25533,1.379164,0.0,,,,,,,,,,
,,,,,,,,,,1100.0,155283576.0,0.708771,-0.0026,-0.006608,-0.705404,0.488391,1.270237,0.352777,0.0,,,,,,,,,,
,,,,,,,,,,1101.0,155300243.0,0.708155,-0.002674,-0.007205,-0.706015,0.74788,1.235318,-0.303457,0.0,,,,,,,,,,
,,,,,,,,,,1102.0,155316910.0,0.707369,-0.00254,-0.008007,-0.706795,0.285116,1.209915,-0.256385,0.0,,,,,,,,,,
,,,,,,,,,,1103.0,155333577.0,0.707164,-0.00149,-0.007416,-0.707009,0.673894,0.883374,-0.255091,0.0,,,,,,,,,,
,,,,,,,,,,1104.0,155350244.0,0.707815,0.000419,-0.00523,-0.706379,0.246712,0.818154,0.109305,0.0,,,,,,,,,,
,,,,,,,,,,1105.0,155366911.0,0.707818,0.001783,-0.003274,-0.706386,0.101234,0.682707,0.334191,0.0,,,,,,,,,,
,,,,,,,,,,1106.0,155383578.0,0.707385,0.002944,-0.001989,-0.70682,0.238422,0.637638,0.053499,0.0,,,,,,,,,,
,,,,,,,,,,1107.0,155400245.0,0.706868,0.003973,-0.001527,-0.707333,0.492087,0.6447,-0.251447,0.0,,,,,,,,,,
,,,,,,,,,,1108.0,155416912.0,0.706915,0.00521,-0.000506,-0.707279,0.35006,0.463084,-0.138714,0.0,,,,,,,,,,
,,,,,,,,,,1109.0,155433579.0,0.707232,0.007192,0.001091,-0.706944,0.377598,0.171505,-0.279149,0.0,,,,,,,,,,
,,,,,,,,,,1110.0,155450246.0,0.707269,0.008485,0.002931,-0.706887,-0.041014,0.36212,0.818634,0.0,,,,,,,,,,
,,,,,,,,,,1111.0,155466913.0,0.70302,0.002405,-0.002196,-0.711163,-2.475706,-0.768007,2.711323,0.0,,,,,,,,,,
,,,,,,,,,,1112.0,155483580.0,0.700653,0.001685,-0.000452,-0.7135,1.090636,0.560621,0.499699,0.0,,,,,,,,,,
,,,,,,,,,,1113.0,155500247.0,0.697892,0.001553,-0.000641,-0.716201,0.010325,0.176882,0.142958,0.0,,,,,,,,,,
,,,,,,,,,,1114.0,155516914.0,0.697181,0.001304,-0.001389,-0.716893,0.393184,0.197821,0.193436,0.0,,,,,,,,,,
,,,,,,,,,,1115.0,155533581.0,0.695791,0.001192,-0.00173,-0.718242,0.078869,0.024525,0.315931,0.0,,,,,,,,,,
,,,,,,,,,,1116.0,155550248.0,0.69734,0.001343,-0.001817,-0.716737,0.162638,-0.024376,0.308688,0.0,,,,,,,,,,
,,,,,,,,,,1117.0,155566915.0,0.698733,0.001223,-0.001749,-0.715379,-0.682599,-0.186243,0.213801,0.0,,,,,,,,,,
,,,,,,,,,,1118.0,155583582.0,0.698386,0.001344,-0.00197,-0.715717,-0.795694,-0.562491,0.29108,0.0,,,,,,,,,,
,,,,,,,,,,1119.0,155600249.0,0.696318,0.000896,-0.002856,-0.717727,-0.451137,-0.335556,0.401317,0.0,,,,,,,,,,
,,,,,,,,,,1120.0,155616916.0,0.694253,-0.000873,-0.003912,-0.71972,-0.013911,-0.196623,0.184597,0.0,,,,,,,,,,
,,,,,,,,,,1121.0,155633583.0,0.692455,-0.000723,-0.005229,-0.721442,-0.097275,-0.058242,0.167657,0.0,,,,,,,,,,
,,,,,,,,,,1122.0,155650250.0,0.691204,-0.000143,-0.005373,-0.72264,0.065676,-0.073173,0.326965,0.0,,,,,,,,,,
,,,,,,,,,,1123.0,155666917.0,0.690201,2.2e-05,-0.00385,-0.723608,-0.00524,-0.027675,0.326188,0.0,,,,,,,,,,
,,,,,,,,,,1124.0,155683584.0,0.689456,-0.001734,-0.006139,-0.7243,-0.159592,0.292895,0.293407,0.0,,,,,,,,,,
,,,,,,,,,,1125.0,155700251.0,0.688914,-0.003587,-0.010902,-0.724753,-0.099164,-0.234756,0.129282,0.0,,,,,,,,,,
,,,,,,,,,,1126.0,155716918.0,0.688562,-0.002737,-0.011817,-0.725076,0.028792,-0.272517,0.269314,0.0,,,,,,,,,,
,,,,,,,,,,1127.0,155733585.0,0.688313,-0.00138,-0.009289,-0.725354,0.093229,-0.122586,0.393023,0.0,,,,,,,,,,
,,,,,,,,,,1128.0,155750252.0,0.687956,-0.00233,-0.006588,-0.725719,-0.098402,0.210929,0.329011,0.0,,,,,,,,,,
,,,,,,,,,,1129.0,155766919.0,0.687716,-0.002664,-0.008407,-0.725926,-0.274558,-0.093387,0.00527,0.0,,,,,,,,,,
,,,,,,,,,,1130.0,155783586.0,0.687566,-0.001145,-0.009618,-0.726057,0.130043,-0.123766,0.40317,0.0,,,,,,,,,,
,,,,,,,,,,1131.0,155800253.0,0.687434,-0.002,-0.008219,-0.726198,0.103785,0.012342,0.456174,0.0,,,,,,,,,,
,,,,,,,,,,1132.0,155816920.0,0.687495,-0.002588,-0.00764,-0.726144,-0.261684,-0.030386,0.02583,0.0,,,,,,,,,,
,,,,,,,,,,1133.0,155833587.0,0.686903,0.002047,-0.004546,-0.726732,-0.087072,1.4428,0.57803,0.0,,,,,,,,,,
,,,,,,,,,,1134.0,155850254.0,0.683541,0.001513,-0.002266,-0.729907,-0.178531,1.732401,-0.516967,0.0,,,,,,,,,,
,,,,,,,,,,1135.0,155866921.0,0.680245,0.002759,-0.004779,-0.732964,0.797631,-4.262903,0.674416,0.0,,,,,,,,,,
,,,,,,,,,,1136.0,155883588.0,0.679596,0.003317,-0.01102,-0.733496,0.212758,0.338793,0.258821,0.0,,,,,,,,,,
,,,,,,,,,,1137.0,155900255.0,0.678914,-0.005612,-0.01254,-0.73409,0.33525,0.470157,0.647885,0.0,,,,,,,,,,
,,,,,,,,,,1138.0,155916922.0,0.681521,-0.005927,-0.012701,-0.731664,-0.420087,0.405037,0.178709,0.0,,,,,,,,,,
,,,,,,,,,,1139.0,155933589.0,0.683006,-0.009333,-0.01658,-0.730165,0.220595,0.812439,1.152347,0.0,,,,,,,,,,
,,,,,,,,,,1140.0,155950256.0,0.684085,-0.01773,-0.025901,-0.728727,-0.809087,0.044089,1.32455,0.0,,,,,,,,,,
,,,,,,,,,,1141.0,155966923.0,0.679989,-0.034872,-0.044671,-0.731029,-0.308052,-0.379397,2.056247,0.0,,,,,,,,,,
,,,,,,,,,,1142.0,155983590.0,0.676563,-0.065323,-0.075958,-0.729538,0.374618,0.489642,2.305281,0.0,,,,,,,,,,
,,,,,,,,,,1143.0,156000257.0,0.675914,-0.105216,-0.1149,-0.720325,0.141006,1.442126,0.690021,0.0,,,,,,,,,,
,,,,,,,,,,1144.0,156016924.0,0.672297,-0.145979,-0.142223,-0.711674,-2.064727,0.48031,-1.236969,0.0,,,,,,,,,,
,,,,,,,,,,1145.0,156033591.0,0.665375,-0.177656,-0.165837,-0.705841,-0.933904,0.253053,-0.047613,0.0,,,,,,,,,,
,,,,,,,,,,1146.0,156050258.0,0.65262,-0.216326,-0.189788,-0.700907,-0.169985,0.999147,1.30104,0.0,,,,,,,,,,
,,,,,,,,,,1147.0,156066925.0,0.637173,-0.255409,-0.22325,-0.692052,0.094954,1.541643,0.660525,0.0,,,,,,,,,,
,,,,,,,,,,1148.0,156083592.0,0.614821,-0.302721,-0.277652,-0.67325,-0.640848,2.369059,-2.305244,0.0,,,,,,,,,,
,,,,,,,,,,1149.0,156100259.0,0.595547,-0.329328,-0.3259,-0.656244,0.918176,-1.475185,-0.689822,0.0,,,,,,,,,,
,,,,,,,,,,1150.0,156116926.0,0.574666,-0.354648,-0.342512,-0.6532,-0.174116,-0.922531,-1.00027,0.0,,,,,,,,,,
,,,,,,,,,,1151.0,156133593.0,0.564375,-0.355463,-0.356353,-0.654323,-0.276606,-3.318546,-1.356589,0.0,,,,,,,,,,
,,,,,,,,,,1152.0,156150260.0,0.559427,-0.339929,-0.349857,-0.670142,-0.548709,-1.984338,-0.615842,0.0,,,,,,,,,,
,,,,,,,,,,1153.0,156166927.0,0.553055,-0.325952,-0.339216,-0.687617,0.702196,1.874224,0.799519,0.0,,,,,,,,,,
,,,,,,,,,,1154.0,156183594.0,0.549269,-0.316365,-0.340272,-0.694573,0.606672,0.888517,0.797405,0.0,,,,,,,,,,
,,,,,,,,,,1155.0,156200261.0,0.545806,-0.31149,-0.341451,-0.698914,0.511791,-0.009499,0.43138,0.0,,,,,,,,,,
,,,,,,,,,,1156.0,156216928.0,0.546268,-0.305695,-0.340264,-0.701686,0.554009,-1.065636,0.028535,0.0,,,,,,,,,,
,,,,,,,,,,1157.0,156233595.0,0.552576,-0.298843,-0.334113,-0.702653,0.494382,-0.143661,0.390183,0.0,,,,,,,,,,
,,,,,,,,,,1158.0,156250262.0,0.559477,-0.292408,-0.328771,-0.702419,-0.101017,0.381063,0.203063,0.0,,,,,,,,,,
,,,,,,,,,,1159.0,156266929.0,0.566998,-0.284228,-0.321137,-0.703277,0.001455,-0.040084,-0.011415,0.0,,,,,,,,,,
,,,,,,,,,,1160.0,156283596.0,0.573157,-0.275733,-0.310773,-0.706317,-0.263094,0.496609,0.311792,0.0,,,,,,,,,,
,,,,,,,,,,1161.0,156300263.0,0.579251,-0.266344,-0.298245,-0.710337,0.233224,-0.13192,0.049577,0.0,,,,,,,,,,
,,,,,,,,,,1162.0,156316930.0,0.58676,-0.257134,-0.282473,-0.714006,0.179815,-0.23787,0.218017,0.0,,,,,,,,,,
,,,,,,,,,,1163.0,156333597.0,0.594861,-0.248939,-0.265082,-0.71687,0.134105,-0.079971,0.213472,0.0,,,,,,,,,,
,,,,,,,,,,1164.0,156350264.0,0.604028,-0.241209,-0.244081,-0.7193,0.356726,-0.250411,0.090218,0.0,,,,,,,,,,
,,,,,,,,,,1165.0,156366931.0,0.614025,-0.228412,-0.221862,-0.722204,-0.496917,0.273756,-0.542585,0.0,,,,,,,,,,
,,,,,,,,,,1166.0,156383598.0,0.624886,-0.205686,-0.200719,-0.725895,1.135556,-0.489228,-0.723867,0.0,,,,,,,,,,
,,,,,,,,,,1167.0,156400265.0,0.638272,-0.174872,-0.171947,-0.7297,0.409739,-0.04646,-0.866234,0.0,,,,,,,,,,
,,,,,,,,,,1168.0,156416932.0,0.651851,-0.136865,-0.140901,-0.732465,0.920994,0.440929,-0.220639,0.0,,,,,,,,,,
,,,,,,,,,,1169.0,156433599.0,0.663274,-0.101549,-0.107525,-0.733617,-0.339093,0.676288,0.212985,0.0,,,,,,,,,,
,,,,,,,,,,1170.0,156450266.0,0.673496,-0.070339,-0.076888,-0.731809,-0.222784,0.788382,0.661891,0.0,,,,,,,,,,
,,,,,,,,,,1171.0,156466933.0,0.682149,-0.04309,-0.049485,-0.728263,-0.424799,0.692782,0.854725,0.0,,,,,,,,,,
,,,,,,,,,,1172.0,156483600.0,0.690297,-0.017948,-0.023614,-0.722918,-0.526495,0.142946,0.08147,0.0,,,,,,,,,,
,,,,,,,,,,1173.0,156500267.0,0.693889,0.000973,-0.001589,-0.72008,-1.603013,0.915141,2.444105,0.0,,,,,,,,,,
,,,,,,,,,,1174.0,156516934.0,0.692501,0.010482,0.005481,-0.72132,-0.811512,-0.870004,1.329657,0.0,,,,,,,,,,
,,,,,,,,,,1175.0,156533601.0,0.69353,0.030728,0.026337,-0.71929,0.282294,-0.286321,1.217928,0.0,,,,,,,,,,
,,,,,,,,,,1176.0,156550268.0,0.698529,0.057707,0.05329,-0.711258,0.79451,0.850162,0.043604,0.0,,,,,,,,,,
,,,,,,,,,,1177.0,156566935.0,0.704258,0.078803,0.074397,-0.701624,-0.480448,-0.095305,-0.374187,0.0,,,,,,,,,,
,,,,,,,,,,1178.0,156583602.0,0.704903,0.096363,0.09487,-0.696295,0.542522,-0.121718,0.673688,0.0,,,,,,,,,,
,,,,,,,,,,1179.0,156600269.0,0.702626,0.119073,0.119762,-0.691227,-0.996188,0.66707,0.182047,0.0,,,,,,,,,,
,,,,,,,,,,1180.0,156616936.0,0.702878,0.133906,0.139353,-0.684552,-0.361446,-0.325163,-0.342476,0.0,,,,,,,,,,
,,,,,,,,,,1181.0,156633603.0,0.702351,0.146501,0.160398,-0.677874,0.012908,-1.675261,0.724877,0.0,,,,,,,,,,
,,,,,,,,,,1182.0,156650270.0,0.697919,0.163477,0.185548,-0.672128,-0.29328,-0.068149,0.176915,0.0,,,,,,,,,,
,,,,,,,,,,1183.0,156666937.0,0.696375,0.173468,0.205181,-0.665486,0.02246,-0.338113,-0.22975,0.0,,,,,,,,,,
,,,,,,,,,,1184.0,156683604.0,0.695136,0.183597,0.226835,-0.65698,0.037342,-0.952742,0.869801,0.0,,,,,,,,,,
,,,,,,,,,,1185.0,156700271.0,0.688332,0.200979,0.26017,-0.646621,0.382091,-0.464258,0.47866,0.0,,,,,,,,,,
,,,,,,,,,,1186.0,156716938.0,0.678667,0.220517,0.292916,-0.636383,0.181258,-0.097316,-0.837781,0.0,,,,,,,,,,
,,,,,,,,,,1187.0,156733605.0,0.670057,0.240684,0.313612,-0.628285,-0.142874,0.096506,-1.038593,0.0,,,,,,,,,,
,,,,,,,,,,1188.0,156750272.0,0.663723,0.261718,0.324258,-0.621154,-0.187415,-0.118671,-0.492528,0.0,,,,,,,,,,
,,,,,,,,,,1189.0,156766939.0,0.656303,0.281672,0.337078,-0.613438,-0.147859,-0.210241,0.619323,0.0,,,,,,,,,,
,,,,,,,,,,1190.0,156783606.0,0.649966,0.296913,0.350484,-0.605432,-0.412809,0.319735,-0.007215,0.0,,,,,,,,,,
,,,,,,,,,,1191.0,156800273.0,0.644458,0.309868,0.360712,-0.598784,0.234383,-0.088234,-0.029573,0.0,,,,,,,,,,
,,,,,,,,,,1192.0,156816940.0,0.637514,0.323206,0.369707,-0.593659,-0.026042,-0.046162,-0.093988,0.0,,,,,,,,,,
,,,,,,,,,,1193.0,156833607.0,0.631204,0.335945,0.37502,-0.589986,0.088895,0.305031,-0.278498,0.0,,,,,,,,,,
,,,,,,,,,,1194.0,156850274.0,0.630089,0.345809,0.369086,-0.589219,-0.353681,0.625064,-0.619757,0.0,,,,,,,,,,
,,,,,,,,,,1195.0,156866941.0,0.637324,0.345928,0.353702,-0.590802,-0.146135,0.278307,0.09678,0.0,,,,,,,,,,
,,,,,,,,,,1196.0,156883608.0,0.653122,0.33254,0.337848,-0.590514,-0.208397,0.161567,0.066052,0.0,,,,,,,,,,
,,,,,,,,,,1197.0,156900275.0,0.66591,0.318053,0.318778,-0.5948,0.246609,-0.264642,0.084425,0.0,,,,,,,,,,
,,,,,,,,,,1198.0,156916942.0,0.676758,0.302232,0.296271,-0.602394,0.021356,0.135441,-0.24542,0.0,,,,,,,,,,
,,,,,,,,,,1199.0,156933609.0,0.691461,0.276507,0.264692,-0.61267,0.049329,0.347527,-0.317869,0.0,,,,,,,,,,
,,,,,,,,,,1200.0,156950276.0,0.710464,0.236805,0.229176,-0.621807,0.049377,0.295268,-0.265286,0.0,,,,,,,,,,
,,,,,,,,,,1201.0,156966943.0,0.716268,0.202706,0.189556,-0.640265,-1.724972,-0.079351,0.135007,0.0,,,,,,,,,,
,,,,,,,,,,1202.0,156983610.0,0.717773,0.170578,0.154855,-0.657057,1.536737,0.639225,0.046171,0.0,,,,,,,,,,
,,,,,,,,,,1203.0,157000277.0,0.721468,0.138299,0.1224,-0.667365,0.615911,0.351763,-0.041231,0.0,,,,,,,,,,
,,,,,,,,,,1204.0,157016944.0,0.724278,0.100549,0.087381,-0.676518,0.137507,0.001105,-0.088082,0.0,,,,,,,,,,
,,,,,,,,,,1205.0,157033611.0,0.722495,0.061283,0.053142,-0.686602,-0.202759,0.339847,-0.009939,0.0,,,,,,,,,,
,,,,,,,,,,1206.0,157050278.0,0.717641,0.025491,0.019427,-0.695676,0.086135,0.143329,0.405818,0.0,,,,,,,,,,
,,,,,,,,,,1207.0,157066945.0,0.710453,0.002902,-0.010946,-0.703653,-0.672983,-1.668181,1.200875,0.0,,,,,,,,,,
,,,,,,,,,,1208.0,157083612.0,0.70321,0.001658,-0.013196,-0.710858,0.596887,-1.360472,1.326271,0.0,,,,,,,,,,
,,,,,,,,,,1209.0,157100279.0,0.699449,-0.001368,-0.013206,-0.71456,-0.049664,-0.054932,0.84762,0.0,,,,,,,,,,
,,,,,,,,,,1210.0,157116946.0,0.698062,-0.006058,-0.012852,-0.715897,-0.955406,-0.869707,-0.018126,0.0,,,,,,,,,,
,,,,,,,,,,1211.0,157133613.0,0.698052,-0.006054,-0.012719,-0.715908,-0.266656,-1.142256,-1.728218,0.0,,,,,,,,,,
,,,,,,,,,,1212.0,157150280.0,0.700489,-0.000892,-0.008777,-0.713609,1.219216,0.457938,2.635583,0.0,,,,,,,,,,
,,,,,,,,,,1213.0,157166947.0,0.702503,-0.007197,-0.007025,-0.711609,-0.246583,-0.192344,-0.206309,0.0,,,,,,,,,,
,,,,,,,,,,1214.0,157183614.0,0.704451,-0.006216,-0.007406,-0.709687,-0.39828,-0.192705,-0.247589,0.0,,,,,,,,,,
,,,,,,,,,,1215.0,157200281.0,0.706132,-0.000604,-0.008804,-0.708026,-0.045008,-0.02239,0.297437,0.0,,,,,,,,,,
,,,,,,,,,,1216.0,157216948.0,0.707352,0.001342,-0.009651,-0.706795,0.198798,0.218638,0.605933,0.0,,,,,,,,,,
,,,,,,,,,,1217.0,157233615.0,0.708225,-0.001251,-0.009545,-0.705921,0.150843,0.091549,0.51585,0.0,,,,,,,,,,
,,,,,,,,,,1218.0,157250282.0,0.708861,-0.004484,-0.007228,-0.705297,-0.104958,-0.20245,0.119139,0.0,,,,,,,,,,
,,,,,,,,,,1219.0,157266949.0,0.709412,-0.00347,-0.006305,-0.704757,-0.348616,0.051615,-0.013569,0.0,,,,,,,,,,
,,,,,,,,,,1220.0,157283616.0,0.709596,-0.002176,-0.008982,-0.704548,-0.022365,0.115802,0.352089,0.0,,,,,,,,,,
,,,,,,,,,,1221.0,157300283.0,0.709617,-0.002061,-0.009393,-0.704522,0.135945,-0.14533,0.393435,0.0,,,,,,,,,,
,,,,,,,,,,1222.0,157316950.0,0.709524,-0.002893,-0.007472,-0.704636,0.026016,0.030925,0.359919,0.0,,,,,,,,,,
,,,,,,,,,,1223.0,157333617.0,0.709475,-0.003547,-0.007493,-0.704682,-0.185093,-0.030685,0.094447,0.0,,,,,,,,,,
,,,,,,,,,,1224.0,157350284.0,0.709492,-0.002405,-0.008431,-0.704659,-0.00652,-0.069859,0.255221,0.0,,,,,,,,,,
,,,,,,,,,,1225.0,157366951.0,0.709462,-0.002365,-0.008402,-0.704689,0.088669,0.018679,0.419471,0.0,,,,,,,,,,
,,,,,,,,,,1226.0,157383618.0,0.70949,-0.003227,-0.007705,-0.704666,-0.046411,-0.053675,0.241838,0.0,,,,,,,,,,
,,,,,,,,,,1227.0,157400285.0,0.709492,-0.002951,-0.007716,-0.704665,-0.126487,-0.001734,0.176264,0.0,,,,,,,,,,
,,,,,,,,,,1228.0,157416952.0,0.709475,-0.001554,-0.013373,-0.704602,2.60578,-3.349393,0.267027,0.0,,,,,,,,,,
,,,,,,,,,,1229.0,157433619.0,0.707615,-0.00299,-0.013129,-0.70647,3.495052,-1.825285,0.419232,0.0,,,,,,,,,,
,,,,,,,,,,1230.0,157450286.0,0.709743,0.002811,-0.016254,-0.704268,-2.961834,5.208339,-0.02168,0.0,,,,,,,,,,
,,,,,,,,,,1231.0,157466953.0,0.709708,0.002181,-0.019781,-0.704215,-3.963133,1.892533,0.314821,0.0,,,,,,,,,,
,,,,,,,,,,1232.0,157483620.0,0.704305,0.006134,-0.018942,-0.709619,1.130448,-1.161275,0.321374,0.0,,,,,,,,,,
,,,,,,,,,,1233.0,157500287.0,0.700148,0.010578,-0.015755,-0.713745,0.11366,-0.176531,0.872416,0.0,,,,,,,,,,
,,,,,,,,,,1234.0,157516954.0,0.699167,0.009594,0.002041,-0.714891,1.666798,-0.372733,4.706148,0.0,,,,,,,,,,
,,,,,,,,,,1235.0,157533621.0,0.701242,-0.018088,0.035188,-0.711825,0.372529,0.935999,3.614758,0.0,,,,,,,,,,
,,,,,,,,,,1236.0,157550288.0,0.700307,-0.053526,0.068621,-0.708517,0.008663,0.194493,0.082376,0.0,,,,,,,,,,
,,,,,,,,,,1237.0,157566955.0,0.697957,-0.086936,0.095202,-0.704439,0.515443,-0.706592,-1.024521,0.0,,,,,,,,,,
,,,,,,,,,,1238.0,157583622.0,0.694832,-0.113844,0.115,-0.700731,0.722298,-0.675235,-1.522859,0.0,,,,,,,,,,
,,,,,,,,,,1239.0,157600289.0,0.693172,-0.136363,0.13029,-0.695659,0.687483,-0.641444,-0.258751,0.0,,,,,,,,,,
,,,,,,,,,,1240.0,157616956.0,0.692942,-0.159268,0.149669,-0.687069,0.913935,0.089315,1.16299,0.0,,,,,,,,,,
,,,,,,,,,,1241.0,157633623.0,0.687676,-0.191002,0.17886,-0.677222,-0.454265,0.036093,2.59105,0.0,,,,,,,,,,
,,,,,,,,,,1242.0,157650290.0,0.679734,-0.232157,0.216288,-0.661275,1.133497,-0.649022,0.564624,0.0,,,,,,,,,,
,,,,,,,,,,1243.0,157666957.0,0.672494,-0.270674,0.253174,-0.640617,-1.489916,0.680282,-2.436346,0.0,,,,,,,,,,
,,,,,,,,,,1244.0,157683624.0,0.663837,-0.293406,0.28015,-0.628291,-1.381656,-0.074958,-2.86191,0.0,,,,,,,,,,
,,,,,,,,,,1245.0,157700291.0,0.657267,-0.301941,0.297564,-0.623127,-0.780236,-0.19169,-1.729307,0.0,,,,,,,,,,
,,,,,,,,,,1246.0,157716958.0,0.653276,-0.302371,0.306446,-0.622811,0.05244,-0.366194,0.089879,0.0,,,,,,,,,,
,,,,,,,,,,1247.0,157733625.0,0.6513,-0.306377,0.315721,-0.618273,1.573799,-0.638126,1.252668,0.0,,,,,,,,,,
,,,,,,,,,,1248.0,157750292.0,0.650289,-0.316692,0.327221,-0.608077,0.958014,-0.167637,0.483089,0.0,,,,,,,,,,
,,,,,,,,,,1249.0,157766959.0,0.649461,-0.328521,0.336843,-0.597337,-0.203562,0.170217,-0.330267,0.0,,,,,,,,,,
,,,,,,,,,,1250.0,157783626.0,0.648468,-0.338067,0.345042,-0.588341,-0.622224,-0.071069,-0.579689,0.0,,,,,,,,,,
,,,,,,,,,,1251.0,157800293.0,0.64736,-0.341659,0.351068,-0.583906,-1.881394,0.914334,-0.680439,0.0,,,,,,,,,,
,,,,,,,,,,1252.0,157816960.0,0.645206,-0.339524,0.354308,-0.585576,-0.595021,0.28735,-0.17422,0.0,,,,,,,,,,
,,,,,,,,,,1253.0,157833627.0,0.644931,-0.340077,0.361035,-0.581434,0.616219,0.506644,0.544771,0.0,,,,,,,,,,
,,,,,,,,,,1254.0,157850294.0,0.644406,-0.342151,0.371343,-0.574263,-0.808727,0.216309,-0.136787,0.0,,,,,,,,,,
,,,,,,,,,,1255.0,157866961.0,0.643246,-0.342205,0.379266,-0.57034,-0.378262,-0.033336,-0.382814,0.0,,,,,,,,,,
,,,,,,,,,,1256.0,157883628.0,0.643243,-0.339579,0.383805,-0.568875,0.070841,-0.439736,-0.424338,0.0,,,,,,,,,,
,,,,,,,,,,1257.0,157900295.0,0.644396,-0.333561,0.383432,-0.571377,-0.095388,-0.31548,-0.265125,0.0,,,,,,,,,,
,,,,,,,,,,1258.0,157916962.0,0.646185,-0.324289,0.377914,-0.578328,-0.120558,0.103533,-0.02317,0.0,,,,,,,,,,
,,,,,,,,,,1259.0,157933629.0,0.64839,-0.315063,0.371454,-0.585104,0.033306,0.162614,0.081464,0.0,,,,,,,,,,
,,,,,,,,,,1260.0,157950296.0,0.650968,-0.306631,0.363953,-0.591402,0.636713,-0.272821,0.18798,0.0,,,,,,,,,,
,,,,,,,,,,1261.0,157966963.0,0.655024,-0.300371,0.352836,-0.596847,-0.33902,0.337008,-0.233056,0.0,,,,,,,,,,
,,,,,,,,,,1262.0,157983630.0,0.658623,-0.29368,0.33872,-0.604348,0.187148,0.061016,0.11588,0.0,,,,,,,,,,
,,,,,,,,,,1263.0,158000297.0,0.661934,-0.287503,0.324868,-0.611266,0.304269,-0.042731,0.240252,0.0,,,,,,,,,,
,,,,,,,,,,1264.0,158016964.0,0.66412,-0.28167,0.310373,-0.619092,-0.225864,0.307167,0.166701,0.0,,,,,,,,,,
,,,,,,,,,,1265.0,158033631.0,0.664929,-0.271952,0.291896,-0.631434,-0.893265,0.510456,-0.78978,0.0,,,,,,,,,,
,,,,,,,,,,1266.0,158050298.0,0.664496,-0.255159,0.265998,-0.650065,0.292476,0.139575,-1.245387,0.0,,,,,,,,,,
,,,,,,,,,,1267.0,158066965.0,0.666912,-0.238141,0.238843,-0.664433,0.579979,-0.333819,0.006729,0.0,,,,,,,,,,
,,,,,,,,,,1268.0,158083632.0,0.67004,-0.222638,0.2155,-0.674565,0.845354,-0.216186,0.483241,0.0,,,,,,,,,,
,,,,,,,,,,1269.0,158100299.0,0.672954,-0.207947,0.194491,-0.682689,0.08683,-0.385982,0.195066,0.0,,,,,,,,,,
,,,,,,,,,,1270.0,158116966.0,0.677055,-0.192713,0.174663,-0.688441,1.117021,0.106476,0.047075,0.0,,,,,,,,,,
,,,,,,,,,,1271.0,158133633.0,0.684561,-0.171791,0.151849,-0.691958,-0.105808,1.050971,-1.775715,0.0,,,,,,,,,,
,,,,,,,,,,1272.0,158150300.0,0.693627,-0.134618,0.124128,-0.696673,-0.210942,-0.364886,-2.356584,0.0,,,,,,,,,,
,,,,,,,,,,1273.0,158166967.0,0.695215,-0.08758,0.097432,-0.706763,-0.013382,-1.89918,0.365459,0.0,,,,,,,,,,
,,,,,,,,,,1274.0,158183634.0,0.695665,-0.055066,0.071885,-0.712637,0.569874,-0.286796,1.459665,0.0,,,,,,,,,,
,,,,,,,,,,1275.0,158200301.0,0.699434,-0.023155,0.050699,-0.712521,0.386208,-0.010245,1.653814,0.0,,,,,,,,,,
,,,,,,,,,,1276.0,158216968.0,0.704427,0.011241,0.031225,-0.709,0.060824,0.967993,0.774686,0.0,,,,,,,,,,
,,,,,,,,,,1277.0,158233635.0,0.705848,0.038337,0.014145,-0.707184,0.577067,0.014065,0.092198,0.0,,,,,,,,,,
,,,,,,,,,,1278.0,158250302.0,0.706324,0.030286,-0.007494,-0.707201,1.268179,-1.378963,2.253387,0.0,,,,,,,,,,
,,,,,,,,,,1279.0,158266969.0,0.706037,0.020035,-0.030008,-0.707255,0.961045,-1.411866,1.588285,0.0,,,,,,,,,,
,,,,,,,,,,1280.0,158283636.0,0.70681,0.022938,-0.033934,-0.706216,-0.116004,-0.038191,0.369881,0.0,,,,,,,,,,
,,,,,,,,,,1281.0,158300303.0,0.707119,0.02614,-0.039259,-0.70552,-0.471809,0.207995,0.263084,0.0,,,,,,,,,,
,,,,,,,,,,1282.0,158316970.0,0.706276,0.032178,-0.045944,-0.705711,-0.776595,1.051229,0.261784,0.0,,,,,,,,,,
,,,,,,,,,,1283.0,158333637.0,0.70644,0.038217,-0.052279,-0.704805,0.057747,0.19698,0.224422,0.0,,,,,,,,,,
,,,,,,,,,,1284.0,158350304.0,0.706434,0.045416,-0.059275,-0.703829,-0.308429,-0.012088,0.254614,0.0,,,,,,,,,,
,,,,,,,,,,1285.0,158366971.0,0.705095,0.05778,-0.071079,-0.703172,-0.579315,0.191652,0.325904,0.0,,,,,,,,,,
,,,,,,,,,,1286.0,158383638.0,0.701605,0.075193,-0.0881,-0.70309,-0.110332,-0.120458,0.230335,0.0,,,,,,,,,,
,,,,,,,,,,1287.0,158400305.0,0.696093,0.092897,-0.107046,-0.703823,-0.126301,0.047591,0.26575,0.0,,,,,,,,,,
,,,,,,,,,,1288.0,158416972.0,0.693152,0.109329,-0.122656,-0.701814,0.314393,0.3861,0.216,0.0,,,,,,,,,,
,,,,,,,,,,1289.0,158433639.0,0.692947,0.121298,-0.130914,-0.698551,-0.098958,-0.179639,0.292856,0.0,,,,,,,,,,
,,,,,,,,,,1290.0,158450306.0,0.693749,0.130661,-0.136213,-0.695044,0.160473,0.109443,0.279389,0.0,,,,,,,,,,
,,,,,,,,,,1291.0,158466973.0,0.695183,0.139781,-0.14069,-0.690933,-0.256877,-0.015481,0.305722,0.0,,,,,,,,,,
,,,,,,,,,,1292.0,158483640.0,0.694367,0.150641,-0.147342,-0.688079,-0.588175,0.048826,0.240852,0.0,,,,,,,,,,
,,,,,,,,,,1293.0,158500307.0,0.692189,0.161436,-0.154943,-0.686153,-0.184106,-0.225871,0.286523,0.0,,,,,,,,,,
,,,,,,,,,,1294.0,158516974.0,0.689084,0.169998,-0.15964,-0.686133,-0.375726,-0.165249,0.301696,0.0,,,,,,,,,,
,,,,,,,,,,1295.0,158533641.0,0.68678,0.176685,-0.163087,-0.685943,0.037932,0.062402,0.27424,0.0,,,,,,,,,,
,,,,,,,,,,1296.0,158550308.0,0.685817,0.181513,-0.165494,-0.685069,-0.183708,0.148238,0.248191,0.0,,,,,,,,,,
,,,,,,,,,,1297.0,158566975.0,0.685308,0.183969,-0.166997,-0.684559,-0.303848,-0.024737,0.242029,0.0,,,,,,,,,,
,,,,,,,,,,1298.0,158583642.0,0.684348,0.184561,-0.167056,-0.685345,-0.192002,-0.293253,0.301434,0.0,,,,,,,,,,
,,,,,,,,,,1299.0,158600309.0,0.68245,0.184664,-0.166589,-0.68732,-0.20537,-0.289146,0.261783,0.0,,,,,,,,,,
,,,,,,,,,,1300.0,158616976.0,0.679795,0.182498,-0.165351,-0.69082,-0.171458,-0.081445,0.25732,0.0,,,,,,,,,,
,,,,,,,,,,1301.0,158633643.0,0.678117,0.177718,-0.162574,-0.694366,0.101315,0.020963,0.258875,0.0,,,,,,,,,,
,,,,,,,,,,1302.0,158650310.0,0.677821,0.170527,-0.15734,-0.697656,-0.111603,-0.024033,0.248095,0.0,,,,,,,,,,
,,,,,,,,,,1303.0,158666977.0,0.679301,0.159394,-0.149588,-0.700548,0.139658,0.064846,0.251164,0.0,,,,,,,,,,
,,,,,,,,,,1304.0,158683644.0,0.681267,0.146828,-0.140616,-0.703239,-0.277464,-0.151877,0.268526,0.0,,,,,,,,,,
,,,,,,,,,,1305.0,158700311.0,0.683092,0.131395,-0.129747,-0.706602,0.163046,-0.214868,0.272153,0.0,,,,,,,,,,
,,,,,,,,,,1306.0,158716978.0,0.686585,0.109766,-0.112784,-0.709812,0.191913,0.202447,0.262842,0.0,,,,,,,,,,
,,,,,,,,,,1307.0,158733645.0,0.690141,0.080884,-0.091273,-0.713325,-0.496829,0.372215,0.280268,0.0,,,,,,,,,,
,,,,,,,,,,1308.0,158750312.0,0.691721,0.052435,-0.064278,-0.717385,-0.948977,0.878041,0.104817,0.0,,,,,,,,,,
,,,,,,,,,,1309.0,158766979.0,0.691206,0.021809,-0.033005,-0.721575,-0.931657,1.798301,0.145412,0.0,,,,,,,,,,
,,,,,,,,,,1310.0,158783646.0,0.693272,0.000399,-0.006761,-0.720644,0.199562,0.118133,1.990923,0.0,,,,,,,,,,
,,,,,,,,,,1311.0,158800313.0,0.693681,-0.008586,-0.001726,-0.720229,1.599115,-2.175695,-0.990017,0.0,,,,,,,,,,
,,,,,,,,,,1312.0,158816980.0,0.69307,-0.015161,0.005197,-0.720692,2.180064,-1.483131,2.187568,0.0,,,,,,,,,,
,,,,,,,,,,1313.0,158833647.0,0.694254,-0.027892,0.018114,-0.718962,-0.10382,0.154564,0.237507,0.0,,,,,,,,,,
,,,,,,,,,,1314.0,158850314.0,0.694207,-0.037309,0.029691,-0.718194,-1.195756,0.59722,0.530047,0.0,,,,,,,,,,
,,,,,,,,,,1315.0,158866981.0,0.693692,-0.0487,0.048074,-0.717014,-0.687477,-0.214866,1.215128,0.0,,,,,,,,,,
,,,,,,,,,,1316.0,158883648.0,0.694713,-0.061211,0.07464,-0.712781,0.19823,-0.85095,1.310349,0.0,,,,,,,,,,
,,,,,,,,,,1317.0,158900315.0,0.695869,-0.074871,0.102775,-0.706822,0.126815,0.182167,0.168631,0.0,,,,,,,,,,
,,,,,,,,,,1318.0,158916982.0,0.694808,-0.088355,0.128633,-0.70206,0.536319,-0.246018,-0.176203,0.0,,,,,,,,,,
,,,,,,,,,,1319.0,158933649.0,0.692646,-0.098926,0.148832,-0.698788,-0.199512,0.197888,-0.704247,0.0,,,,,,,,,,
,,,,,,,,,,1320.0,158950316.0,0.69045,-0.107904,0.163465,-0.696359,-0.349369,0.311876,-0.493864,0.0,,,,,,,,,,
,,,,,,,,,,1321.0,158966983.0,0.688625,-0.114516,0.173463,-0.694689,-0.27485,-0.015836,-0.595336,0.0,,,,,,,,,,
,,,,,,,,,,1322.0,158983650.0,0.687983,-0.11962,0.184226,-0.691687,0.874051,-1.415301,1.016221,0.0,,,,,,,,,,
,,,,,,,,,,1323.0,159000317.0,0.68832,-0.135099,0.209984,-0.68108,1.685658,-0.343655,2.937624,0.0,,,,,,,,,,
,,,,,,,,,,1324.0,159016984.0,0.686034,-0.16201,0.253663,-0.662394,0.833598,-0.1024,2.457133,0.0,,,,,,,,,,
,,,,,,,,,,1325.0,159033651.0,0.678959,-0.204123,0.30579,-0.635485,0.995239,1.110339,-1.487786,0.0,,,,,,,,,,
,,,,,,,,,,1326.0,159050318.0,0.663576,-0.312141,0.329204,-0.594861,-0.343857,1.365775,-6.11384,0.0,,,,,,,,,,
,,,,,,,,,,1327.0,159066985.0,0.65287,-0.327816,0.338333,-0.593151,0.144048,-1.758181,0.53744,0.0,,,,,,,,,,
,,,,,,,,,,1328.0,159083652.0,0.646732,-0.340133,0.345989,-0.588506,-0.933667,-0.153342,-0.566179,0.0,,,,,,,,,,
,,,,,,,,,,1329.0,159100319.0,0.642667,-0.345533,0.347618,-0.588853,-0.953215,-0.469592,-0.346542,0.0,,,,,,,,,,
,,,,,,,,,,1330.0,159116986.0,0.639391,-0.345114,0.342841,-0.595429,-0.30449,-0.116272,-0.432549,0.0,,,,,,,,,,
,,,,,,,,,,1331.0,159133653.0,0.638655,-0.336171,0.332383,-0.607149,-0.499169,-0.20884,-0.551201,0.0,,,,,,,,,,
,,,,,,,,,,1332.0,159150320.0,0.63958,-0.318154,0.316907,-0.623928,-0.887214,0.818211,-0.765767,0.0,,,,,,,,,,
,,,,,,,,,,1333.0,159166987.0,0.645319,-0.288204,0.295823,-0.642644,-0.724297,0.409318,-1.261919,0.0,,,,,,,,,,
,,,,,,,,,,1334.0,159183654.0,0.651139,-0.260604,0.267973,-0.660526,-0.07315,-0.304816,0.666451,0.0,,,,,,,,,,
,,,,,,,,,,1335.0,159200321.0,0.659391,-0.234635,0.242343,-0.671878,-0.117938,-0.86683,-0.305167,0.0,,,,,,,,,,
,,,,,,,,,,1336.0,159216988.0,0.669912,-0.206601,0.214517,-0.680086,0.416862,-0.335583,-0.416965,0.0,,,,,,,,,,
,,,,,,,,,,1337.0,159233655.0,0.679949,-0.175725,0.181515,-0.688363,-0.29421,0.020479,-1.154553,0.0,,,,,,,,,,
,,,,,,,,,,1338.0,159250322.0,0.688333,-0.135923,0.13946,-0.698766,0.729031,0.37093,-1.468582,0.0,,,,,,,,,,
,,,,,,,,,,1339.0,159266989.0,0.693663,-0.098499,0.095713,-0.707084,0.596691,-0.515308,0.547208,0.0,,,,,,,,,,
,,,,,,,,,,1340.0,159283656.0,0.697176,-0.062315,0.05679,-0.711925,1.0326,0.070407,1.199027,0.0,,,,,,,,,,
,,,,,,,,,,1341.0,159300323.0,0.699956,-0.035018,0.026265,-0.712844,0.109664,-0.210247,1.703436,0.0,,,,,,,,,,
,,,,,,,,,,1342.0,159316990.0,0.702353,-0.010712,0.000428,-0.711749,-0.317841,0.576436,-0.646399,0.0,,,,,,,,,,
,,,,,,,,,,1343.0,159333657.0,0.709485,0.001903,-0.007013,-0.704683,1.043429,-1.683574,5.304426,0.0,,,,,,,,,,
,,,,,,,,,,1344.0,159350324.0,0.717803,0.002335,-0.012756,-0.696126,-0.469103,-0.301101,0.513987,0.0,,,,,,,,,,
,,,,,,,,,,1345.0,159366991.0,0.726223,0.00153,-0.013012,-0.687334,0.869709,0.066894,0.198444,0.0,,,,,,,,,,
,,,,,,,,,,1346.0,159383658.0,0.737053,0.001512,-0.012724,-0.675713,0.762702,0.497846,0.396688,0.0,,,,,,,,,,
,,,,,,,,,,1347.0,159400325.0,0.7459,0.001223,-0.012401,-0.665942,-0.288426,0.477128,0.281246,0.0,,,,,,,,,,
,,,,,,,,,,1348.0,159416992.0,0.751078,-0.000306,-0.011879,-0.660106,0.080285,0.117362,0.419318,0.0,,,,,,,,,,
,,,,,,,,,,1349.0,159433659.0,0.755769,-0.003656,-0.009071,-0.654766,0.142612,-0.050544,0.386541,0.0,,,,,,,,,,
,,,,,,,,,,1350.0,159450326.0,0.759985,-0.005291,-0.005504,-0.649896,-0.3258,-0.089504,-0.062397,0.0,,,,,,,,,,
,,,,,,,,,,1351.0,159466993.0,0.763709,-0.003658,-0.006462,-0.645518,-0.362031,0.179117,0.116121,0.0,,,,,,,,,,
,,,,,,,,,,1352.0,159483660.0,0.766721,-0.002896,-0.009537,-0.641903,0.125969,0.043105,0.476179,0.0,,,,,,,,,,
,,,,,,,,,,1353.0,159500327.0,0.769283,-0.003877,-0.008581,-0.638839,0.138197,-0.11822,0.366554,0.0,,,,,,,,,,
,,,,,,,,,,1354.0,159516994.0,0.771239,-0.004308,-0.006208,-0.636501,-0.2495,0.068835,0.135253,0.0,,,,,,,,,,
,,,,,,,,,,1355.0,159533661.0,0.772331,-0.003678,-0.007726,-0.635162,-0.197173,0.174838,0.21348,0.0,,,,,,,,,,
,,,,,,,,,,1356.0,159550328.0,0.772695,-0.003493,-0.008457,-0.634712,0.165061,-0.04019,0.392275,0.0,,,,,,,,,,
,,,,,,,,,,1357.0,159566995.0,0.772638,-0.003935,-0.007019,-0.634796,-0.006483,0.061045,0.2734,0.0,,,,,,,,,,
,,,,,,,,,,1358.0,159583662.0,0.772593,-0.00385,-0.007618,-0.634845,-0.081553,0.002497,0.175274,0.0,,,,,,,,,,
,,,,,,,,,,1359.0,159600329.0,0.772619,-0.003584,-0.007831,-0.634812,0.112827,0.000618,0.355326,0.0,,,,,,,,,,
,,,,,,,,,,1360.0,159616996.0,0.772585,-0.003976,-0.007257,-0.634857,-0.023417,0.035353,0.270478,0.0,,,,,,,,,,
,,,,,,,,,,1361.0,159633663.0,0.772609,-0.003782,-0.007616,-0.634826,-0.060264,-0.015889,0.232949,0.0,,,,,,,,,,
,,,,,,,,,,1362.0,159650330.0,0.772595,-0.003828,-0.007545,-0.634842,0.021841,-0.010662,0.313135,0.0,,,,,,,,,,
,,,,,,,,,,1363.0,159666997.0,0.772619,-0.003951,-0.007411,-0.634815,-0.077694,-0.027326,0.215551,0.0,,,,,,,,,,
,,,,,,,,,,1364.0,159683664.0,0.772607,-0.003796,-0.007637,-0.634828,-0.013844,-0.021894,0.280777,0.0,,,,,,,,,,
,,,,,,,,,,1365.0,159700331.0,0.772628,-0.00389,-0.007534,-0.634802,0.007914,-0.041621,0.288448,0.0,,,,,,,,,,
,,,,,,,,,,1366.0,159716998.0,0.772627,-0.00382,-0.007599,-0.634803,0.002339,-0.024088,0.277711,0.0,,,,,,,,,,
,,,,,,,,,,1367.0,159733665.0,0.772633,-0.003805,-0.007636,-0.634795,0.044373,-0.036443,0.281919,0.0,,,,,,,,,,
,,,,,,,,,,1368.0,159750332.0,0.772638,-0.003828,-0.007547,-0.63479,0.00769,0.002356,0.256377,0.0,,,,,,,,,,
,,,,,,,,,,1369.0,159766999.0,0.772644,-0.003802,-0.007578,-0.634783,0.00919,0.002381,0.272833,0.0,,,,,,,,,,
,,,,,,,,,,1370.0,159783666.0,0.772639,-0.003832,-0.007514,-0.63479,-0.007603,0.008482,0.268936,0.0,,,,,,,,,,
,,,,,,,,,,1371.0,159800333.0,0.772644,-0.00383,-0.007508,-0.634784,-0.033405,0.018908,0.273729,0.0,,,,,,,,,,
,,,,,,,,,,1372.0,159817000.0,0.772647,-0.003848,-0.007527,-0.63478,-0.042712,0.022024,0.266463,0.0,,,,,,,,,,
,,,,,,,,,,1373.0,159833667.0,0.772649,-0.003866,-0.007528,-0.634777,-0.026754,0.012334,0.233499,0.0,,,,,,,,,,
,,,,,,,,,,1374.0,159850334.0,0.772652,-0.00384,-0.007587,-0.634773,-0.017652,-0.012425,0.264241,0.0,,,,,,,,,,
,,,,,,,,,,1375.0,159867001.0,0.772655,-0.003844,-0.007608,-0.634769,0.006757,-0.020507,0.286773,0.0,,,,,,,,,,
,,,,,,,,,,1376.0,159883668.0,0.772662,-0.00384,-0.007638,-0.634761,0.025874,-0.035085,0.274787,0.0,,,,,,,,,,
,,,,,,,,,,1377.0,159900335.0,0.772664,-0.003847,-0.007648,-0.634758,0.016615,-0.026597,0.291335,0.0,,,,,,,,,,
,,,,,,,,,,1378.0,159917002.0,0.772662,-0.003856,-0.00762,-0.63476,0.014428,-0.024261,0.270711,0.0,,,,,,,,,,
,,,,,,,,,,1379.0,159933669.0,0.772665,-0.003858,-0.007603,-0.634757,-0.001419,-0.014714,0.277131,0.0,,,,,,,,,,
,,,,,,,,,,1380.0,159950336.0,0.772669,-0.003857,-0.007568,-0.634753,-0.01777,0.016211,0.243896,0.0,,,,,,,,,,
,,,,,,,,,,1381.0,159967003.0,0.772677,-0.003861,-0.00756,-0.634743,-0.022696,0.010905,0.2633,0.0,,,,,,,,,,
,,,,,,,,,,1382.0,159983670.0,0.772686,-0.003856,-0.007573,-0.634731,-0.036285,0.009622,0.287107,0.0,,,,,,,,,,
,,,,,,,,,,1383.0,160000337.0,0.772696,-0.003844,-0.007601,-0.634719,-0.00966,0.032106,0.283164,0.0,,,,,,,,,,
,,,,,,,,,,1384.0,160017004.0,0.772704,-0.003836,-0.007635,-0.634709,0.008913,0.022219,0.264942,0.0,,,,,,,,,,
,,,,,,,,,,1385.0,160033671.0,0.772704,-0.003831,-0.007654,-0.634709,0.024297,0.011465,0.284251,0.0,,,,,,,,,,
,,,,,,,,,,1386.0,160050338.0,0.772697,-0.003833,-0.007662,-0.634718,0.017004,-0.005971,0.281343,0.0,,,,,,,,,,
,,,,,,,,,,1387.0,160067005.0,0.772696,-0.00385,-0.007669,-0.634718,0.008399,-0.023983,0.286178,0.0,,,,,,,,,,
,,,,,,,,,,1388.0,160083672.0,0.772696,-0.003872,-0.007658,-0.634719,-0.015082,-0.019948,0.267904,0.0,,,,,,,,,,
,,,,,,,,,,1389.0,160100339.0,0.772689,-0.003885,-0.007644,-0.634727,-0.018665,-0.011681,0.255127,0.0,,,,,,,,,,
,,,,,,,,,,1390.0,160117006.0,0.772689,-0.003901,-0.007641,-0.634727,-0.031795,-0.038281,0.277507,0.0,,,,,,,,,,
,,,,,,,,,,1391.0,160133673.0,0.772698,-0.003892,-0.00764,-0.634717,-0.039923,-0.016988,0.274964,0.0,,,,,,,,,,
,,,,,,,,,,1392.0,160150340.0,0.772699,-0.003874,-0.007661,-0.634714,-0.038656,-0.023541,0.269521,0.0,,,,,,,,,,
,,,,,,,,,,1393.0,160167007.0,0.772703,-0.003857,-0.007674,-0.63471,-0.02186,0.006551,0.266011,0.0,,,,,,,,,,
,,,,,,,,,,1394.0,160183674.0,0.77271,-0.003833,-0.007694,-0.634701,0.009477,0.008851,0.295433,0.0,,,,,,,,,,
,,,,,,,,,,1395.0,160200341.0,0.772714,-0.003821,-0.007695,-0.634697,0.034142,0.017615,0.259683,0.0,,,,,,,,,,
,,,,,,,,,,1396.0,160217008.0,0.772715,-0.003804,-0.007699,-0.634695,0.016788,0.015097,0.261539,0.0,,,,,,,,,,
,,,,,,,,,,1397.0,160233675.0,0.772719,-0.003811,-0.007689,-0.634691,0.025143,0.015586,0.287887,0.0,,,,,,,,,,
,,,,,,,,,,1398.0,160250342.0,0.772727,-0.003834,-0.007675,-0.634681,-0.002838,-0.005595,0.28126,0.0,,,,,,,,,,
,,,,,,,,,,1399.0,160267009.0,0.772719,-0.003852,-0.007664,-0.634691,-0.016074,-0.002517,0.262529,0.0,,,,,,,,,,
,,,,,,,,,,1400.0,160283676.0,0.772724,-0.003866,-0.007651,-0.634684,-0.035233,-0.006124,0.281059,0.0,,,,,,,,,,
,,,,,,,,,,1401.0,160300343.0,0.772726,-0.003875,-0.007641,-0.634683,-0.036742,-0.024322,0.254537,0.0,,,,,,,,,,
,,,,,,,,,,1402.0,160317010.0,0.772726,-0.003871,-0.007659,-0.634682,-0.033551,-0.024013,0.263499,0.0,,,,,,,,,,
,,,,,,,,,,1403.0,160333677.0,0.77273,-0.003853,-0.007678,-0.634677,-0.019879,-0.032152,0.280121,0.0,,,,,,,,,,
,,,,,,,,,,1404.0,160350344.0,0.772736,-0.003835,-0.007706,-0.634669,0.021842,-0.037801,0.260745,0.0,,,,,,,,,,
,,,,,,,,,,1405.0,160367011.0,0.772734,-0.003825,-0.007713,-0.634671,0.032041,-0.01198,0.291141,0.0,,,,,,,,,,
,,,,,,,,,,1406.0,160383678.0,0.772738,-0.003829,-0.007722,-0.634667,0.030667,0.019165,0.282495,0.0,,,,,,,,,,
,,,,,,,,,,1407.0,160400345.0,0.772735,-0.003831,-0.007695,-0.634671,-0.005337,-0.005902,0.276826,0.0,,,,,,,,,,
,,,,,,,,,,1408.0,160417012.0,0.772735,-0.003852,-0.007679,-0.634671,-0.016439,0.012377,0.27323,0.0,,,,,,,,,,
,,,,,,,,,,1409.0,160433679.0,0.772737,-0.003873,-0.007671,-0.634668,-0.038905,0.011152,0.255111,0.0,,,,,,,,,,
,,,,,,,,,,1410.0,160450346.0,0.77274,-0.00388,-0.007673,-0.634665,-0.031308,0.007262,0.269417,0.0,,,,,,,,,,
,,,,,,,,,,1411.0,160467013.0,0.772743,-0.003888,-0.007693,-0.634661,-0.02838,-0.003087,0.277499,0.0,,,,,,,,,,
,,,,,,,,,,1412.0,160483680.0,0.772757,-0.003879,-0.00771,-0.634644,-0.013597,0.004688,0.291824,0.0,,,,,,,,,,
,,,,,,,,,,1413.0,160500347.0,0.77276,-0.003878,-0.007752,-0.634639,-0.008689,-0.019408,0.277125,0.0,,,,,,,,,,
,,,,,,,,,,1414.0,160517014.0,0.772765,-0.003876,-0.007781,-0.634633,0.024281,-0.016313,0.275319,0.0,,,,,,,,,,
,,,,,,,,,,1415.0,160533681.0,0.772765,-0.003886,-0.007783,-0.634633,0.026261,-0.022374,0.263746,0.0,,,,,,,,,,
,,,,,,,,,,1416.0,160550348.0,0.772767,-0.003893,-0.007768,-0.63463,0.002831,-0.016894,0.270679,0.0,,,,,,,,,,
,,,,,,,,,,1417.0,160567015.0,0.772775,-0.003902,-0.007744,-0.63462,-0.02133,-0.01246,0.279315,0.0,,,,,,,,,,
,,,,,,,,,,1418.0,160583682.0,0.772778,-0.003907,-0.007711,-0.634617,-0.018582,0.003405,0.257535,0.0,,,,,,,,,,
,,,,,,,,,,1419.0,160600349.0,0.772785,-0.003896,-0.007699,-0.634609,-0.045643,0.009554,0.296239,0.0,,,,,,,,,,
,,,,,,,,,,1420.0,160617016.0,0.772793,-0.003871,-0.007727,-0.634599,-0.02033,0.007859,0.274564,0.0,,,,,,,,,,
,,,,,,,,,,1421.0,160633683.0,0.772804,-0.003868,-0.007755,-0.634586,0.004093,0.005319,0.266811,0.0,,,,,,,,,,
,,,,,,,,,,1422.0,160650350.0,0.772805,-0.003839,-0.007792,-0.634584,0.016325,0.01337,0.258776,0.0,,,,,,,,,,
,,,,,,,,,,1423.0,160667017.0,0.772808,-0.003872,-0.007764,-0.634581,0.025731,0.005259,0.291312,0.0,,,,,,,,,,
,,,,,,,,,,1424.0,160683684.0,0.772807,-0.003868,-0.007766,-0.634582,-0.002342,-0.005781,0.270722,0.0,,,,,,,,,,
,,,,,,,,,,1425.0,160700351.0,0.772813,-0.003888,-0.007746,-0.634575,-0.006789,-0.021964,0.275306,0.0,,,,,,,,,,
,,,,,,,,,,1426.0,160717018.0,0.772814,-0.003898,-0.007737,-0.634573,-0.023431,-0.009245,0.271998,0.0,,,,,,,,,,
,,,,,,,,,,1427.0,160733685.0,0.772818,-0.003901,-0.007747,-0.634568,-0.039032,-0.024048,0.28398,0.0,,,,,,,,,,
,,,,,,,,,,1428.0,160750352.0,0.772827,-0.003886,-0.007759,-0.634558,-0.023771,-0.033903,0.27274,0.0,,,,,,,,,,
,,,,,,,,,,1429.0,160767019.0,0.772832,-0.003857,-0.007788,-0.634551,0.003214,-0.006776,0.26924,0.0,,,,,,,,,,
,,,,,,,,,,1430.0,160783686.0,0.772831,-0.003839,-0.00779,-0.634553,0.019446,-0.001041,0.259527,0.0,,,,,,,,,,
,,,,,,,,,,1431.0,160800353.0,0.772836,-0.003823,-0.007791,-0.634546,0.023892,0.000357,0.296597,0.0,,,,,,,,,,
,,,,,,,,,,1432.0,160817020.0,0.772839,-0.003823,-0.007779,-0.634544,0.015832,0.00055,0.274671,0.0,,,,,,,,,,
,,,,,,,,,,1433.0,160833687.0,0.772845,-0.003832,-0.007759,-0.634536,0.001678,0.006772,0.270844,0.0,,,,,,,,,,
,,,,,,,,,,1434.0,160850354.0,0.772846,-0.003845,-0.00775,-0.634534,-0.001146,0.021344,0.281157,0.0,,,,,,,,,,
,,,,,,,,,,1435.0,160867021.0,0.772847,-0.00386,-0.007756,-0.634533,-0.021389,-0.002054,0.267328,0.0,,,,,,,,,,
,,,,,,,,,,1436.0,160883688.0,0.772854,-0.003872,-0.007767,-0.634524,-0.028861,0.003693,0.29187,0.0,,,,,,,,,,
,,,,,,,,,,1437.0,160900355.0,0.772861,-0.003871,-0.007773,-0.634515,-0.011481,-0.013708,0.268337,0.0,,,,,,,,,,
,,,,,,,,,,1438.0,160917022.0,0.772862,-0.003862,-0.00779,-0.634515,-0.005199,-0.01341,0.267339,0.0,,,,,,,,,,
,,,,,,,,,,1439.0,160933689.0,0.772861,-0.003864,-0.007806,-0.634516,0.003574,-0.013012,0.283082,0.0,,,,,,,,,,
,,,,,,,,,,1440.0,160950356.0,0.772857,-0.003857,-0.00781,-0.63452,0.006606,-0.010246,0.253782,0.0,,,,,,,,,,
,,,,,,,,,,1441.0,160967023.0,0.772856,-0.003848,-0.007815,-0.634521,0.001591,-0.008364,0.25685,0.0,,,,,,,,,,
,,,,,,,,,,1442.0,160983690.0,0.772862,-0.003846,-0.007803,-0.634515,0.006524,-0.008673,0.270658,0.0,,,,,,,,,,
,,,,,,,,,,1443.0,161000357.0,0.772865,-0.003848,-0.007797,-0.63451,-0.008652,-0.001104,0.245194,0.0,,,,,,,,,,
,,,,,,,,,,1444.0,161017024.0,0.772866,-0.003858,-0.007791,-0.634509,-0.007909,0.008955,0.288185,0.0,,,,,,,,,,
,,,,,,,,,,1445.0,161033691.0,0.772865,-0.003857,-0.007782,-0.634511,-0.008724,0.019681,0.288109,0.0,,,,,,,,,,
,,,,,,,,,,1446.0,161050358.0,0.772862,-0.003838,-0.00779,-0.634514,-0.014642,0.003738,0.311727,0.0,,,,,,,,,,
,,,,,,,,,,1447.0,161067025.0,0.772869,-0.003829,-0.007796,-0.634507,-0.019178,-0.000623,0.274045,0.0,,,,,,,,,,
,,,,,,,,,,1448.0,161083692.0,0.772871,-0.003825,-0.007807,-0.634504,-0.013081,-0.009314,0.250426,0.0,,,,,,,,,,
,,,,,,,,,,1449.0,161100359.0,0.772871,-0.003825,-0.007822,-0.634504,-0.000591,-0.004404,0.277483,0.0,,,,,,,,,,
,,,,,,,,,,1450.0,161117026.0,0.772876,-0.003833,-0.007838,-0.634497,0.004858,-0.008873,0.294304,0.0,,,,,,,,,,
,,,,,,,,,,1451.0,161133693.0,0.772878,-0.003834,-0.007826,-0.634495,0.002692,-0.013841,0.281426,0.0,,,,,,,,,,
,,,,,,,,,,1452.0,161150360.0,0.772881,-0.003845,-0.007829,-0.634491,-0.016473,-0.028602,0.262703,0.0,,,,,,,,,,
,,,,,,,,,,1453.0,161167027.0,0.772893,-0.003843,-0.007835,-0.634476,-0.005028,-0.027504,0.275756,0.0,,,,,,,,,,
,,,,,,,,,,1454.0,161183694.0,0.772895,-0.003843,-0.007826,-0.634474,-0.020406,-0.004118,0.259856,0.0,,,,,,,,,,
,,,,,,,,,,1455.0,161200361.0,0.772893,-0.00383,-0.007821,-0.634476,-0.01008,-0.003053,0.290147,0.0,,,,,,,,,,
,,,,,,,,,,1456.0,161217028.0,0.772901,-0.003817,-0.007819,-0.634467,-0.024773,-0.004116,0.272346,0.0,,,,,,,,,,
,,,,,,,,,,1457.0,161233695.0,0.772902,-0.003813,-0.007827,-0.634465,-0.019343,0.011691,0.280116,0.0,,,,,,,,,,
,,,,,,,,,,1458.0,161250362.0,0.772901,-0.003807,-0.00784,-0.634467,-0.012561,0.006528,0.251003,0.0,,,,,,,,,,
,,,,,,,,,,1459.0,161267029.0,0.772902,-0.003809,-0.00785,-0.634465,0.001595,0.008201,0.256715,0.0,,,,,,,,,,
,,,,,,,,,,1460.0,161283696.0,0.772909,-0.003818,-0.007861,-0.634456,-0.00168,0.001758,0.276774,0.0,,,,,,,,,,
,,,,,,,,,,1461.0,161300363.0,0.772912,-0.003831,-0.007876,-0.634452,-0.002533,0.010319,0.26537,0.0,,,,,,,,,,
,,,,,,,,,,1462.0,161317030.0,0.77291,-0.003833,-0.007879,-0.634455,-0.007831,-0.009357,0.277687,0.0,,,,,,,,,,
,,,,,,,,,,1463.0,161333697.0,0.772905,-0.003849,-0.007875,-0.634461,-0.012824,-0.002741,0.23606,0.0,,,,,,,,,,
,,,,,,,,,,1464.0,161350364.0,0.772901,-0.003863,-0.007879,-0.634466,-0.008433,-0.007138,0.268734,0.0,,,,,,,,,,
,,,,,,,,,,1465.0,161367031.0,0.772906,-0.003864,-0.007881,-0.63446,-0.027655,-0.006938,0.270542,0.0,,,,,,,,,,
,,,,,,,,,,1466.0,161383698.0,0.772914,-0.00386,-0.007888,-0.63445,-0.017932,-0.007631,0.265431,0.0,,,,,,,,,,
,,,,,,,,,,1467.0,161400365.0,0.772925,-0.003852,-0.007893,-0.634437,-0.007147,-0.00422,0.292751,0.0,,,,,,,,,,
,,,,,,,,,,1468.0,161417032.0,0.772932,-0.003845,-0.007905,-0.634428,-0.006592,-0.00983,0.296639,0.0,,,,,,,,,,
,,,,,,,,,,1469.0,161433699.0,0.772937,-0.003838,-0.007907,-0.634422,-0.004019,-0.001522,0.254512,0.0,,,,,,,,,,
,,,,,,,,,,1470.0,161450366.0,0.772939,-0.003837,-0.007905,-0.634419,0.004373,-0.004459,0.282095,0.0,,,,,,,,,,
,,,,,,,,,,1471.0,161467033.0,0.772942,-0.003837,-0.007905,-0.634416,0.003601,0.009466,0.282084,0.0,,,,,,,,,,
,,,,,,,,,,1472.0,161483700.0,0.772946,-0.003841,-0.007899,-0.634411,-0.01355,0.008536,0.278451,0.0,,,,,,,,,,
,,,,,,,,,,1473.0,161500367.0,0.772946,-0.003841,-0.007897,-0.634412,-0.010784,0.010665,0.271283,0.0,,,,,,,,,,
,,,,,,,,,,1474.0,161517034.0,0.772952,-0.003847,-0.007896,-0.634404,-0.020029,0.000285,0.237456,0.0,,,,,,,,,,
,,,,,,,,,,1475.0,161533701.0,0.772952,-0.003854,-0.007906,-0.634404,-0.024941,-0.021919,0.2766,0.0,,,,,,,,,,
,,,,,,,,,,1476.0,161550368.0,0.772951,-0.003854,-0.00792,-0.634404,-0.02702,-0.020702,0.267214,0.0,,,,,,,,,,
,,,,,,,,,,1477.0,161567035.0,0.772956,-0.003861,-0.007929,-0.634398,-0.004804,-0.010501,0.272583,0.0,,,,,,,,,,
,,,,,,,,,,1478.0,161583702.0,0.772961,-0.003853,-0.007925,-0.634392,-0.003191,0.002597,0.271034,0.0,,,,,,,,,,
,,,,,,,,,,1479.0,161600369.0,0.772963,-0.003835,-0.00792,-0.63439,-0.005701,-0.001786,0.265986,0.0,,,,,,,,,,
,,,,,,,,,,1480.0,161617036.0,0.772965,-0.00383,-0.007916,-0.634388,-0.015451,-0.013024,0.25532,0.0,,,,,,,,,,
,,,,,,,,,,1481.0,161633703.0,0.77297,-0.00383,-0.007914,-0.634382,-0.015894,0.007834,0.260285,0.0,,,,,,,,,,
,,,,,,,,,,1482.0,161650370.0,0.772968,-0.003827,-0.007916,-0.634384,-0.008719,-0.00171,0.285152,0.0,,,,,,,,,,
,,,,,,,,,,1483.0,161667037.0,0.772968,-0.00383,-0.007907,-0.634384,-0.00588,0.002282,0.271286,0.0,,,,,,,,,,
,,,,,,,,,,1484.0,161683704.0,0.772973,-0.003828,-0.007909,-0.634378,-0.017169,-0.002956,0.277103,0.0,,,,,,,,,,
,,,,,,,,,,1485.0,161700371.0,0.772978,-0.003836,-0.007911,-0.634372,-0.01253,0.005209,0.258826,0.0,,,,,,,,,,
,,,,,,,,,,1486.0,161717038.0,0.772978,-0.003829,-0.007911,-0.634371,0.000443,0.008888,0.265617,0.0,,,,,,,,,,
,,,,,,,,,,1487.0,161733705.0,0.77298,-0.003833,-0.007921,-0.634369,-0.013378,0.000114,0.269031,0.0,,,,,,,,,,
,,,,,,,,,,1488.0,161750372.0,0.772983,-0.003826,-0.007933,-0.634366,-0.000935,-0.007292,0.262241,0.0,,,,,,,,,,
,,,,,,,,,,1489.0,161767039.0,0.772985,-0.003836,-0.007944,-0.634363,-0.002129,-0.006995,0.273516,0.0,,,,,,,,,,
,,,,,,,,,,1490.0,161783706.0,0.772991,-0.003847,-0.007942,-0.634356,0.000317,-0.011734,0.2733,0.0,,,,,,,,,,
,,,,,,,,,,1491.0,161800373.0,0.772993,-0.003861,-0.007926,-0.634354,-0.016372,-0.007521,0.280375,0.0,,,,,,,,,,
,,,,,,,,,,1492.0,161817040.0,0.772995,-0.003864,-0.007912,-0.634351,-0.0151,-0.00456,0.289241,0.0,,,,,,,,,,
,,,,,,,,,,1493.0,161833707.0,0.773004,-0.003868,-0.007911,-0.63434,-0.026465,0.006369,0.260718,0.0,,,,,,,,,,
,,,,,,,,,,1494.0,161850374.0,0.773007,-0.003856,-0.007915,-0.634336,-0.020928,0.00438,0.260508,0.0,,,,,,,,,,
,,,,,,,,,,1495.0,161867041.0,0.773013,-0.003843,-0.007934,-0.634329,-0.012771,0.013175,0.293296,0.0,,,,,,,,,,
,,,,,,,,,,1496.0,161883708.0,0.773016,-0.003835,-0.007944,-0.634325,-0.01142,-0.004743,0.289327,0.0,,,,,,,,,,
,,,,,,,,,,1497.0,161900375.0,0.773024,-0.003839,-0.007956,-0.634315,0.000885,-0.005109,0.243759,0.0,,,,,,,,,,
,,,,,,,,,,1498.0,161917042.0,0.773025,-0.003825,-0.00799,-0.634314,0.007214,0.007782,0.262507,0.0,,,,,,,,,,
,,,,,,,,,,1499.0,161933709.0,0.773026,-0.003849,-0.007982,-0.634312,0.007302,0.005524,0.29711,0.0,,,,,,,,,,
,,,,,,,,,,1500.0,161950376.0,0.773026,-0.003852,-0.007958,-0.634313,-0.0141,0.003252,0.283295,0.0,,,,,,,,,,
,,,,,,,,,,1501.0,161967043.0,0.77303,-0.003877,-0.007942,-0.634308,-0.026566,0.007274,0.286785,0.0,,,,,,,,,,
,,,,,,,,,,1502.0,161983710.0,0.773035,-0.003884,-0.007947,-0.634302,-0.053277,-0.002673,0.280073,0.0,,,,,,,,,,
,,,,,,,,,,1503.0,162000377.0,0.773032,-0.003882,-0.007961,-0.634305,-0.038244,-0.001518,0.271871,0.0,,,,,,,,,,
,,,,,,,,,,1504.0,162017044.0,0.77303,-0.003866,-0.007978,-0.634308,-0.024527,-0.008585,0.257887,0.0,,,,,,,,,,
,,,,,,,,,,1505.0,162033711.0,0.773032,-0.003847,-0.008011,-0.634305,-0.004022,-0.006917,0.286416,0.0,,,,,,,,,,
,,,,,,,,,,1506.0,162050378.0,0.773035,-0.00384,-0.008014,-0.634301,0.031994,-0.010209,0.253929,0.0,,,,,,,,,,
,,,,,,,,,,1507.0,162067045.0,0.773033,-0.003837,-0.008014,-0.634304,0.017193,-0.011099,0.260782,0.0,,,,,,,,,,
,,,,,,,,,,1508.0,162083712.0,0.773037,-0.003848,-0.008007,-0.634299,0.005809,-0.006045,0.265862,0.0,,,,,,,,,,
,,,,,,,,,,1509.0,162100379.0,0.77304,-0.003866,-0.007983,-0.634295,-0.003066,0.007368,0.288634,0.0,,,,,,,,,,
,,,,,,,,,,1510.0,162117046.0,0.773043,-0.003891,-0.007967,-0.634292,-0.01549,0.000543,0.255252,0.0,,,,,,,,,,
,,,,,,,,,,1511.0,162133713.0,0.773044,-0.003898,-0.007961,-0.63429,-0.032861,0.00227,0.277764,0.0,,,,,,,,,,
,,,,,,,,,,1512.0,162150380.0,0.773044,-0.003907,-0.007965,-0.63429,-0.042754,-0.002886,0.259398,0.0,,,,,,,,,,
,,,,,,,,,,1513.0,162167047.0,0.773046,-0.003901,-0.007982,-0.634288,-0.031796,-0.010597,0.294512,0.0,,,,,,,,,,
,,,,,,,,,,1514.0,162183714.0,0.773048,-0.003897,-0.007999,-0.634285,-0.023447,-0.004673,0.282211,0.0,,,,,,,,,,
,,,,,,,,,,1515.0,162200381.0,0.77305,-0.003884,-0.008018,-0.634282,-0.007242,0.004528,0.277888,0.0,,,,,,,,,,
,,,,,,,,,,1516.0,162217048.0,0.773053,-0.003863,-0.008028,-0.634279,0.010093,0.002443,0.268617,0.0,,,,,,,,,,
,,,,,,,,,,1517.0,162233715.0,0.773057,-0.003868,-0.008028,-0.634274,0.011395,0.003832,0.285842,0.0,,,,,,,,,,
,,,,,,,,,,1518.0,162250382.0,0.773067,-0.003869,-0.008014,-0.634261,0.004843,0.011629,0.28561,0.0,,,,,,,,,,
,,,,,,,,,,1519.0,162267049.0,0.773075,-0.003882,-0.007998,-0.634252,-0.00613,0.012863,0.295848,0.0,,,,,,,,,,
,,,,,,,,,,1520.0,162283716.0,0.773071,-0.003894,-0.007983,-0.634257,-0.019129,0.003118,0.286832,0.0,,,,,,,,,,
,,,,,,,,,,1521.0,162300383.0,0.773079,-0.003895,-0.00798,-0.634248,-0.017058,0.006552,0.269941,0.0,,,,,,,,,,
,,,,,,,,,,1522.0,162317050.0,0.773078,-0.003892,-0.007997,-0.634248,-0.038264,-0.005606,0.224151,0.0,,,,,,,,,,
,,,,,,,,,,1523.0,162333717.0,0.773082,-0.00389,-0.008019,-0.634244,-0.020182,0.015195,0.308106,0.0,,,,,,,,,,
,,,,,,,,,,1524.0,162350384.0,0.773083,-0.003872,-0.008035,-0.634243,-0.00252,-0.002488,0.247369,0.0,,,,,,,,,,
,,,,,,,,,,1525.0,162367051.0,0.773081,-0.003859,-0.008051,-0.634244,0.003074,-0.018343,0.289042,0.0,,,,,,,,,,
,,,,,,,,,,1526.0,162383718.0,0.773085,-0.00386,-0.008041,-0.63424,0.00851,-0.010365,0.297044,0.0,,,,,,,,,,
,,,,,,,,,,1527.0,162400385.0,0.773095,-0.003866,-0.008033,-0.634228,0.014216,-0.016313,0.262203,0.0,,,,,,,,,,
,,,,,,,,,,1528.0,162417052.0,0.773098,-0.003874,-0.008003,-0.634225,-0.015029,-0.00832,0.2756,0.0,,,,,,,,,,
,,,,,,,,,,1529.0,162433719.0,0.773106,-0.003882,-0.007982,-0.634215,-0.025456,0.013149,0.265748,0.0,,,,,,,,,,
,,,,,,,,,,1530.0,162450386.0,0.77311,-0.003889,-0.007971,-0.63421,-0.027251,0.010164,0.261436,0.0,,,,,,,,,,
,,,,,,,,,,1531.0,162467053.0,0.773106,-0.003891,-0.007975,-0.634215,-0.022144,0.025969,0.282343,0.0,,,,,,,,,,
,,,,,,,,,,1532.0,162483720.0,0.773113,-0.003889,-0.007991,-0.634206,-0.021222,0.017117,0.28327,0.0,,,,,,,,,,
,,,,,,,,,,1533.0,162500387.0,0.77312,-0.00388,-0.008019,-0.634197,0.006377,0.004675,0.262832,0.0,,,,,,,,,,
,,,,,,,,,,1534.0,162517054.0,0.773128,-0.003883,-0.008042,-0.634187,0.009113,-0.004399,0.249343,0.0,,,,,,,,,,
,,,,,,,,,,1535.0,162533721.0,0.773134,-0.003883,-0.008061,-0.634179,0.017989,-0.003271,0.272942,0.0,,,,,,,,,,
,,,,,,,,,,1536.0,162550388.0,0.773132,-0.00389,-0.008049,-0.634182,0.013716,-0.017479,0.273074,0.0,,,,,,,,,,
,,,,,,,,,,1537.0,162567055.0,0.773137,-0.003904,-0.008031,-0.634176,-0.014272,-0.009035,0.260756,0.0,,,,,,,,,,
,,,,,,,,,,1538.0,162583722.0,0.773135,-0.00392,-0.008012,-0.634179,-0.011425,-0.000413,0.260476,0.0,,,,,,,,,,
,,,,,,,,,,1539.0,162600389.0,0.773143,-0.003925,-0.008001,-0.634169,-0.035406,0.006734,0.264652,0.0,,,,,,,,,,
,,,,,,,,,,1540.0,162617056.0,0.773156,-0.003924,-0.008013,-0.634154,-0.035047,0.000962,0.267875,0.0,,,,,,,,,,
,,,,,,,,,,1541.0,162633723.0,0.773165,-0.003915,-0.00803,-0.634142,-0.036767,0.02168,0.265735,0.0,,,,,,,,,,
,,,,,,,,,,1542.0,162650390.0,0.773167,-0.003909,-0.008046,-0.634139,-0.015829,0.007048,0.254532,0.0,,,,,,,,,,
,,,,,,,,,,1543.0,162667057.0,0.773171,-0.003892,-0.00806,-0.634135,0.008962,0.000759,0.271216,0.0,,,,,,,,,,
,,,,,,,,,,1544.0,162683724.0,0.773176,-0.003882,-0.008077,-0.634128,0.017158,0.003857,0.248189,0.0,,,,,,,,,,
,,,,,,,,,,1545.0,162700391.0,0.773177,-0.003878,-0.008095,-0.634127,0.021894,-0.006088,0.268783,0.0,,,,,,,,,,
,,,,,,,,,,1546.0,162717058.0,0.773173,-0.003893,-0.008082,-0.634132,0.004131,0.004337,0.264559,0.0,,,,,,,,,,
,,,,,,,,,,1547.0,162733725.0,0.773174,-0.003918,-0.008066,-0.634131,-0.022612,-0.014027,0.264926,0.0,,,,,,,,,,
,,,,,,,,,,1548.0,162750392.0,0.773175,-0.003944,-0.008052,-0.634129,-0.050372,0.005599,0.259204,0.0,,,,,,,,,,
,,,,,,,,,,1549.0,162767059.0,0.773177,-0.003944,-0.008035,-0.634127,-0.062443,-0.005873,0.255234,0.0,,,,,,,,,,
,,,,,,,,,,1550.0,162783726.0,0.773175,-0.003937,-0.00805,-0.634129,-0.052634,-0.018318,0.284267,0.0,,,,,,,,,,
,,,,,,,,,,1551.0,162800393.0,0.773182,-0.003925,-0.008073,-0.634121,-0.023693,-0.00842,0.246644,0.0,,,,,,,,,,
,,,,,,,,,,1552.0,162817060.0,0.77319,-0.003903,-0.008115,-0.634111,0.009544,-0.00677,0.263915,0.0,,,,,,,,,,
,,,,,,,,,,1553.0,162833727.0,0.773195,-0.003885,-0.00814,-0.634105,0.02587,-0.010408,0.248039,0.0,,,,,,,,,,
,,,,,,,,,,1554.0,162850394.0,0.773203,-0.003872,-0.008145,-0.634095,0.035929,-0.00414,0.272561,0.0,,,,,,,,,,
,,,,,,,,,,1555.0,162867061.0,0.773202,-0.003881,-0.008134,-0.634096,0.023139,0.020592,0.269306,0.0,,,,,,,,,,
,,,,,,,,,,1556.0,162883728.0,0.7732,-0.003899,-0.008103,-0.634098,-0.002817,0.014082,0.276855,0.0,,,,,,,,,,
,,,,,,,,,,1557.0,162900395.0,0.773205,-0.003921,-0.008072,-0.634093,-0.029118,0.002987,0.286769,0.0,,,,,,,,,,
,,,,,,,,,,1558.0,162917062.0,0.773203,-0.003935,-0.008064,-0.634095,-0.04212,0.018455,0.261612,0.0,,,,,,,,,,
,,,,,,,,,,1559.0,162933729.0,0.773203,-0.003947,-0.008066,-0.634096,-0.055683,0.007603,0.288171,0.0,,,,,,,,,,
,,,,,,,,,,1560.0,162950396.0,0.773205,-0.003943,-0.008087,-0.634093,-0.033375,0.008532,0.261679,0.0,,,,,,,,,,
,,,,,,,,,,1561.0,162967063.0,0.773212,-0.003923,-0.008116,-0.634083,-0.029235,-0.020613,0.275479,0.0,,,,,,,,,,
,,,,,,,,,,1562.0,162983730.0,0.773216,-0.003911,-0.008151,-0.634079,0.000156,-0.008765,0.251302,0.0,,,,,,,,,,
,,,,,,,,,,1563.0,163000397.0,0.77322,-0.003896,-0.008158,-0.634074,0.019864,-0.009216,0.285564,0.0,,,,,,,,,,
,,,,,,,,,,1564.0,163017064.0,0.77322,-0.003891,-0.008152,-0.634074,0.015024,-0.02604,0.26808,0.0,,,,,,,,,,
,,,,,,,,,,1565.0,163033731.0,0.773227,-0.003895,-0.008128,-0.634065,-0.001277,-0.010742,0.294966,0.0,,,,,,,,,,
,,,,,,,,,,1566.0,163050398.0,0.773231,-0.003913,-0.008098,-0.634061,-0.021059,-0.000921,0.281648,0.0,,,,,,,,,,
,,,,,,,,,,1567.0,163067065.0,0.773223,-0.003926,-0.008086,-0.634071,-0.028315,0.018819,0.287168,0.0,,,,,,,,,,
,,,,,,,,,,1568.0,163083732.0,0.77323,-0.003928,-0.008073,-0.634063,-0.038667,0.014356,0.268703,0.0,,,,,,,,,,
,,,,,,,,,,1569.0,163100399.0,0.773234,-0.003921,-0.008069,-0.634058,-0.037384,0.010937,0.268307,0.0,,,,,,,,,,
,,,,,,,,,,1570.0,163117066.0,0.773234,-0.003908,-0.008092,-0.634057,-0.036863,0.012607,0.273653,0.0,,,,,,,,,,
,,,,,,,,,,1571.0,163133733.0,0.773234,-0.003907,-0.008119,-0.634056,-0.026255,0.010006,0.274302,0.0,,,,,,,,,,
,,,,,,,,,,1572.0,163150400.0,0.773244,-0.003898,-0.008148,-0.634045,0.000289,-0.002716,0.270433,0.0,,,,,,,,,,
,,,,,,,,,,1573.0,163167067.0,0.773246,-0.003891,-0.008157,-0.634042,0.030698,-0.012352,0.272511,0.0,,,,,,,,,,
,,,,,,,,,,1574.0,163183734.0,0.773248,-0.003889,-0.008154,-0.63404,0.016914,-0.016863,0.288391,0.0,,,,,,,,,,
,,,,,,,,,,1575.0,163200401.0,0.773248,-0.003901,-0.008129,-0.63404,-0.002826,-0.009345,0.270233,0.0,,,,,,,,,,
,,,,,,,,,,1576.0,163217068.0,0.773251,-0.003921,-0.008097,-0.634036,-0.020779,-0.015264,0.267526,0.0,,,,,,,,,,
,,,,,,,,,,1577.0,163233735.0,0.773246,-0.00393,-0.008073,-0.634043,-0.021017,-0.007034,0.289219,0.0,,,,,,,,,,
,,,,,,,,,,1578.0,163250402.0,0.773251,-0.003936,-0.008062,-0.634037,-0.047642,0.011604,0.27218,0.0,,,,,,,,,,
,,,,,,,,,,1579.0,163267069.0,0.773254,-0.003924,-0.008079,-0.634032,-0.043032,0.017602,0.257757,0.0,,,,,,,,,,
,,,,,,,,,,1580.0,163283736.0,0.773255,-0.003905,-0.0081,-0.634032,-0.023879,0.01816,0.286574,0.0,,,,,,,,,,
,,,,,,,,,,1581.0,163300403.0,0.773254,-0.003885,-0.008126,-0.634032,-0.008789,0.02208,0.276127,0.0,,,,,,,,,,
,,,,,,,,,,1582.0,163317070.0,0.773253,-0.003883,-0.008145,-0.634034,0.01823,0.002285,0.278444,0.0,,,,,,,,,,
,,,,,,,,,,1583.0,163333737.0,0.773251,-0.00389,-0.008151,-0.634035,0.020947,0.005366,0.280062,0.0,,,,,,,,,,
,,,,,,,,,,1584.0,163350404.0,0.77325,-0.003906,-0.008132,-0.634038,0.026617,0.004694,0.281029,0.0,,,,,,,,,,
,,,,,,,,,,1585.0,163367071.0,0.77325,-0.003919,-0.00811,-0.634038,-0.010531,-0.005991,0.267432,0.0,,,,,,,,,,
,,,,,,,,,,1586.0,163383738.0,0.773249,-0.003937,-0.008107,-0.634038,-0.040513,0.003672,0.282091,0.0,,,,,,,,,,
,,,,,,,,,,1587.0,163400405.0,0.773254,-0.003943,-0.008109,-0.634032,-0.063849,0.01159,0.278252,0.0,,,,,,,,,,
,,,,,,,,,,1588.0,163417072.0,0.773255,-0.003936,-0.008118,-0.634031,-0.055722,-0.010782,0.284883,0.0,,,,,,,,,,
,,,,,,,,,,1589.0,163433739.0,0.773257,-0.003909,-0.008132,-0.634029,-0.02943,-0.013735,0.288456,0.0,,,,,,,,,,
,,,,,,,,,,1590.0,163450406.0,0.773264,-0.003889,-0.008145,-0.63402,-0.01964,-0.010888,0.272666,0.0,,,,,,,,,,
,,,,,,,,,,1591.0,163467073.0,0.773268,-0.003882,-0.00816,-0.634015,0.008512,2e-06,0.269138,0.0,,,,,,,,,,
,,,,,,,,,,1592.0,163483740.0,0.773268,-0.003873,-0.008162,-0.634015,0.005762,0.0074,0.284645,0.0,,,,,,,,,,
,,,,,,,,,,1593.0,163500407.0,0.77327,-0.003879,-0.008152,-0.634012,0.004493,-0.00026,0.246002,0.0,,,,,,,,,,
,,,,,,,,,,1594.0,163517074.0,0.773272,-0.003886,-0.008149,-0.63401,-0.014517,0.004742,0.290421,0.0,,,,,,,,,,
,,,,,,,,,,1595.0,163533741.0,0.773271,-0.003892,-0.008132,-0.634011,-0.014117,-0.004295,0.276402,0.0,,,,,,,,,,
,,,,,,,,,,1596.0,163550408.0,0.773274,-0.003904,-0.00812,-0.634008,-0.031472,0.006091,0.265345,0.0,,,,,,,,,,
,,,,,,,,,,1597.0,163567075.0,0.773279,-0.003903,-0.008128,-0.634001,-0.052916,0.008099,0.25246,0.0,,,,,,,,,,
,,,,,,,,,,1598.0,163583742.0,0.773283,-0.003907,-0.008143,-0.633997,-0.040242,0.003054,0.265703,0.0,,,,,,,,,,
,,,,,,,,,,1599.0,163600409.0,0.773285,-0.003883,-0.00816,-0.633994,-0.006509,-0.008979,0.276141,0.0,,,,,,,,,,
,,,,,,,,,,1600.0,163617076.0,0.773285,-0.003882,-0.008175,-0.633994,-0.018059,-0.01859,0.272847,0.0,,,,,,,,,,
,,,,,,,,,,1601.0,163633743.0,0.773287,-0.003873,-0.008192,-0.633991,0.007658,-0.004213,0.291737,0.0,,,,,,,,,,
,,,,,,,,,,1602.0,163650410.0,0.773294,-0.003877,-0.00819,-0.633983,0.013473,-0.002147,0.255948,0.0,,,,,,,,,,
,,,,,,,,,,1603.0,163667077.0,0.773299,-0.003873,-0.008179,-0.633977,-0.009002,-0.004911,0.281674,0.0,,,,,,,,,,
,,,,,,,,,,1604.0,163683744.0,0.773305,-0.003888,-0.008167,-0.63397,-0.005117,0.020876,0.281181,0.0,,,,,,,,,,
,,,,,,,,,,1605.0,163700411.0,0.773304,-0.003896,-0.008157,-0.633971,-0.025977,0.012846,0.284925,0.0,,,,,,,,,,
,,,,,,,,,,1606.0,163717078.0,0.773304,-0.003898,-0.008142,-0.633971,-0.046174,0.018683,0.271253,0.0,,,,,,,,,,
,,,,,,,,,,1607.0,163733745.0,0.773305,-0.003901,-0.008134,-0.63397,-0.049288,0.022838,0.268647,0.0,,,,,,,,,,
,,,,,,,,,,1608.0,163750412.0,0.773313,-0.003892,-0.008156,-0.63396,-0.031975,0.011313,0.271088,0.0,,,,,,,,,,
,,,,,,,,,,1609.0,163767079.0,0.773311,-0.003888,-0.008166,-0.633963,-0.018643,-0.005659,0.262902,0.0,,,,,,,,,,
,,,,,,,,,,1610.0,163783746.0,0.773314,-0.00388,-0.008194,-0.633959,0.001526,-0.007389,0.252398,0.0,,,,,,,,,,
,,,,,,,,,,1611.0,163800413.0,0.773315,-0.003874,-0.008204,-0.633958,0.01021,-0.025029,0.288835,0.0,,,,,,,,,,
,,,,,,,,,,1612.0,163817080.0,0.773318,-0.003881,-0.008209,-0.633953,0.009147,-0.01627,0.271606,0.0,,,,,,,,,,
,,,,,,,,,,1613.0,163833747.0,0.77332,-0.003892,-0.008192,-0.633951,-0.006796,-0.00873,0.265239,0.0,,,,,,,,,,
,,,,,,,,,,1614.0,163850414.0,0.773326,-0.003893,-0.008174,-0.633944,-0.029896,-0.011893,0.280648,0.0,,,,,,,,,,
,,,,,,,,,,1615.0,163867081.0,0.773328,-0.003895,-0.008154,-0.633942,-0.034977,0.001392,0.273143,0.0,,,,,,,,,,
,,,,,,,,,,1616.0,163883748.0,0.773333,-0.003894,-0.008152,-0.633935,-0.034243,0.011759,0.257608,0.0,,,,,,,,,,
,,,,,,,,,,1617.0,163900415.0,0.773344,-0.003883,-0.008164,-0.633922,-0.037139,0.014214,0.268314,0.0,,,,,,,,,,
,,,,,,,,,,1618.0,163917082.0,0.773345,-0.003876,-0.008187,-0.633921,-0.024019,0.014511,0.270168,0.0,,,,,,,,,,
,,,,,,,,,,1619.0,163933749.0,0.773347,-0.003858,-0.008204,-0.633918,-0.001643,0.016974,0.255304,0.0,,,,,,,,,,
,,,,,,,,,,1620.0,163950416.0,0.773349,-0.003863,-0.008215,-0.633915,0.008465,0.013819,0.259504,0.0,,,,,,,,,,
,,,,,,,,,,1621.0,163967083.0,0.77335,-0.00387,-0.008225,-0.633914,0.010066,0.008303,0.261689,0.0,,,,,,,,,,
,,,,,,,,,,1622.0,163983750.0,0.773351,-0.003895,-0.008231,-0.633912,-0.008698,-0.000689,0.290102,0.0,,,,,,,,,,
,,,,,,,,,,1623.0,164000417.0,0.773354,-0.003904,-0.008215,-0.633909,-0.021497,-0.012988,0.257406,0.0,,,,,,,,,,
,,,,,,,,,,1624.0,164017084.0,0.77336,-0.003923,-0.008209,-0.633902,-0.033498,-0.010459,0.282402,0.0,,,,,,,,,,
,,,,,,,,,,1625.0,164033751.0,0.773366,-0.003922,-0.008206,-0.633895,-0.031596,-0.009876,0.239941,0.0,,,,,,,,,,
,,,,,,,,,,1626.0,164050418.0,0.773368,-0.003917,-0.008218,-0.633892,-0.039999,-0.014321,0.269808,0.0,,,,,,,,,,
,,,,,,,,,,1627.0,164067085.0,0.773372,-0.003897,-0.008225,-0.633888,-0.025788,-0.014537,0.292446,0.0,,,,,,,,,,
,,,,,,,,,,1628.0,164083752.0,0.773371,-0.003892,-0.008238,-0.633889,-0.017054,0.002121,0.271805,0.0,,,,,,,,,,
,,,,,,,,,,1629.0,164100419.0,0.773373,-0.003876,-0.008253,-0.633885,0.005149,0.01744,0.274411,0.0,,,,,,,,,,
,,,,,,,,,,1630.0,164117086.0,0.773376,-0.003871,-0.008257,-0.633881,0.009763,0.012239,0.271213,0.0,,,,,,,,,,
,,,,,,,,,,1631.0,164133753.0,0.773378,-0.003868,-0.008247,-0.63388,0.015134,0.011954,0.266957,0.0,,,,,,,,,,
,,,,,,,,,,1632.0,164150420.0,0.773377,-0.00388,-0.008246,-0.633881,-0.003227,0.015834,0.251788,0.0,,,,,,,,,,
,,,,,,,,,,1633.0,164167087.0,0.77338,-0.003898,-0.00823,-0.633877,-0.023029,0.019456,0.281845,0.0,,,,,,,,,,
,,,,,,,,,,1634.0,164183754.0,0.773388,-0.003909,-0.008222,-0.633867,-0.025758,0.010761,0.271642,0.0,,,,,,,,,,
,,,,,,,,,,1635.0,164200421.0,0.773392,-0.003914,-0.008224,-0.633862,-0.031534,0.019251,0.274663,0.0,,,,,,,,,,
,,,,,,,,,,1636.0,164217088.0,0.773396,-0.00391,-0.008232,-0.633858,-0.036748,0.009401,0.25917,0.0,,,,,,,,,,
,,,,,,,,,,1637.0,164233755.0,0.773405,-0.003903,-0.008247,-0.633847,-0.038387,-0.011073,0.270104,0.0,,,,,,,,,,
,,,,,,,,,,1638.0,164250422.0,0.773413,-0.003897,-0.008259,-0.633837,-0.021011,-0.000979,0.272293,0.0,,,,,,,,,,
,,,,,,,,,,1639.0,164267089.0,0.773418,-0.003898,-0.008267,-0.633831,-0.014869,-0.004892,0.268071,0.0,,,,,,,,,,
,,,,,,,,,,1640.0,164283756.0,0.773427,-0.003895,-0.00826,-0.633819,-0.003954,-0.016455,0.262873,0.0,,,,,,,,,,
,,,,,,,,,,1641.0,164300423.0,0.773436,-0.003898,-0.00824,-0.633809,-0.008752,0.009712,0.275046,0.0,,,,,,,,,,
,,,,,,,,,,1642.0,164317090.0,0.773436,-0.003892,-0.008225,-0.633809,-0.00969,0.002791,0.278422,0.0,,,,,,,,,,
,,,,,,,,,,1643.0,164333757.0,0.773439,-0.0039,-0.008228,-0.633805,-0.024999,0.022749,0.269893,0.0,,,,,,,,,,
,,,,,,,,,,1644.0,164350424.0,0.77344,-0.003903,-0.008228,-0.633804,-0.030429,0.020001,0.265182,0.0,,,,,,,,,,
,,,,,,,,,,1645.0,164367091.0,0.773439,-0.003902,-0.008243,-0.633806,-0.017712,0.021184,0.272804,0.0,,,,,,,,,,
,,,,,,,,,,1646.0,164383758.0,0.77344,-0.003893,-0.008258,-0.633803,-0.040388,0.022195,0.279084,0.0,,,,,,,,,,
,,,,,,,,,,1647.0,164400425.0,0.773446,-0.003891,-0.008277,-0.633797,-0.01073,0.020145,0.281821,0.0,,,,,,,,,,
,,,,,,,,,,1648.0,164417092.0,0.773451,-0.00388,-0.008299,-0.63379,-0.00497,0.011061,0.259522,0.0,,,,,,,,,,
,,,,,,,,,,1649.0,164433759.0,0.773452,-0.00388,-0.008312,-0.633788,-0.008017,0.006893,0.283555,0.0,,,,,,,,,,
,,,,,,,,,,1650.0,164450426.0,0.773452,-0.003885,-0.008308,-0.633789,0.003956,-0.017681,0.257539,0.0,,,,,,,,,,
,,,,,,,,,,1651.0,164467093.0,0.773462,-0.003891,-0.008289,-0.633777,-0.004305,-0.001923,0.279557,0.0,,,,,,,,,,
,,,,,,,,,,1652.0,164483760.0,0.77347,-0.003895,-0.008271,-0.633768,-0.017159,0.003289,0.280066,0.0,,,,,,,,,,
,,,,,,,,,,1653.0,164500427.0,0.77347,-0.003887,-0.00826,-0.633768,-0.031654,-5.4e-05,0.265071,0.0,,,,,,,,,,
,,,,,,,,,,1654.0,164517094.0,0.773471,-0.003895,-0.008268,-0.633766,-0.042593,-0.004998,0.269947,0.0,,,,,,,,,,
,,,,,,,,,,1655.0,164533761.0,0.773484,-0.00388,-0.008277,-0.63375,-0.028728,0.016019,0.265603,0.0,,,,,,,,,,
,,,,,,,,,,1656.0,164550428.0,0.77349,-0.003871,-0.008289,-0.633743,-0.015275,0.00637,0.266203,0.0,,,,,,,,,,
,,,,,,,,,,1657.0,164567095.0,0.773492,-0.003861,-0.008315,-0.63374,-0.006434,0.009086,0.278858,0.0,,,,,,,,,,
,,,,,,,,,,1658.0,164583762.0,0.773498,-0.003859,-0.00832,-0.633732,-0.001025,0.016386,0.291723,0.0,,,,,,,,,,
,,,,,,,,,,1659.0,164600429.0,0.7735,-0.003861,-0.008315,-0.633731,-0.002462,0.009493,0.283998,0.0,,,,,,,,,,
,,,,,,,,,,1660.0,164617096.0,0.773497,-0.003865,-0.008322,-0.633733,-0.013555,-0.007475,0.270505,0.0,,,,,,,,,,
,,,,,,,,,,1661.0,164633763.0,0.7735,-0.003873,-0.00831,-0.63373,-0.023444,-0.001482,0.291648,0.0,,,,,,,,,,
,,,,,,,,,,1662.0,164650430.0,0.773506,-0.003879,-0.008304,-0.633722,-0.034109,-0.010636,0.274272,0.0,,,,,,,,,,
,,,,,,,,,,1663.0,164667097.0,0.773505,-0.00388,-0.008302,-0.633724,-0.035087,-0.004997,0.256321,0.0,,,,,,,,,,
,,,,,,,,,,1664.0,164683764.0,0.773506,-0.003873,-0.008303,-0.633723,-0.032666,-0.014122,0.271239,0.0,,,,,,,,,,
,,,,,,,,,,1665.0,164700431.0,0.773512,-0.003864,-0.008312,-0.633715,-0.031068,-0.007006,0.27843,0.0,,,,,,,,,,
,,,,,,,,,,1666.0,164717098.0,0.773519,-0.003846,-0.008326,-0.633707,-0.013748,-0.010827,0.268337,0.0,,,,,,,,,,
,,,,,,,,,,1667.0,164733765.0,0.773523,-0.003842,-0.008325,-0.633702,-0.011512,0.009643,0.296634,0.0,,,,,,,,,,
,,,,,,,,,,1668.0,164750432.0,0.77352,-0.003841,-0.00834,-0.633705,-0.007696,0.013098,0.270646,0.0,,,,,,,,,,
,,,,,,,,,,1669.0,164767099.0,0.773521,-0.003844,-0.008338,-0.633704,-0.005727,0.001428,0.252241,0.0,,,,,,,,,,
,,,,,,,,,,1670.0,164783766.0,0.773524,-0.003844,-0.008337,-0.6337,-0.008512,0.031938,0.265038,0.0,,,,,,,,,,
,,,,,,,,,,1671.0,164800433.0,0.773525,-0.003851,-0.008321,-0.6337,-0.017965,0.016171,0.285288,0.0,,,,,,,,,,
,,,,,,,,,,1672.0,164817100.0,0.773527,-0.003852,-0.008319,-0.633697,-0.050193,0.023248,0.255669,0.0,,,,,,,,,,
,,,,,,,,,,1673.0,164833767.0,0.77353,-0.00386,-0.008317,-0.633694,-0.035277,-0.001799,0.282877,0.0,,,,,,,,,,
,,,,,,,,,,1674.0,164850434.0,0.773531,-0.003868,-0.008334,-0.633691,-0.031774,-0.00081,0.273931,0.0,,,,,,,,,,
,,,,,,,,,,1675.0,164867101.0,0.773537,-0.003859,-0.008349,-0.633684,-0.014027,-0.003952,0.274854,0.0,,,,,,,,,,
,,,,,,,,,,1676.0,164883768.0,0.773539,-0.003849,-0.008364,-0.633682,-0.009349,-0.009284,0.257575,0.0,,,,,,,,,,
,,,,,,,,,,1677.0,164900435.0,0.773543,-0.003845,-0.008374,-0.633677,-0.004747,-0.018442,0.25419,0.0,,,,,,,,,,
,,,,,,,,,,1678.0,164917102.0,0.773552,-0.003849,-0.008383,-0.633666,-0.006697,-0.002226,0.278636,0.0,,,,,,,,,,
,,,,,,,,,,1679.0,164933769.0,0.773553,-0.003851,-0.008362,-0.633665,-0.017175,0.002067,0.277249,0.0,,,,,,,,,,
,,,,,,,,,,1680.0,164950436.0,0.773555,-0.00385,-0.008366,-0.633663,-0.021208,0.011782,0.264587,0.0,,,,,,,,,,
,,,,,,,,,,1681.0,164967103.0,0.773558,-0.003858,-0.008353,-0.633658,-0.016405,0.016787,0.28877,0.0,,,,,,,,,,
,,,,,,,,,,1682.0,164983770.0,0.773559,-0.003841,-0.008356,-0.633658,-0.041868,0.006937,0.271741,0.0,,,,,,,,,,
,,,,,,,,,,1683.0,165000437.0,0.773562,-0.003844,-0.008337,-0.633654,-0.032152,0.019758,0.283509,0.0,,,,,,,,,,
,,,,,,,,,,1684.0,165017104.0,0.773562,-0.003838,-0.008356,-0.633654,-0.024207,0.010848,0.253091,0.0,,,,,,,,,,
,,,,,,,,,,1685.0,165033771.0,0.773561,-0.003844,-0.008357,-0.633655,-0.003122,0.014194,0.285781,0.0,,,,,,,,,,
,,,,,,,,,,1686.0,165050438.0,0.773565,-0.00383,-0.008371,-0.633651,-0.024071,0.003316,0.270029,0.0,,,,,,,,,,
,,,,,,,,,,1687.0,165067105.0,0.77356,-0.00383,-0.008367,-0.633656,-0.000251,-0.012519,0.284224,0.0,,,,,,,,,,
,,,,,,,,,,1688.0,165083772.0,0.773566,-0.003824,-0.008364,-0.633649,-0.012652,-0.00326,0.262487,0.0,,,,,,,,,,
,,,,,,,,,,1689.0,165100439.0,0.773568,-0.003829,-0.00836,-0.633647,-0.021034,-0.005716,0.272067,0.0,,,,,,,,,,
,,,,,,,,,,1690.0,165117106.0,0.773568,-0.003834,-0.008349,-0.633647,-0.019558,-0.007342,0.276144,0.0,,,,,,,,,,
,,,,,,,,,,1691.0,165133773.0,0.773567,-0.003827,-0.008358,-0.633648,-0.03729,-0.008003,0.284786,0.0,,,,,,,,,,
,,,,,,,,,,1692.0,165150440.0,0.773571,-0.003834,-0.008363,-0.633643,-0.033781,0.00394,0.266968,0.0,,,,,,,,,,
,,,,,,,,,,1693.0,165167107.0,0.773571,-0.003825,-0.008374,-0.633643,-0.022498,0.017069,0.286435,0.0,,,,,,,,,,
,,,,,,,,,,1694.0,165183774.0,0.773584,-0.003813,-0.008378,-0.633627,-0.020131,0.01688,0.271709,0.0,,,,,,,,,,
,,,,,,,,,,1695.0,165200441.0,0.773587,-0.003816,-0.008383,-0.633623,-0.000335,0.00058,0.264554,0.0,,,,,,,,,,
,,,,,,,,,,1696.0,165217108.0,0.773596,-0.003813,-0.008393,-0.633613,0.002911,0.008987,0.273668,0.0,,,,,,,,,,
,,,,,,,,,,1697.0,165233775.0,0.773599,-0.003814,-0.008383,-0.633608,0.001977,0.016505,0.265357,0.0,,,,,,,,,,
,,,,,,,,,,1698.0,165250442.0,0.773604,-0.003811,-0.00838,-0.633602,-0.019908,0.002428,0.290067,0.0,,,,,,,,,,
,,,,,,,,,,1699.0,165267109.0,0.77361,-0.003819,-0.008385,-0.633595,-0.026703,-0.009801,0.262751,0.0,,,,,,,,,,
,,,,,,,,,,1700.0,165283776.0,0.773607,-0.003815,-0.008368,-0.633599,-0.037285,-0.002288,0.270473,0.0,,,,,,,,,,
,,,,,,,,,,1701.0,165300443.0,0.773611,-0.00382,-0.008369,-0.633594,-0.043204,0.002808,0.287689,0.0,,,,,,,,,,
,,,,,,,,,,1702.0,165317110.0,0.773608,-0.003816,-0.008375,-0.633598,-0.024002,-0.003303,0.268838,0.0,,,,,,,,,,
,,,,,,,,,,1703.0,165333777.0,0.773609,-0.003807,-0.008391,-0.633596,-0.028016,0.001189,0.24911,0.0,,,,,,,,,,
,,,,,,,,,,1704.0,165350444.0,0.773615,-0.003799,-0.008405,-0.633589,-0.020626,0.005635,0.266989,0.0,,,,,,,,,,
,,,,,,,,,,1705.0,165367111.0,0.773628,-0.003797,-0.008409,-0.633573,-0.011351,0.010281,0.277936,0.0,,,,,,,,,,
,,,,,,,,,,1706.0,165383778.0,0.773633,-0.003799,-0.008411,-0.633567,-0.012076,-0.000794,0.279591,0.0,,,,,,,,,,
,,,,,,,,,,1707.0,165400445.0,0.773634,-0.003804,-0.008408,-0.633565,-0.008148,0.004994,0.266788,0.0,,,,,,,,,,
,,,,,,,,,,1708.0,165417112.0,0.77364,-0.003807,-0.008403,-0.633559,-0.015959,0.001056,0.260649,0.0,,,,,,,,,,
,,,,,,,,,,1709.0,165433779.0,0.77364,-0.003814,-0.008394,-0.633559,-0.029179,0.017332,0.279692,0.0,,,,,,,,,,
,,,,,,,,,,1710.0,165450446.0,0.773639,-0.003813,-0.008396,-0.63356,-0.028198,0.015119,0.264833,0.0,,,,,,,,,,
,,,,,,,,,,1711.0,165467113.0,0.773638,-0.003809,-0.008408,-0.63356,-0.035875,0.004742,0.260042,0.0,,,,,,,,,,
,,,,,,,,,,1712.0,165483780.0,0.773641,-0.003806,-0.008422,-0.633556,-0.018482,-0.01195,0.260209,0.0,,,,,,,,,,
,,,,,,,,,,1713.0,165500447.0,0.773643,-0.003803,-0.008432,-0.633554,-0.014772,0.006436,0.281811,0.0,,,,,,,,,,
,,,,,,,,,,1714.0,165517114.0,0.773645,-0.003799,-0.00845,-0.633552,-0.002966,0.007778,0.279696,0.0,,,,,,,,,,
,,,,,,,,,,1715.0,165533781.0,0.773649,-0.003791,-0.008451,-0.633547,-0.0051,0.010695,0.27618,0.0,,,,,,,,,,
,,,,,,,,,,1716.0,165550448.0,0.773651,-0.003794,-0.008449,-0.633545,-0.01062,0.003403,0.265629,0.0,,,,,,,,,,
,,,,,,,,,,1717.0,165567115.0,0.773655,-0.003801,-0.008456,-0.63354,-0.026396,0.004101,0.275141,0.0,,,,,,,,,,
,,,,,,,,,,1718.0,165583782.0,0.773654,-0.003804,-0.008444,-0.633541,-0.016378,0.001711,0.262039,0.0,,,,,,,,,,
,,,,,,,,,,1719.0,165600449.0,0.773651,-0.003811,-0.008445,-0.633544,-0.0267,0.003531,0.266144,0.0,,,,,,,,,,
,,,,,,,,,,1720.0,165617116.0,0.773661,-0.003809,-0.008458,-0.633532,-0.039004,0.004162,0.273509,0.0,,,,,,,,,,
,,,,,,,,,,1721.0,165633783.0,0.773668,-0.003825,-0.00846,-0.633523,-0.033216,0.00539,0.272595,0.0,,,,,,,,,,
,,,,,,,,,,1722.0,165650450.0,0.773665,-0.003817,-0.008466,-0.633527,-0.034826,0.006936,0.271053,0.0,,,,,,,,,,
,,,,,,,,,,1723.0,165667117.0,0.773662,-0.003822,-0.008472,-0.63353,-0.020288,-0.006718,0.26235,0.0,,,,,,,,,,
,,,,,,,,,,1724.0,165683784.0,0.773664,-0.003822,-0.008473,-0.633527,-0.01164,-0.001989,0.265871,0.0,,,,,,,,,,
,,,,,,,,,,1725.0,165700451.0,0.77367,-0.003824,-0.008461,-0.633521,0.004259,0.013103,0.254422,0.0,,,,,,,,,,
,,,,,,,,,,1726.0,165717118.0,0.773665,-0.003822,-0.008458,-0.633527,-0.019514,-0.007128,0.291656,0.0,,,,,,,,,,
,,,,,,,,,,1727.0,165733785.0,0.773667,-0.003819,-0.008454,-0.633524,-0.014732,0.007654,0.275455,0.0,,,,,,,,,,
,,,,,,,,,,1728.0,165750452.0,0.773669,-0.00383,-0.008455,-0.633522,-0.021166,0.000697,0.286225,0.0,,,,,,,,,,
,,,,,,,,,,1729.0,165767119.0,0.773669,-0.003834,-0.008448,-0.633522,-0.020691,0.021637,0.279422,0.0,,,,,,,,,,
,,,,,,,,,,1730.0,165783786.0,0.773676,-0.003849,-0.00845,-0.633514,-0.034994,0.008304,0.263102,0.0,,,,,,,,,,
,,,,,,,,,,1731.0,165800453.0,0.773677,-0.003841,-0.008452,-0.633512,-0.031029,-0.000676,0.272289,0.0,,,,,,,,,,
,,,,,,,,,,1732.0,165817120.0,0.773678,-0.00384,-0.008454,-0.633511,-0.022449,0.001967,0.286805,0.0,,,,,,,,,,
,,,,,,,,,,1733.0,165833787.0,0.773678,-0.003828,-0.00846,-0.633511,-0.008215,-0.010866,0.238692,0.0,,,,,,,,,,
,,,,,,,,,,1734.0,165850454.0,0.773676,-0.003828,-0.008461,-0.633513,-0.017225,0.012738,0.283047,0.0,,,,,,,,,,
,,,,,,,,,,1735.0,165867121.0,0.773675,-0.003828,-0.008455,-0.633514,-0.01378,-0.00542,0.265202,0.0,,,,,,,,,,
,,,,,,,,,,1736.0,165883788.0,0.773674,-0.003814,-0.008454,-0.633516,-0.016446,-0.001198,0.270235,0.0,,,,,,,,,,
,,,,,,,,,,1737.0,165900455.0,0.773681,-0.003818,-0.008442,-0.633507,-0.039466,-0.000353,0.29615,0.0,,,,,,,,,,
,,,,,,,,,,1738.0,165917122.0,0.773678,-0.003817,-0.008454,-0.633512,-0.035614,0.004565,0.278814,0.0,,,,,,,,,,
,,,,,,,,,,1739.0,165933789.0,0.773678,-0.003812,-0.008457,-0.633511,-0.024736,0.005583,0.251556,0.0,,,,,,,,,,
,,,,,,,,,,1740.0,165950456.0,0.77368,-0.003799,-0.008456,-0.633508,-0.03214,-0.000332,0.252719,0.0,,,,,,,,,,
,,,,,,,,,,1741.0,165967123.0,0.773685,-0.003801,-0.008459,-0.633502,-0.028617,0.016115,0.257072,0.0,,,,,,,,,,
,,,,,,,,,,1742.0,165983790.0,0.773684,-0.0038,-0.008467,-0.633503,-0.034523,0.007253,0.279506,0.0,,,,,,,,,,
,,,,,,,,,,1743.0,166000457.0,0.77368,-0.003791,-0.008475,-0.633508,-0.00912,-0.005059,0.262517,0.0,,,,,,,,,,
,,,,,,,,,,1744.0,166017124.0,0.773682,-0.00379,-0.008477,-0.633506,-0.016269,0.00631,0.270877,0.0,,,,,,,,,,
,,,,,,,,,,1745.0,166033791.0,0.773689,-0.0038,-0.008467,-0.633498,-0.009409,-0.007531,0.246991,0.0,,,,,,,,,,
,,,,,,,,,,1746.0,166050458.0,0.773691,-0.003805,-0.008459,-0.633495,-0.020644,-8.2e-05,0.270792,0.0,,,,,,,,,,
,,,,,,,,,,1747.0,166067125.0,0.773697,-0.003799,-0.008457,-0.633489,-0.015231,-0.000914,0.287141,0.0,,,,,,,,,,
,,,,,,,,,,1748.0,166083792.0,0.773701,-0.003809,-0.008468,-0.633483,-0.037056,0.00837,0.278517,0.0,,,,,,,,,,
,,,,,,,,,,1749.0,166100459.0,0.7737,-0.003809,-0.008474,-0.633484,-0.012364,-0.008513,0.262047,0.0,,,,,,,,,,
,,,,,,,,,,1750.0,166117126.0,0.773705,-0.003807,-0.008482,-0.633478,-0.02095,0.016636,0.248547,0.0,,,,,,,,,,
,,,,,,,,,,1751.0,166133793.0,0.773705,-0.003804,-0.008501,-0.633477,-0.02971,0.008674,0.253276,0.0,,,,,,,,,,
,,,,,,,,,,1752.0,166150460.0,0.77371,-0.003813,-0.008506,-0.633472,-0.01931,0.011939,0.275972,0.0,,,,,,,,,,
,,,,,,,,,,1753.0,166167127.0,0.773712,-0.00381,-0.008501,-0.633469,-0.013613,0.009871,0.269138,0.0,,,,,,,,,,
,,,,,,,,,,1754.0,166183794.0,0.773717,-0.003819,-0.008492,-0.633462,-0.009011,0.003621,0.270123,0.0,,,,,,,,,,
,,,,,,,,,,1755.0,166200461.0,0.773718,-0.003822,-0.008493,-0.633461,-0.016395,0.01644,0.279345,0.0,,,,,,,,,,
,,,,,,,,,,1756.0,166217128.0,0.773722,-0.00383,-0.008492,-0.633457,-0.020279,0.011726,0.265961,0.0,,,,,,,,,,
,,,,,,,,,,1757.0,166233795.0,0.773726,-0.003831,-0.008495,-0.633452,-0.026654,0.005615,0.265094,0.0,,,,,,,,,,
,,,,,,,,,,1758.0,166250462.0,0.773727,-0.003829,-0.008506,-0.633451,-0.033946,-0.007831,0.251654,0.0,,,,,,,,,,
,,,,,,,,,,1759.0,166267129.0,0.773727,-0.003837,-0.008507,-0.63345,-0.030493,-0.007049,0.257021,0.0,,,,,,,,,,
,,,,,,,,,,1760.0,166283796.0,0.773728,-0.003831,-0.008521,-0.63345,-0.021321,-0.001917,0.271143,0.0,,,,,,,,,,
,,,,,,,,,,1761.0,166300463.0,0.773727,-0.003826,-0.008537,-0.63345,-0.014841,0.003106,0.284892,0.0,,,,,,,,,,
,,,,,,,,,,1762.0,166317130.0,0.773727,-0.003819,-0.008536,-0.63345,-0.011113,0.025374,0.265318,0.0,,,,,,,,,,
,,,,,,,,,,1763.0,166333797.0,0.773735,-0.003816,-0.008522,-0.63344,-0.017373,0.007403,0.266123,0.0,,,,,,,,,,
,,,,,,,,,,1764.0,166350464.0,0.773736,-0.003817,-0.008522,-0.633439,-0.023429,0.007867,0.290956,0.0,,,,,,,,,,
,,,,,,,,,,1765.0,166367131.0,0.773737,-0.003821,-0.008519,-0.633438,-0.014304,0.001326,0.261199,0.0,,,,,,,,,,
,,,,,,,,,,1766.0,166383798.0,0.773745,-0.003827,-0.008527,-0.633428,-0.033392,0.009773,0.278857,0.0,,,,,,,,,,
,,,,,,,,,,1767.0,166400465.0,0.773747,-0.003833,-0.008532,-0.633426,-0.027897,0.010474,0.271434,0.0,,,,,,,,,,
,,,,,,,,,,1768.0,166417132.0,0.773739,-0.003839,-0.008536,-0.633435,-0.028425,0.000787,0.26963,0.0,,,,,,,,,,
,,,,,,,,,,1769.0,166433799.0,0.773742,-0.003834,-0.008545,-0.633432,-0.023304,0.004707,0.273209,0.0,,,,,,,,,,
,,,,,,,,,,1770.0,166450466.0,0.773743,-0.003835,-0.008555,-0.633431,-0.018611,0.003764,0.261022,0.0,,,,,,,,,,
,,,,,,,,,,1771.0,166467133.0,0.773737,-0.003823,-0.008561,-0.633438,-0.017747,-0.005563,0.275607,0.0,,,,,,,,,,
,,,,,,,,,,1772.0,166483800.0,0.773736,-0.003815,-0.008566,-0.633439,-0.012241,0.005858,0.277446,0.0,,,,,,,,,,
,,,,,,,,,,1773.0,166500467.0,0.772842,-0.003913,-0.008353,-0.634532,-0.019082,0.005555,0.270916,0.0,,,,,,,,,,
,,,,,,,,,,1774.0,166517134.0,0.772845,-0.003901,-0.008348,-0.634528,-0.01008,0.000658,0.271687,0.0,,,,,,,,,,
,,,,,,,,,,1775.0,166533801.0,0.772853,-0.003908,-0.008339,-0.634518,-0.02576,0.013852,0.277307,0.0,,,,,,,,,,
,,,,,,,,,,1776.0,166550468.0,0.772858,-0.003899,-0.008338,-0.634512,-0.020957,0.005552,0.271578,0.0,,,,,,,,,,
,,,,,,,,,,1777.0,166567135.0,0.772858,-0.003895,-0.008347,-0.634512,-0.021462,0.018977,0.266606,0.0,,,,,,,,,,
,,,,,,,,,,1778.0,166583802.0,0.772862,-0.003888,-0.008348,-0.634507,-0.027265,0.012824,0.29539,0.0,,,,,,,,,,
,,,,,,,,,,1779.0,166600469.0,0.772861,-0.003877,-0.008353,-0.634508,-0.01369,0.000401,0.270929,0.0,,,,,,,,,,
,,,,,,,,,,1780.0,166617136.0,0.772861,-0.003879,-0.008361,-0.634508,-0.016398,0.000594,0.264856,0.0,,,,,,,,,,
,,,,,,,,,,1781.0,166633803.0,0.772857,-0.003884,-0.008366,-0.634513,-0.005675,0.012117,0.264515,0.0,,,,,,,,,,
,,,,,,,,,,1782.0,166650470.0,0.772859,-0.003884,-0.008366,-0.634511,-0.005704,0.009788,0.276141,0.0,,,,,,,,,,
,,,,,,,,,,1783.0,166667137.0,0.77286,-0.003885,-0.008356,-0.634509,-0.020985,-0.007546,0.256858,0.0,,,,,,,,,,
,,,,,,,,,,1784.0,166683804.0,0.772862,-0.003876,-0.00836,-0.634508,-0.020505,-0.006462,0.254274,0.0,,,,,,,,,,
,,,,,,,,,,1785.0,166700471.0,0.772867,-0.00388,-0.008351,-0.634502,-0.023491,-0.008778,0.265326,0.0,,,,,,,,,,
,,,,,,,,,,1786.0,166717138.0,0.772869,-0.003864,-0.008356,-0.634499,-0.0356,-0.005577,0.26053,0.0,,,,,,,,,,
,,,,,,,,,,1787.0,166733805.0,0.772875,-0.003862,-0.008351,-0.634492,-0.019415,0.00948,0.265522,0.0,,,,,,,,,,
,,,,,,,,,,1788.0,166750472.0,0.772878,-0.00385,-0.008353,-0.634488,-0.012851,0.012564,0.278668,0.0,,,,,,,,,,
,,,,,,,,,,1789.0,166767139.0,0.772885,-0.003856,-0.008363,-0.634479,-0.01587,0.011277,0.295766,0.0,,,,,,,,,,
,,,,,,,,,,1790.0,166783806.0,0.772887,-0.003857,-0.008363,-0.634476,-0.012098,-0.000437,0.263459,0.0,,,,,,,,,,
,,,,,,,,,,1791.0,166800473.0,0.772892,-0.003857,-0.008363,-0.634471,-0.008565,0.00639,0.273017,0.0,,,,,,,,,,
,,,,,,,,,,1792.0,166817140.0,0.77289,-0.003872,-0.008366,-0.634473,-0.035584,0.016238,0.235567,0.0,,,,,,,,,,
,,,,,,,,,,1793.0,166833807.0,0.772892,-0.003864,-0.008381,-0.634471,-0.018303,0.0104,0.331569,0.0,,,,,,,,,,
,,,,,,,,,,1794.0,166850474.0,0.772896,-0.003875,-0.008355,-0.634466,-0.017504,0.010576,0.200458,0.0,,,,,,,,,,
,,,,,,,,,,1795.0,166867141.0,0.772897,-0.003877,-0.008373,-0.634464,-0.032859,-0.002809,0.298724,0.0,,,,,,,,,,
,,,,,,,,,,1796.0,166883808.0,0.772894,-0.003875,-0.008362,-0.634468,-0.024239,0.017806,0.261501,0.0,,,,,,,,,,
,,,,,,,,,,1797.0,166900475.0,0.772908,-0.003866,-0.00837,-0.634452,-0.010619,-0.000286,0.251845,0.0,,,,,,,,,,
,,,,,,,,,,1798.0,166917142.0,0.772911,-0.003868,-0.00838,-0.634447,-0.006974,0.004841,0.284099,0.0,,,,,,,,,,
,,,,,,,,,,1799.0,166933809.0,0.772915,-0.003867,-0.008374,-0.634443,-0.022281,0.000958,0.267192,0.0,,,,,,,,,,
,,,,,,,,,,1800.0,166950476.0,0.772922,-0.003861,-0.008387,-0.634434,-0.012804,0.003439,0.294032,0.0,,,,,,,,,,
,,,,,,,,,,1801.0,166967143.0,0.772925,-0.00386,-0.008367,-0.63443,-0.018543,0.016249,0.255732,0.0,,,,,,,,,,
,,,,,,,,,,1802.0,166983810.0,0.77293,-0.00386,-0.008381,-0.634425,-0.026722,0.020566,0.275148,0.0,,,,,,,,,,
,,,,,,,,,,1803.0,167000477.0,0.77293,-0.003866,-0.008381,-0.634425,-0.026949,0.009139,0.271774,0.0,,,,,,,,,,
,,,,,,,,,,1804.0,167017144.0,0.772928,-0.003853,-0.008386,-0.634426,-0.03388,0.015496,0.271608,0.0,,,,,,,,,,
,,,,,,,,,,1805.0,167033811.0,0.772932,-0.003851,-0.008381,-0.634422,-0.024287,0.008622,0.279529,0.0,,,,,,,,,,
,,,,,,,,,,1806.0,167050478.0,0.772931,-0.003848,-0.008381,-0.634423,-0.029595,0.00978,0.278508,0.0,,,,,,,,,,
,,,,,,,,,,1807.0,167067145.0,0.772929,-0.003845,-0.008387,-0.634425,-0.017905,-0.014633,0.257296,0.0,,,,,,,,,,
,,,,,,,,,,1808.0,167083812.0,0.772937,-0.003843,-0.008392,-0.634415,-0.005699,-0.004367,0.263674,0.0,,,,,,,,,,
,,,,,,,,,,1809.0,167100479.0,0.77294,-0.003837,-0.008394,-0.634412,-0.007614,-0.006218,0.269707,0.0,,,,,,,,,,
,,,,,,,,,,1810.0,167117146.0,0.772941,-0.003843,-0.008395,-0.634411,-0.019045,-0.016394,0.237042,0.0,,,,,,,,,,
,,,,,,,,,,1811.0,167133813.0,0.77294,-0.003844,-0.008394,-0.634412,-0.013702,-0.009261,0.267299,0.0,,,,,,,,,,
,,,,,,,,,,1812.0,167150480.0,0.772936,-0.003847,-0.008399,-0.634416,-0.031342,0.008199,0.280401,0.0,,,,,,,,,,
,,,,,,,,,,1813.0,167167147.0,0.772937,-0.003842,-0.008392,-0.634416,-0.024714,-0.001963,0.275805,0.0,,,,,,,,,,
,,,,,,,,,,1814.0,167183814.0,0.772942,-0.00384,-0.008393,-0.63441,-0.012268,0.016283,0.290143,0.0,,,,,,,,,,
,,,,,,,,,,1815.0,167200481.0,0.77294,-0.003838,-0.008404,-0.634411,-0.010739,0.007852,0.30424,0.0,,,,,,,,,,
,,,,,,,,,,1816.0,167217148.0,0.772946,-0.003826,-0.008423,-0.634404,-0.017436,0.020957,0.263135,0.0,,,,,,,,,,
,,,,,,,,,,1817.0,167233815.0,0.772948,-0.003819,-0.00843,-0.634401,-0.013514,0.009108,0.263818,0.0,,,,,,,,,,
,,,,,,,,,,1818.0,167250482.0,0.77295,-0.003827,-0.008432,-0.6344,-0.013465,0.019862,0.279855,0.0,,,,,,,,,,
,,,,,,,,,,1819.0,167267149.0,0.77295,-0.003823,-0.008434,-0.6344,-0.021347,0.013601,0.263847,0.0,,,,,,,,,,
,,,,,,,,,,1820.0,167283816.0,0.772957,-0.003834,-0.008427,-0.634391,-0.014615,0.001218,0.280982,0.0,,,,,,,,,,
,,,,,,,,,,1821.0,167300483.0,0.772961,-0.003839,-0.008414,-0.634386,-0.022041,-0.003407,0.268073,0.0,,,,,,,,,,
,,,,,,,,,,1822.0,167317150.0,0.772969,-0.003842,-0.008411,-0.634377,-0.016088,-0.008692,0.25845,0.0,,,,,,,,,,
,,,,,,,,,,1823.0,167333817.0,0.772977,-0.003841,-0.008405,-0.634366,-0.02431,-0.010477,0.282005,0.0,,,,,,,,,,
,,,,,,,,,,1824.0,167350484.0,0.772978,-0.003831,-0.008418,-0.634366,-0.023431,-0.004813,0.26757,0.0,,,,,,,,,,
,,,,,,,,,,1825.0,167367151.0,0.772979,-0.003832,-0.008426,-0.634364,-0.031781,-0.002107,0.275089,0.0,,,,,,,,,,
,,,,,,,,,,1826.0,167383818.0,0.772982,-0.00382,-0.008431,-0.63436,-0.003954,-0.006265,0.264318,0.0,,,,,,,,,,
,,,,,,,,,,1827.0,167400485.0,0.772989,-0.003817,-0.008436,-0.634352,-0.012474,0.001232,0.25316,0.0,,,,,,,,,,
,,,,,,,,,,1828.0,167417152.0,0.772989,-0.003803,-0.008436,-0.634352,-0.016534,-0.000288,0.281106,0.0,,,,,,,,,,
,,,,,,,,,,1829.0,167433819.0,0.772989,-0.0038,-0.008438,-0.634352,-0.024838,0.010041,0.256967,0.0,,,,,,,,,,
,,,,,,,,,,1830.0,167450486.0,0.772996,-0.003796,-0.00844,-0.634344,-0.029902,0.016464,0.285737,0.0,,,,,,,,,,
,,,,,,,,,,1831.0,167467153.0,0.773001,-0.003805,-0.008436,-0.634338,-0.028343,-0.004643,0.265749,0.0,,,,,,,,,,
,,,,,,,,,,1832.0,167483820.0,0.773003,-0.003798,-0.008428,-0.634335,-0.038439,-0.013126,0.249227,0.0,,,,,,,,,,
,,,,,,,,,,1833.0,167500487.0,0.773,-0.003807,-0.008434,-0.634338,-0.025546,0.008473,0.274365,0.0,,,,,,,,,,
,,,,,,,,,,1834.0,167517154.0,0.773002,-0.00381,-0.008434,-0.634336,-0.025035,-0.006405,0.274779,0.0,,,,,,,,,,
,,,,,,,,,,1835.0,167533821.0,0.773002,-0.003807,-0.008453,-0.634336,-0.008238,0.003594,0.267599,0.0,,,,,,,,,,
,,,,,,,,,,1836.0,167550488.0,0.773002,-0.003809,-0.008454,-0.634336,-0.020901,-0.00016,0.265319,0.0,,,,,,,,,,
,,,,,,,,,,1837.0,167567155.0,0.773002,-0.003804,-0.008461,-0.634335,-0.015277,-0.006983,0.272191,0.0,,,,,,,,,,
,,,,,,,,,,1838.0,167583822.0,0.773008,-0.003801,-0.008456,-0.634328,-0.004223,0.007928,0.288631,0.0,,,,,,,,,,
,,,,,,,,,,1839.0,167600489.0,0.773005,-0.003797,-0.008444,-0.634332,-0.018325,-0.005204,0.267266,0.0,,,,,,,,,,
,,,,,,,,,,1840.0,167617156.0,0.773006,-0.003786,-0.008439,-0.634331,-0.036049,0.001836,0.264573,0.0,,,,,,,,,,
,,,,,,,,,,1841.0,167633823.0,0.773013,-0.003786,-0.008435,-0.634323,-0.020377,-0.003196,0.246239,0.0,,,,,,,,,,
,,,,,,,,,,1842.0,167650490.0,0.773011,-0.003785,-0.008438,-0.634326,-0.022385,-0.005499,0.256449,0.0,,,,,,,,,,
,,,,,,,,,,1843.0,167667157.0,0.773012,-0.00378,-0.008448,-0.634324,-0.02628,0.013839,0.263559,0.0,,,,,,,,,,
,,,,,,,,,,1844.0,167683824.0,0.773012,-0.003784,-0.008462,-0.634324,-0.012979,-0.007639,0.2734,0.0,,,,,,,,,,
,,,,,,,,,,1845.0,167700491.0,0.773018,-0.003786,-0.008465,-0.634316,-0.003655,0.000137,0.263107,0.0,,,,,,,,,,
,,,,,,,,,,1846.0,167717158.0,0.773026,-0.003784,-0.008469,-0.634306,-0.032173,-0.002096,0.275218,0.0,,,,,,,,,,
,,,,,,,,,,1847.0,167733825.0,0.773032,-0.003791,-0.008464,-0.634299,-0.024014,0.007229,0.275252,0.0,,,,,,,,,,
,,,,,,,,,,1848.0,167750492.0,0.773034,-0.003799,-0.008461,-0.634297,-0.022021,0.013575,0.266432,0.0,,,,,,,,,,
,,,,,,,,,,1849.0,167767159.0,0.773028,-0.003804,-0.008467,-0.634304,-0.033871,-0.008615,0.305475,0.0,,,,,,,,,,
,,,,,,,,,,1850.0,167783826.0,0.773035,-0.003788,-0.008485,-0.634295,-0.025829,0.008487,0.26558,0.0,,,,,,,,,,
,,,,,,,,,,1851.0,167800493.0,0.773034,-0.003785,-0.008499,-0.634296,0.001045,0.012128,0.250663,0.0,,,,,,,,,,
,,,,,,,,,,1852.0,167817160.0,0.773034,-0.00378,-0.008518,-0.634296,-0.011058,-0.00654,0.260426,0.0,,,,,,,,,,
,,,,,,,,,,1853.0,167833827.0,0.773034,-0.003784,-0.008507,-0.634297,-0.002267,0.012314,0.254589,0.0,,,,,,,,,,
,,,,,,,,,,1854.0,167850494.0,0.773034,-0.003797,-0.008506,-0.634296,0.002191,0.005,0.2933,0.0,,,,,,,,,,
,,,,,,,,,,1855.0,167867161.0,0.773032,-0.003803,-0.008499,-0.634299,-0.012684,0.015286,0.263851,0.0,,,,,,,,,,
,,,,,,,,,,1856.0,167883828.0,0.773036,-0.003814,-0.008479,-0.634294,-0.040924,0.00346,0.303588,0.0,,,,,,,,,,
,,,,,,,,,,1857.0,167900495.0,0.773037,-0.003831,-0.008473,-0.634292,-0.048067,0.016958,0.272974,0.0,,,,,,,,,,
,,,,,,,,,,1858.0,167917162.0,0.77304,-0.003814,-0.008493,-0.634289,-0.045332,0.010469,0.272173,0.0,,,,,,,,,,
,,,,,,,,,,1859.0,167933829.0,0.773045,-0.003806,-0.008517,-0.634282,-0.024238,0.012189,0.251103,0.0,,,,,,,,,,
,,,,,,,,,,1860.0,167950496.0,0.773046,-0.003798,-0.008535,-0.634281,-0.004544,0.010021,0.264861,0.0,,,,,,,,,,
,,,,,,,,,,1861.0,167967163.0,0.77305,-0.003792,-0.008548,-0.634276,0.009763,0.004942,0.268881,0.0,,,,,,,,,,
,,,,,,,,,,1862.0,167983830.0,0.773047,-0.003788,-0.008542,-0.634281,0.003505,-4.2e-05,0.230948,0.0,,,,,,,,,,
,,,,,,,,,,1863.0,168000497.0,0.773046,-0.003795,-0.008564,-0.634281,-0.002445,0.006372,0.299981,0.0,,,,,,,,,,
,,,,,,,,,,1864.0,168017164.0,0.773039,-0.003808,-0.008528,-0.63429,-0.021473,-0.004172,0.247393,0.0,,,,,,,,,,
,,,,,,,,,,1865.0,168033831.0,0.773033,-0.003823,-0.008514,-0.634297,-0.028947,-0.006777,0.267,0.0,,,,,,,,,,
,,,,,,,,,,1866.0,168050498.0,0.773033,-0.003818,-0.00849,-0.634297,-0.034534,0.00909,0.248636,0.0,,,,,,,,,,
,,,,,,,,,,1867.0,168067165.0,0.773034,-0.003814,-0.008495,-0.634296,-0.060845,0.011714,0.287219,0.0,,,,,,,,,,
,,,,,,,,,,1868.0,168083832.0,0.773039,-0.003788,-0.008508,-0.634291,-0.045789,0.02042,0.299339,0.0,,,,,,,,,,
,,,,,,,,,,1869.0,168100499.0,0.773047,-0.003773,-0.00853,-0.634281,-0.021295,0.003962,0.302617,0.0,,,,,,,,,,
,,,,,,,,,,1870.0,168117166.0,0.773051,-0.003767,-0.008519,-0.634276,-0.002035,0.006218,0.256476,0.0,,,,,,,,,,
,,,,,,,,,,1871.0,168133833.0,0.77306,-0.003752,-0.008556,-0.634264,-0.003724,0.006985,0.191774,0.0,,,,,,,,,,
,,,,,,,,,,1872.0,168150500.0,0.773063,-0.003749,-0.008581,-0.63426,0.017572,0.018668,0.375511,0.0,,,,,,,,,,
,,,,,,,,,,1873.0,168167167.0,0.773059,-0.003764,-0.008523,-0.634265,0.007244,0.00981,0.231709,0.0,,,,,,,,,,
,,,,,,,,,,1874.0,168183834.0,0.773067,-0.003772,-0.008519,-0.634256,-0.029602,0.003875,0.319241,0.0,,,,,,,,,,
,,,,,,,,,,1875.0,168200501.0,0.773067,-0.003802,-0.008477,-0.634256,-0.04144,0.010142,0.277359,0.0,,,,,,,,,,
,,,,,,,,,,1876.0,168217168.0,0.77307,-0.0038,-0.008476,-0.634252,-0.072041,-0.017314,0.253923,0.0,,,,,,,,,,
,,,,,,,,,,1877.0,168233835.0,0.773071,-0.003783,-0.008488,-0.634252,-0.061461,-0.00862,0.297964,0.0,,,,,,,,,,
,,,,,,,,,,1878.0,168250502.0,0.773073,-0.003773,-0.008496,-0.634249,-0.048357,-0.009296,0.231985,0.0,,,,,,,,,,
,,,,,,,,,,1879.0,168267169.0,0.773076,-0.00375,-0.008543,-0.634245,-0.01425,0.008966,0.28881,0.0,,,,,,,,,,
,,,,,,,,,,1880.0,168283836.0,0.773077,-0.003738,-0.008548,-0.634244,-0.004773,-0.006374,0.247043,0.0,,,,,,,,,,
,,,,,,,,,,1881.0,168300503.0,0.773076,-0.003722,-0.008564,-0.634245,0.021731,0.011221,0.268834,0.0,,,,,,,,,,
,,,,,,,,,,1882.0,168317170.0,0.773081,-0.003729,-0.008538,-0.634238,0.018211,0.019372,0.274916,0.0,,,,,,,,,,
,,,,,,,,,,1883.0,168333837.0,0.773082,-0.003738,-0.008508,-0.634238,-0.0237,0.011624,0.25961,0.0,,,,,,,,,,
,,,,,,,,,,1884.0,168350504.0,0.773083,-0.003756,-0.008483,-0.634237,-0.050176,0.008304,0.27462,0.0,,,,,,,,,,
,,,,,,,,,,1885.0,168367171.0,0.773092,-0.003785,-0.008469,-0.634226,-0.048854,0.016459,0.326648,0.0,,,,,,,,,,
,,,,,,,,,,1886.0,168383838.0,0.773092,-0.003773,-0.008467,-0.634226,-0.0561,0.009549,0.203998,0.0,,,,,,,,,,
,,,,,,,,,,1887.0,168400505.0,0.773096,-0.003773,-0.008497,-0.634221,-0.053007,-0.003309,0.288393,0.0,,,,,,,,,,
,,,,,,,,,,1888.0,168417172.0,0.773102,-0.003755,-0.008522,-0.634213,-0.024865,-0.013038,0.269325,0.0,,,,,,,,,,
,,,,,,,,,,1889.0,168433839.0,0.773101,-0.003749,-0.008535,-0.634214,-0.009086,-0.013848,0.261676,0.0,,,,,,,,,,
,,,,,,,,,,1890.0,168450506.0,0.7731,-0.003724,-0.008544,-0.634216,-0.002023,-0.01405,0.278287,0.0,,,,,,,,,,
,,,,,,,,,,1891.0,168467173.0,0.773103,-0.003739,-0.008521,-0.634212,0.005654,-0.018652,0.265544,0.0,,,,,,,,,,
,,,,,,,,,,1892.0,168483840.0,0.773108,-0.00374,-0.008509,-0.634206,-0.002719,-0.015456,0.275844,0.0,,,,,,,,,,
,,,,,,,,,,1893.0,168500507.0,0.773115,-0.003743,-0.008485,-0.634198,-0.020083,0.005066,0.268621,0.0,,,,,,,,,,
,,,,,,,,,,1894.0,168517174.0,0.773115,-0.003737,-0.00846,-0.634198,-0.053931,0.007137,0.256112,0.0,,,,,,,,,,
,,,,,,,,,,1895.0,168533841.0,0.773119,-0.003731,-0.008464,-0.634193,-0.050035,0.018146,0.280742,0.0,,,,,,,,,,
,,,,,,,,,,1896.0,168550508.0,0.773121,-0.003728,-0.008473,-0.634192,-0.041738,0.017892,0.25572,0.0,,,,,,,,,,
,,,,,,,,,,1897.0,168567175.0,0.773123,-0.003707,-0.008494,-0.634188,-0.027373,0.019657,0.259512,0.0,,,,,,,,,,
,,,,,,,,,,1898.0,168583842.0,0.773128,-0.003691,-0.0085,-0.634182,-0.01718,-0.004187,0.279373,0.0,,,,,,,,,,
,,,,,,,,,,1899.0,168600509.0,0.773126,-0.003678,-0.008512,-0.634185,0.015939,0.01697,0.262446,0.0,,,,,,,,,,
,,,,,,,,,,1900.0,168617176.0,0.773127,-0.003686,-0.008516,-0.634183,0.004762,0.000727,0.292886,0.0,,,,,,,,,,
,,,,,,,,,,1901.0,168633843.0,0.773123,-0.003694,-0.008513,-0.634188,-0.005462,-0.005306,0.290208,0.0,,,,,,,,,,
,,,,,,,,,,1902.0,168650510.0,0.773121,-0.00372,-0.008485,-0.634191,-0.030927,-0.016763,0.269949,0.0,,,,,,,,,,
,,,,,,,,,,1903.0,168667177.0,0.773124,-0.003727,-0.008468,-0.634187,-0.056902,-0.011563,0.291549,0.0,,,,,,,,,,
,,,,,,,,,,1904.0,168683844.0,0.773128,-0.00374,-0.008464,-0.634182,-0.056882,-0.002895,0.260329,0.0,,,,,,,,,,
,,,,,,,,,,1905.0,168700511.0,0.773137,-0.003729,-0.008468,-0.634172,-0.04752,-0.009653,0.280775,0.0,,,,,,,,,,
,,,,,,,,,,1906.0,168717178.0,0.773142,-0.0037,-0.008483,-0.634166,-0.036275,0.011972,0.296711,0.0,,,,,,,,,,
,,,,,,,,,,1907.0,168733845.0,0.77315,-0.003684,-0.00851,-0.634155,-0.017481,-0.00106,0.26218,0.0,,,,,,,,,,
,,,,,,,,,,1908.0,168750512.0,0.77315,-0.003657,-0.008526,-0.634155,0.004068,0.00242,0.274523,0.0,,,,,,,,,,
,,,,,,,,,,1909.0,168767179.0,0.773154,-0.003655,-0.008526,-0.63415,-0.005518,0.003181,0.256402,0.0,,,,,,,,,,
,,,,,,,,,,1910.0,168783846.0,0.773163,-0.00366,-0.008521,-0.63414,-0.009014,0.010527,0.293972,0.0,,,,,,,,,,
,,,,,,,,,,1911.0,168800513.0,0.773162,-0.003672,-0.008501,-0.634141,-0.014623,0.0021,0.275944,0.0,,,,,,,,,,
,,,,,,,,,,1912.0,168817180.0,0.773159,-0.003696,-0.008481,-0.634144,-0.022495,0.000326,0.259145,0.0,,,,,,,,,,
,,,,,,,,,,1913.0,168833847.0,0.773157,-0.0037,-0.008498,-0.634148,-0.046567,0.001387,0.266061,0.0,,,,,,,,,,
,,,,,,,,,,1914.0,168850514.0,0.773162,-0.0037,-0.008513,-0.634141,-0.049743,-0.01031,0.254111,0.0,,,,,,,,,,
,,,,,,,,,,1915.0,168867181.0,0.773165,-0.003691,-0.008525,-0.634137,-0.040318,-0.002388,0.294079,0.0,,,,,,,,,,
,,,,,,,,,,1916.0,168883848.0,0.77317,-0.003678,-0.008541,-0.63413,-0.023829,-0.008681,0.256611,0.0,,,,,,,,,,
,,,,,,,,,,1917.0,168900515.0,0.773173,-0.003667,-0.00854,-0.634127,-0.010913,0.001201,0.250119,0.0,,,,,,,,,,
,,,,,,,,,,1918.0,168917182.0,0.773178,-0.003661,-0.008563,-0.634121,-0.009443,-0.004312,0.263678,0.0,,,,,,,,,,
,,,,,,,,,,1919.0,168933849.0,0.77318,-0.003651,-0.008562,-0.634118,-0.001062,-0.005297,0.284993,0.0,,,,,,,,,,
,,,,,,,,,,1920.0,168950516.0,0.773181,-0.003655,-0.008557,-0.634117,-0.009564,0.002512,0.270035,0.0,,,,,,,,,,
,,,,,,,,,,1921.0,168967183.0,0.773186,-0.003649,-0.008545,-0.634112,-0.010807,0.003779,0.266719,0.0,,,,,,,,,,
,,,,,,,,,,1922.0,168983850.0,0.773185,-0.003658,-0.008532,-0.634113,-0.027847,0.013874,0.273893,0.0,,,,,,,,,,
,,,,,,,,,,1923.0,169000517.0,0.773185,-0.00365,-0.008525,-0.634113,-0.028806,0.01047,0.258629,0.0,,,,,,,,,,
,,,,,,,,,,1924.0,169017184.0,0.773184,-0.003648,-0.008537,-0.634113,-0.024278,0.011574,0.289922,0.0,,,,,,,,,,
,,,,,,,,,,1925.0,169033851.0,0.773191,-0.003656,-0.008537,-0.634106,-0.036443,0.008182,0.264316,0.0,,,,,,,,,,
,,,,,,,,,,1926.0,169050518.0,0.773191,-0.00366,-0.008536,-0.634105,-0.030477,-0.01673,0.271317,0.0,,,,,,,,,,
,,,,,,,,,,1927.0,169067185.0,0.773199,-0.003659,-0.008538,-0.634095,-0.01923,-0.002234,0.253023,0.0,,,,,,,,,,
,,,,,,,,,,1928.0,169083852.0,0.773198,-0.003648,-0.008543,-0.634097,-0.011685,-0.008852,0.266317,0.0,,,,,,,,,,
,,,,,,,,,,1929.0,169100519.0,0.773203,-0.003635,-0.008555,-0.63409,-0.003435,-0.008219,0.285026,0.0,,,,,,,,,,
,,,,,,,,,,1930.0,169117186.0,0.7732,-0.00365,-0.008517,-0.634095,-0.013249,0.001838,0.232064,0.0,,,,,,,,,,
,,,,,,,,,,1931.0,169133853.0,0.773206,-0.003645,-0.008552,-0.634087,-0.01872,0.003871,0.292233,0.0,,,,,,,,,,
,,,,,,,,,,1932.0,169150520.0,0.773208,-0.00364,-0.008524,-0.634085,-0.012644,-0.001165,0.230429,0.0,,,,,,,,,,
,,,,,,,,,,1933.0,169167187.0,0.773214,-0.003654,-0.008514,-0.634078,-0.025399,0.011514,0.314113,0.0,,,,,,,,,,
,,,,,,,,,,1934.0,169183854.0,0.773211,-0.003637,-0.008492,-0.634082,-0.007322,0.025327,0.263185,0.0,,,,,,,,,,
,,,,,,,,,,1935.0,169200521.0,0.773223,-0.003657,-0.008481,-0.634067,-0.042338,0.016282,0.281462,0.0,,,,,,,,,,
,,,,,,,,,,1936.0,169217188.0,0.77322,-0.003639,-0.008511,-0.63407,-0.028287,0.01814,0.293864,0.0,,,,,,,,,,
,,,,,,,,,,1937.0,169233855.0,0.773225,-0.003657,-0.008503,-0.634065,-0.03566,0.003121,0.231163,0.0,,,,,,,,,,
,,,,,,,,,,1938.0,169250522.0,0.773223,-0.003643,-0.008562,-0.634066,-0.011261,-0.011727,0.302834,0.0,,,,,,,,,,
,,,,,,,,,,1939.0,169267189.0,0.773229,-0.003663,-0.008547,-0.634058,-2.4e-05,-0.021415,0.258298,0.0,,,,,,,,,,
,,,,,,,,,,1940.0,169283856.0,0.773227,-0.003662,-0.008559,-0.634061,0.00703,-0.029699,0.269674,0.0,,,,,,,,,,
,,,,,,,,,,1941.0,169300523.0,0.773219,-0.003664,-0.008537,-0.634072,-0.008328,-0.02866,0.260881,0.0,,,,,,,,,,
,,,,,,,,,,1942.0,169317190.0,0.77322,-0.003662,-0.00851,-0.63407,-0.022708,-0.002475,0.262321,0.0,,,,,,,,,,
,,,,,,,,,,1943.0,169333857.0,0.773225,-0.003646,-0.008512,-0.634065,-0.04433,-0.005528,0.277827,0.0,,,,,,,,,,
,,,,,,,,,,1944.0,169350524.0,0.773233,-0.003641,-0.008498,-0.634055,-0.039238,0.016299,0.272811,0.0,,,,,,,,,,
,,,,,,,,,,1945.0,169367191.0,0.773237,-0.003618,-0.008511,-0.63405,-0.033011,0.026544,0.257532,0.0,,,,,,,,,,
,,,,,,,,,,1946.0,169383858.0,0.77324,-0.003614,-0.008514,-0.634046,-0.028386,0.024676,0.259671,0.0,,,,,,,,,,
,,,,,,,,,,1947.0,169400525.0,0.773245,-0.003611,-0.008529,-0.63404,-0.016434,0.014681,0.275209,0.0,,,,,,,,,,
,,,,,,,,,,1948.0,169417192.0,0.77324,-0.00362,-0.008526,-0.634046,-0.008629,0.016007,0.292969,0.0,,,,,,,,,,
,,,,,,,,,,1949.0,169433859.0,0.773246,-0.003624,-0.008532,-0.634038,-0.019355,0.004046,0.260503,0.0,,,,,,,,,,
,,,,,,,,,,1950.0,169450526.0,0.773249,-0.003643,-0.008546,-0.634035,-0.007301,0.000707,0.29453,0.0,,,,,,,,,,
,,,,,,,,,,1951.0,169467193.0,0.773255,-0.003641,-0.008541,-0.634027,-0.010555,-0.00016,0.283713,0.0,,,,,,,,,,
,,,,,,,,,,1952.0,169483860.0,0.773254,-0.003646,-0.008542,-0.634028,-0.024663,-0.016553,0.295691,0.0,,,,,,,,,,
,,,,,,,,,,1953.0,169500527.0,0.773258,-0.003653,-0.008519,-0.634023,-0.030461,-0.011181,0.256047,0.0,,,,,,,,,,
,,,,,,,,,,1954.0,169517194.0,0.773262,-0.003651,-0.008517,-0.634019,-0.02683,-0.01007,0.296077,0.0,,,,,,,,,,
,,,,,,,,,,1955.0,169533861.0,0.77327,-0.003644,-0.008519,-0.63401,-0.031095,-0.009883,0.257623,0.0,,,,,,,,,,
,,,,,,,,,,1956.0,169550528.0,0.773265,-0.003629,-0.008524,-0.634015,-0.03887,0.008354,0.25911,0.0,,,,,,,,,,
,,,,,,,,,,1957.0,169567195.0,0.773273,-0.003617,-0.008544,-0.634005,-0.005379,0.005447,0.267647,0.0,,,,,,,,,,
,,,,,,,,,,1958.0,169583862.0,0.773276,-0.003587,-0.008565,-0.634001,0.002134,0.01473,0.283219,0.0,,,,,,,,,,
,,,,,,,,,,1959.0,169600529.0,0.77328,-0.003579,-0.008579,-0.633997,0.024622,0.011789,0.26744,0.0,,,,,,,,,,
,,,,,,,,,,1960.0,169617196.0,0.773279,-0.003591,-0.008581,-0.633997,0.000433,0.006578,0.266503,0.0,,,,,,,,,,
,,,,,,,,,,1961.0,169633863.0,0.773281,-0.0036,-0.008569,-0.633996,-0.00426,0.012797,0.274497,0.0,,,,,,,,,,
,,,,,,,,,,1962.0,169650530.0,0.773282,-0.003616,-0.008568,-0.633994,-0.023627,0.001065,0.300782,0.0,,,,,,,,,,
,,,,,,,,,,1963.0,169667197.0,0.773283,-0.003627,-0.008554,-0.633993,-0.044758,-0.015765,0.282522,0.0,,,,,,,,,,
,,,,,,,,,,1964.0,169683864.0,0.773284,-0.003635,-0.008546,-0.633992,-0.052046,-0.007099,0.274026,0.0,,,,,,,,,,
,,,,,,,,,,1965.0,169700531.0,0.773288,-0.00364,-0.008554,-0.633987,-0.05258,-0.001568,0.263412,0.0,,,,,,,,,,
,,,,,,,,,,1966.0,169717198.0,0.773299,-0.003619,-0.008578,-0.633973,-0.037759,0.00635,0.245786,0.0,,,,,,,,,,
,,,,,,,,,,1967.0,169733865.0,0.773302,-0.003612,-0.008601,-0.63397,-0.013818,-0.017997,0.304858,0.0,,,,,,,,,,
,,,,,,,,,,1968.0,169750532.0,0.773306,-0.003603,-0.008612,-0.633965,0.002235,-0.007654,0.272369,0.0,,,,,,,,,,
,,,,,,,,,,1969.0,169767199.0,0.773304,-0.003602,-0.008606,-0.633967,-0.009311,0.001862,0.27939,0.0,,,,,,,,,,
,,,,,,,,,,1970.0,169783866.0,0.773302,-0.003606,-0.008593,-0.633969,0.005815,0.013416,0.256548,0.0,,,,,,,,,,
,,,,,,,,,,1971.0,169800533.0,0.773308,-0.003622,-0.008562,-0.633963,-0.023349,0.00934,0.292917,0.0,,,,,,,,,,
,,,,,,,,,,1972.0,169817200.0,0.773311,-0.003634,-0.008561,-0.633959,-0.040508,0.020058,0.288753,0.0,,,,,,,,,,
,,,,,,,,,,1973.0,169833867.0,0.773316,-0.003647,-0.008558,-0.633953,-0.038369,0.017252,0.269644,0.0,,,,,,,,,,
,,,,,,,,,,1974.0,169850534.0,0.773319,-0.003637,-0.008564,-0.633949,-0.054165,0.020198,0.257051,0.0,,,,,,,,,,
,,,,,,,,,,1975.0,169867201.0,0.773323,-0.00364,-0.008573,-0.633944,-0.035105,0.00143,0.261324,0.0,,,,,,,,,,
,,,,,,,,,,1976.0,169883868.0,0.773322,-0.003628,-0.008589,-0.633945,-0.024198,-0.014591,0.271978,0.0,,,,,,,,,,
,,,,,,,,,,1977.0,169900535.0,0.773327,-0.003629,-0.008611,-0.633939,-0.002081,-0.018105,0.277263,0.0,,,,,,,,,,
,,,,,,,,,,1978.0,169917202.0,0.773332,-0.003636,-0.008617,-0.633932,-0.001549,-0.015987,0.248221,0.0,,,,,,,,,,
,,,,,,,,,,1979.0,169933869.0,0.773327,-0.003647,-0.008626,-0.633938,-0.012927,-0.008764,0.29685,0.0,,,,,,,,,,
,,,,,,,,,,1980.0,169950536.0,0.773324,-0.003632,-0.008579,-0.633943,-0.010625,-0.005717,0.239254,0.0,,,,,,,,,,
,,,,,,,,,,1981.0,169967203.0,0.773323,-0.003653,-0.008594,-0.633944,-0.044355,-0.014486,0.271607,0.0,,,,,,,,,,
,,,,,,,,,,1982.0,169983870.0,0.773325,-0.003645,-0.008572,-0.633941,-0.030437,0.020001,0.329104,0.0,,,,,,,,,,
,,,,,,,,,,1983.0,170000537.0,0.773328,-0.00366,-0.008577,-0.633937,-0.040807,0.021933,0.250651,0.0,,,,,,,,,,
,,,,,,,,,,1984.0,170017204.0,0.773332,-0.003645,-0.008582,-0.633933,-0.028565,0.01136,0.25441,0.0,,,,,,,,,,
,,,,,,,,,,1985.0,170033871.0,0.773328,-0.00365,-0.008595,-0.633937,-0.020398,0.015203,0.281568,0.0,,,,,,,,,,
,,,,,,,,,,1986.0,170050538.0,0.773326,-0.003644,-0.00862,-0.63394,-0.004559,-0.000964,0.257904,0.0,,,,,,,,,,
,,,,,,,,,,1987.0,170067205.0,0.77333,-0.003662,-0.008609,-0.633934,-0.010743,0.007972,0.258696,0.0,,,,,,,,,,
,,,,,,,,,,1988.0,170083872.0,0.773334,-0.003664,-0.008618,-0.63393,-0.01077,-0.000894,0.247669,0.0,,,,,,,,,,
,,,,,,,,,,1989.0,170100539.0,0.773333,-0.003682,-0.008617,-0.63393,-0.019457,-0.00991,0.252667,0.0,,,,,,,,,,
,,,,,,,,,,1990.0,170117206.0,0.773339,-0.003692,-0.00861,-0.633923,-0.024324,-0.005584,0.25235,0.0,,,,,,,,,,
,,,,,,,,,,1991.0,170133873.0,0.773338,-0.003698,-0.00861,-0.633925,-0.035087,-0.005743,0.291489,0.0,,,,,,,,,,
,,,,,,,,,,1992.0,170150540.0,0.773336,-0.003704,-0.008611,-0.633927,-0.029458,-0.007781,0.273925,0.0,,,,,,,,,,
,,,,,,,,,,1993.0,170167207.0,0.773341,-0.003692,-0.008626,-0.63392,-0.041318,-0.00649,0.257943,0.0,,,,,,,,,,
,,,,,,,,,,1994.0,170183874.0,0.773342,-0.003687,-0.008627,-0.633919,-0.013206,-0.00066,0.274054,0.0,,,,,,,,,,
,,,,,,,,,,1995.0,170200541.0,0.773344,-0.003677,-0.008645,-0.633917,-0.009464,0.01542,0.264406,0.0,,,,,,,,,,
,,,,,,,,,,1996.0,170217208.0,0.773342,-0.003674,-0.008654,-0.63392,-0.007981,0.026379,0.284928,0.0,,,,,,,,,,
,,,,,,,,,,1997.0,170233875.0,0.773341,-0.003665,-0.008664,-0.633921,0.000159,0.022363,0.280731,0.0,,,,,,,,,,
,,,,,,,,,,1998.0,170250542.0,0.773341,-0.003676,-0.00866,-0.63392,-0.003173,0.019481,0.277096,0.0,,,,,,,,,,
,,,,,,,,,,1999.0,170267209.0,0.773345,-0.003687,-0.008652,-0.633916,-0.021109,0.013144,0.252131,0.0,,,,,,,,,,
,,,,,,,,,,2000.0,170283876.0,0.773348,-0.003697,-0.008641,-0.633913,-0.026962,0.017555,0.279502,0.0,,,,,,,,,,
,,,,,,,,,,2001.0,170300543.0,0.77335,-0.003713,-0.008639,-0.63391,-0.036658,0.011081,0.294189,0.0,,,,,,,,,,
,,,,,,,,,,2002.0,170317210.0,0.773353,-0.003701,-0.008643,-0.633906,-0.035086,-0.003203,0.258262,0.0,,,,,,,,,,
,,,,,,,,,,2003.0,170333877.0,0.773351,-0.0037,-0.008643,-0.633909,-0.031227,-0.007717,0.286298,0.0,,,,,,,,,,
,,,,,,,,,,2004.0,170350544.0,0.77335,-0.003691,-0.008657,-0.63391,-0.026316,-0.013681,0.252345,0.0,,,,,,,,,,
,,,,,,,,,,2005.0,170367211.0,0.773361,-0.003681,-0.008662,-0.633896,-0.002675,-0.008871,0.257818,0.0,,,,,,,,,,
,,,,,,,,,,2006.0,170383878.0,0.773361,-0.003668,-0.008658,-0.633896,-0.01177,-0.00862,0.286435,0.0,,,,,,,,,,
,,,,,,,,,,2007.0,170400545.0,0.773367,-0.003665,-0.008648,-0.633889,0.001231,0.009207,0.258195,0.0,,,,,,,,,,
,,,,,,,,,,2008.0,170417212.0,0.773365,-0.003663,-0.008637,-0.633892,-0.024495,0.011665,0.274752,0.0,,,,,,,,,,
,,,,,,,,,,2009.0,170433879.0,0.773367,-0.00367,-0.008619,-0.63389,-0.040563,0.017629,0.272964,0.0,,,,,,,,,,
,,,,,,,,,,2010.0,170450546.0,0.773367,-0.003673,-0.008615,-0.63389,-0.042752,0.027183,0.281075,0.0,,,,,,,,,,
,,,,,,,,,,2011.0,170467213.0,0.773372,-0.003675,-0.008619,-0.633884,-0.031787,0.009465,0.276103,0.0,,,,,,,,,,
,,,,,,,,,,2012.0,170483880.0,0.773378,-0.00367,-0.008638,-0.633875,-0.04693,0.005723,0.248899,0.0,,,,,,,,,,
,,,,,,,,,,2013.0,170500547.0,0.773387,-0.00366,-0.008667,-0.633865,-0.030434,-0.000471,0.285378,0.0,,,,,,,,,,
,,,,,,,,,,2014.0,170517214.0,0.773393,-0.003671,-0.008682,-0.633856,-0.025901,-0.019846,0.28835,0.0,,,,,,,,,,
,,,,,,,,,,2015.0,170533881.0,0.773394,-0.003674,-0.008697,-0.633856,-0.004108,-0.004406,0.281004,0.0,,,,,,,,,,
,,,,,,,,,,2016.0,170550548.0,0.773392,-0.003684,-0.008694,-0.633858,-0.009323,-0.004009,0.254804,0.0,,,,,,,,,,
,,,,,,,,,,2017.0,170567215.0,0.773389,-0.003688,-0.008697,-0.633861,-0.019601,-0.002654,0.271803,0.0,,,,,,,,,,
,,,,,,,,,,2018.0,170583882.0,0.773392,-0.003685,-0.008683,-0.633858,-0.030361,-0.007245,0.281774,0.0,,,,,,,,,,
,,,,,,,,,,2019.0,170600549.0,0.773399,-0.003692,-0.008673,-0.633849,-0.04496,-0.003375,0.269568,0.0,,,,,,,,,,
,,,,,,,,,,2020.0,170617216.0,0.773405,-0.003684,-0.008669,-0.633842,-0.038757,0.022933,0.262819,0.0,,,,,,,,,,
,,,,,,,,,,2021.0,170633883.0,0.773412,-0.003675,-0.008673,-0.633833,-0.025105,0.018374,0.284894,0.0,,,,,,,,,,
,,,,,,,,,,2022.0,170650550.0,0.773414,-0.003665,-0.008689,-0.633831,-0.01712,0.019976,0.273412,0.0,,,,,,,,,,
,,,,,,,,,,2023.0,170667217.0,0.773408,-0.003661,-0.008701,-0.633838,-0.02336,0.013677,0.282081,0.0,,,,,,,,,,
,,,,,,,,,,2024.0,170683884.0,0.773412,-0.003657,-0.008705,-0.633833,-0.004382,0.015301,0.268942,0.0,,,,,,,,,,
,,,,,,,,,,2025.0,170700551.0,0.773416,-0.003668,-0.008711,-0.633828,-0.011464,0.010229,0.269249,0.0,,,,,,,,,,
,,,,,,,,,,2026.0,170717218.0,0.773421,-0.003692,-0.008714,-0.633822,-0.017929,0.008821,0.268244,0.0,,,,,,,,,,
,,,,,,,,,,2027.0,170733885.0,0.773423,-0.003705,-0.008707,-0.63382,-0.012869,0.00683,0.286356,0.0,,,,,,,,,,
,,,,,,,,,,2028.0,170750552.0,0.773422,-0.00372,-0.008705,-0.633821,-0.030803,0.00164,0.294578,0.0,,,,,,,,,,
,,,,,,,,,,2029.0,170767219.0,0.773427,-0.003717,-0.008707,-0.633815,-0.041506,-0.008646,0.275661,0.0,,,,,,,,,,
,,,,,,,,,,2030.0,170783886.0,0.773428,-0.003716,-0.008712,-0.633814,-0.040572,-0.01881,0.265141,0.0,,,,,,,,,,
,,,,,,,,,,2031.0,170800553.0,0.773426,-0.003698,-0.008726,-0.633816,-0.012938,-0.004196,0.248467,0.0,,,,,,,,,,
,,,,,,,,,,2032.0,170817220.0,0.773431,-0.00368,-0.008731,-0.63381,-0.010579,0.018935,0.287396,0.0,,,,,,,,,,
,,,,,,,,,,2033.0,170833887.0,0.773436,-0.003673,-0.008735,-0.633804,-0.013501,0.015057,0.274397,0.0,,,,,,,,,,
,,,,,,,,,,2034.0,170850554.0,0.773432,-0.003669,-0.008728,-0.633809,-0.003525,0.0196,0.302746,0.0,,,,,,,,,,
,,,,,,,,,,2035.0,170867221.0,0.773435,-0.003667,-0.008719,-0.633805,-0.013576,0.035772,0.273426,0.0,,,,,,,,,,
,,,,,,,,,,2036.0,170883888.0,0.773441,-0.003666,-0.008707,-0.633798,-0.025686,0.018878,0.244923,0.0,,,,,,,,,,
,,,,,,,,,,2037.0,170900555.0,0.773442,-0.003685,-0.008709,-0.633796,-0.011779,0.005985,0.254539,0.0,,,,,,,,,,
,,,,,,,,,,2038.0,170917222.0,0.773445,-0.003692,-0.008703,-0.633793,-0.027109,0.005063,0.273188,0.0,,,,,,,,,,
,,,,,,,,,,2039.0,170933889.0,0.773443,-0.003704,-0.008697,-0.633796,-0.038706,0.001598,0.276009,0.0,,,,,,,,,,
,,,,,,,,,,2040.0,170950556.0,0.773441,-0.003697,-0.008713,-0.633797,-0.020379,0.000342,0.282164,0.0,,,,,,,,,,
,,,,,,,,,,2041.0,170967223.0,0.773444,-0.003696,-0.008724,-0.633794,-0.02969,0.013723,0.287753,0.0,,,,,,,,,,
,,,,,,,,,,2042.0,170983890.0,0.773452,-0.003683,-0.008745,-0.633784,-0.025241,-0.009634,0.266833,0.0,,,,,,,,,,
,,,,,,,,,,2043.0,171000557.0,0.77346,-0.003688,-0.008736,-0.633774,-0.012116,-0.015018,0.275631,0.0,,,,,,,,,,
,,,,,,,,,,2044.0,171017224.0,0.773456,-0.003684,-0.008733,-0.633779,-0.005812,0.001522,0.279839,0.0,,,,,,,,,,
,,,,,,,,,,2045.0,171033891.0,0.773459,-0.003688,-0.008702,-0.633776,-0.025699,0.008245,0.273996,0.0,,,,,,,,,,
,,,,,,,,,,2046.0,171050558.0,0.773462,-0.003697,-0.008669,-0.633772,-0.047736,0.008022,0.306952,0.0,,,,,,,,,,
,,,,,,,,,,2047.0,171067225.0,0.773467,-0.003651,-0.008706,-0.633766,-0.024415,0.014234,0.294859,0.0,,,,,,,,,,
,,,,,,,,,,2048.0,171083892.0,0.77347,-0.003659,-0.00871,-0.633762,-0.012128,0.015114,0.278407,0.0,,,,,,,,,,
,,,,,,,,,,2049.0,171100559.0,0.773466,-0.003626,-0.008738,-0.633767,-0.006727,0.01978,0.274716,0.0,,,,,,,,,,
,,,,,,,,,,2050.0,171117226.0,0.773468,-0.00362,-0.008753,-0.633765,0.013872,0.018889,0.261127,0.0,,,,,,,,,,
,,,,,,,,,,2051.0,171133893.0,0.773462,-0.003623,-0.008729,-0.633772,0.001563,0.011606,0.286952,0.0,,,,,,,,,,
,,,,,,,,,,2052.0,171150560.0,0.773465,-0.003627,-0.008734,-0.633768,-0.016278,0.008363,0.27319,0.0,,,,,,,,,,
,,,,,,,,,,2053.0,171167227.0,0.773466,-0.00363,-0.008709,-0.633768,-0.034211,0.000477,0.252869,0.0,,,,,,,,,,
,,,,,,,,,,2054.0,171183894.0,0.773469,-0.003642,-0.008713,-0.633764,-0.055037,0.005228,0.253537,0.0,,,,,,,,,,
,,,,,,,,,,2055.0,171200561.0,0.773471,-0.003631,-0.008718,-0.633762,-0.053462,-0.007283,0.262137,0.0,,,,,,,,,,
,,,,,,,,,,2056.0,171217228.0,0.773463,-0.003612,-0.008737,-0.633771,-0.052167,0.004083,0.281523,0.0,,,,,,,,,,
,,,,,,,,,,2057.0,171233895.0,0.773465,-0.003611,-0.008753,-0.633768,-0.028513,-0.006622,0.278749,0.0,,,,,,,,,,
,,,,,,,,,,2058.0,171250562.0,0.773464,-0.003603,-0.008768,-0.633769,0.002298,0.000437,0.258523,0.0,,,,,,,,,,
,,,,,,,,,,2059.0,171267229.0,0.773466,-0.003598,-0.008765,-0.633767,0.004247,0.000633,0.262612,0.0,,,,,,,,,,
,,,,,,,,,,2060.0,171283896.0,0.773466,-0.003595,-0.008757,-0.633767,-0.019791,-0.006623,0.265534,0.0,,,,,,,,,,
,,,,,,,,,,2061.0,171300563.0,0.773464,-0.003587,-0.008749,-0.63377,-0.023308,0.008156,0.279825,0.0,,,,,,,,,,
,,,,,,,,,,2062.0,171317230.0,0.773468,-0.003586,-0.008736,-0.633764,-0.028476,0.013964,0.269266,0.0,,,,,,,,,,
,,,,,,,,,,2063.0,171333897.0,0.773471,-0.003586,-0.008739,-0.633762,-0.032711,0.006371,0.25983,0.0,,,,,,,,,,
,,,,,,,,,,2064.0,171350564.0,0.773478,-0.003586,-0.008744,-0.633753,-0.041293,-0.003535,0.273037,0.0,,,,,,,,,,
,,,,,,,,,,2065.0,171367231.0,0.773481,-0.003585,-0.008755,-0.633748,-0.044932,0.001298,0.256554,0.0,,,,,,,,,,
,,,,,,,,,,2066.0,171383898.0,0.773478,-0.003581,-0.008768,-0.633753,-0.041271,-0.00933,0.271454,0.0,,,,,,,,,,
,,,,,,,,,,2067.0,171400565.0,0.773476,-0.003576,-0.008773,-0.633754,-0.034149,0.000665,0.282992,0.0,,,,,,,,,,
,,,,,,,,,,2068.0,171417232.0,0.773481,-0.003563,-0.00878,-0.633748,-0.010592,-0.004881,0.264538,0.0,,,,,,,,,,
,,,,,,,,,,2069.0,171433899.0,0.773483,-0.003557,-0.008776,-0.633746,0.000579,0.018018,0.285416,0.0,,,,,,,,,,
,,,,,,,,,,2070.0,171450566.0,0.773495,-0.003554,-0.008772,-0.633732,-0.009774,0.00243,0.261598,0.0,,,,,,,,,,
,,,,,,,,,,2071.0,171467233.0,0.773499,-0.003564,-0.008763,-0.633727,-0.016242,0.018148,0.243689,0.0,,,,,,,,,,
,,,,,,,,,,2072.0,171483900.0,0.773496,-0.003572,-0.008753,-0.633731,-0.022341,0.0185,0.250809,0.0,,,,,,,,,,
,,,,,,,,,,2073.0,171500567.0,0.773496,-0.00358,-0.008736,-0.633731,-0.045633,0.010114,0.309281,0.0,,,,,,,,,,
,,,,,,,,,,2074.0,171517234.0,0.773498,-0.003591,-0.008736,-0.633728,-0.044913,0.024116,0.292878,0.0,,,,,,,,,,
,,,,,,,,,,2075.0,171533901.0,0.773498,-0.003608,-0.008743,-0.633729,-0.033932,-0.001005,0.277143,0.0,,,,,,,,,,
,,,,,,,,,,2076.0,171550568.0,0.773504,-0.003609,-0.008761,-0.633721,-0.044948,-0.005541,0.261744,0.0,,,,,,,,,,
,,,,,,,,,,2077.0,171567235.0,0.77351,-0.003604,-0.00878,-0.633713,-0.021364,-0.025717,0.253675,0.0,,,,,,,,,,
,,,,,,,,,,2078.0,171583902.0,0.773511,-0.003609,-0.008795,-0.633711,-0.01753,-0.010161,0.281496,0.0,,,,,,,,,,
,,,,,,,,,,2079.0,171600569.0,0.773514,-0.003605,-0.008785,-0.633708,0.002853,-0.009659,0.276163,0.0,,,,,,,,,,
,,,,,,,,,,2080.0,171617236.0,0.773514,-0.003613,-0.008766,-0.633708,-0.021097,-0.003961,0.285215,0.0,,,,,,,,,,
,,,,,,,,,,2081.0,171633903.0,0.773511,-0.003611,-0.008741,-0.633712,-0.021303,-0.001902,0.263753,0.0,,,,,,,,,,
,,,,,,,,,,2082.0,171650570.0,0.773518,-0.003619,-0.008726,-0.633703,-0.049468,0.019123,0.267275,0.0,,,,,,,,,,
,,,,,,,,,,2083.0,171667237.0,0.773516,-0.003616,-0.008732,-0.633706,-0.055056,0.026269,0.269857,0.0,,,,,,,,,,
,,,,,,,,,,2084.0,171683904.0,0.773519,-0.003608,-0.008749,-0.633703,-0.03865,0.020514,0.265562,0.0,,,,,,,,,,
,,,,,,,,,,2085.0,171700571.0,0.77352,-0.003591,-0.008783,-0.6337,-0.012545,0.01147,0.275052,0.0,,,,,,,,,,
,,,,,,,,,,2086.0,171717238.0,0.773527,-0.003583,-0.008806,-0.633692,-0.020329,-0.001223,0.30195,0.0,,,,,,,,,,
,,,,,,,,,,2087.0,171733905.0,0.773529,-0.003587,-0.008829,-0.633689,0.004611,0.001621,0.270548,0.0,,,,,,,,,,
,,,,,,,,,,2088.0,171750572.0,0.773529,-0.003597,-0.008814,-0.633689,0.016035,-0.014365,0.249635,0.0,,,,,,,,,,
,,,,,,,,,,2089.0,171767239.0,0.773528,-0.003614,-0.008789,-0.633691,-0.008888,-0.013961,0.256394,0.0,,,,,,,,,,
,,,,,,,,,,2090.0,171783906.0,0.773534,-0.003633,-0.008768,-0.633684,-0.037005,-0.013643,0.284551,0.0,,,,,,,,,,
,,,,,,,,,,2091.0,171800573.0,0.77354,-0.003643,-0.008749,-0.633677,-0.064455,-0.003781,0.287624,0.0,,,,,,,,,,
,,,,,,,,,,2092.0,171817240.0,0.773541,-0.00364,-0.008754,-0.633675,-0.06544,-0.004409,0.27118,0.0,,,,,,,,,,
,,,,,,,,,,2093.0,171833907.0,0.773549,-0.003632,-0.008767,-0.633666,-0.054073,-0.003244,0.246346,0.0,,,,,,,,,,
,,,,,,,,,,2094.0,171850574.0,0.773555,-0.003629,-0.008795,-0.633658,-0.028472,0.00546,0.20793,0.0,,,,,,,,,,
,,,,,,,,,,2095.0,171867241.0,0.773563,-0.003603,-0.008805,-0.633648,-0.011735,0.019528,0.306473,0.0,,,,,,,,,,
,,,,,,,,,,2096.0,171883908.0,0.773568,-0.003605,-0.008814,-0.633642,0.001298,0.009693,0.258292,0.0,,,,,,,,,,
,,,,,,,,,,2097.0,171900575.0,0.773564,-0.003599,-0.00882,-0.633646,-0.006973,0.025615,0.268806,0.0,,,,,,,,,,
,,,,,,,,,,2098.0,171917242.0,0.773568,-0.003621,-0.008819,-0.633641,-0.00727,0.020486,0.256747,0.0,,,,,,,,,,
,,,,,,,,,,2099.0,171933909.0,0.77357,-0.003625,-0.008799,-0.63364,-0.03186,0.026752,0.304944,0.0,,,,,,,,,,
,,,,,,,,,,2100.0,171950576.0,0.773574,-0.003647,-0.008782,-0.633634,-0.033416,0.009361,0.267589,0.0,,,,,,,,,,
,,,,,,,,,,2101.0,171967243.0,0.773577,-0.003638,-0.008775,-0.633631,-0.035955,-0.009123,0.262599,0.0,,,,,,,,,,
,,,,,,,,,,2102.0,171983910.0,0.773578,-0.003643,-0.008789,-0.63363,-0.036857,-0.007757,0.304926,0.0,,,,,,,,,,
,,,,,,,,,,2103.0,172000577.0,0.773576,-0.003636,-0.008807,-0.633631,-0.013957,-0.015702,0.244351,0.0,,,,,,,,,,
,,,,,,,,,,2104.0,172017244.0,0.773577,-0.003621,-0.008827,-0.633631,-0.032375,-0.020132,0.280742,0.0,,,,,,,,,,
,,,,,,,,,,2105.0,172033911.0,0.773576,-0.003623,-0.008818,-0.633632,-0.008579,-0.00858,0.248799,0.0,,,,,,,,,,
,,,,,,,,,,2106.0,172050578.0,0.773575,-0.003609,-0.00881,-0.633633,-0.010063,0.008972,0.272036,0.0,,,,,,,,,,
,,,,,,,,,,2107.0,172067245.0,0.773578,-0.003621,-0.008789,-0.63363,-0.025593,0.017997,0.269382,0.0,,,,,,,,,,
,,,,,,,,,,2108.0,172083912.0,0.773586,-0.003611,-0.008786,-0.63362,-0.03059,0.022862,0.264729,0.0,,,,,,,,,,
,,,,,,,,,,2109.0,172100579.0,0.773584,-0.003618,-0.008786,-0.633623,-0.032889,0.023171,0.281308,0.0,,,,,,,,,,
,,,,,,,,,,2110.0,172117246.0,0.773585,-0.003598,-0.008798,-0.633622,-0.037717,0.037485,0.33747,0.0,,,,,,,,,,
,,,,,,,,,,2111.0,172133913.0,0.773583,-0.003614,-0.008814,-0.633623,-0.01234,0.003895,0.232853,0.0,,,,,,,,,,
,,,,,,,,,,2112.0,172150580.0,0.773571,-0.003593,-0.008814,-0.633638,-0.019013,-0.001909,0.258944,0.0,,,,,,,,,,
,,,,,,,,,,2113.0,172167247.0,0.773571,-0.003589,-0.008822,-0.633638,-0.026376,-0.007904,0.275606,0.0,,,,,,,,,,
,,,,,,,,,,2114.0,172183914.0,0.773571,-0.003603,-0.008819,-0.633638,-0.023612,-0.007358,0.266831,0.0,,,,,,,,,,
,,,,,,,,,,2115.0,172200581.0,0.77358,-0.003599,-0.008823,-0.633627,-0.024125,0.003385,0.318052,0.0,,,,,,,,,,
,,,,,,,,,,2116.0,172217248.0,0.773587,-0.003619,-0.008805,-0.633619,-0.031575,-0.002576,0.218999,0.0,,,,,,,,,,
,,,,,,,,,,2117.0,172233915.0,0.773586,-0.003602,-0.008813,-0.63362,-0.040316,0.01121,0.28997,0.0,,,,,,,,,,
,,,,,,,,,,2118.0,172250582.0,0.773588,-0.003613,-0.00879,-0.633617,-0.039578,0.019336,0.263237,0.0,,,,,,,,,,
,,,,,,,,,,2119.0,172267249.0,0.773587,-0.003588,-0.00881,-0.633618,-0.035109,0.015847,0.248462,0.0,,,,,,,,,,
,,,,,,,,,,2120.0,172283916.0,0.773587,-0.003582,-0.008807,-0.633618,-0.014898,0.020044,0.313396,0.0,,,,,,,,,,
,,,,,,,,,,2121.0,172300583.0,0.773596,-0.003564,-0.008812,-0.633608,-0.01431,0.021229,0.259028,0.0,,,,,,,,,,
,,,,,,,,,,2122.0,172317250.0,0.773598,-0.003581,-0.008782,-0.633605,-0.024316,0.013756,0.232746,0.0,,,,,,,,,,
,,,,,,,,,,2123.0,172333917.0,0.7736,-0.003605,-0.008746,-0.633603,-0.066555,0.032013,0.290058,0.0,,,,,,,,,,
,,,,,,,,,,2124.0,172350584.0,0.773615,-0.003599,-0.008805,-0.633585,-0.029044,-0.005277,0.289139,0.0,,,,,,,,,,
,,,,,,,,,,2125.0,172367251.0,0.773625,-0.003618,-0.008795,-0.633572,-0.025866,-0.010044,0.257493,0.0,,,,,,,,,,
,,,,,,,,,,2126.0,172383918.0,0.773638,-0.003594,-0.008849,-0.633556,-0.004044,-0.021957,0.269019,0.0,,,,,,,,,,
,,,,,,,,,,2127.0,172400585.0,0.773642,-0.003597,-0.008833,-0.633552,-0.015896,-0.03734,0.283162,0.0,,,,,,,,,,
,,,,,,,,,,2128.0,172417252.0,0.773645,-0.003589,-0.008843,-0.633548,-0.00858,-0.030497,0.238457,0.0,,,,,,,,,,
,,,,,,,,,,2129.0,172433919.0,0.773647,-0.003593,-0.008797,-0.633546,-0.027978,-0.003231,0.297923,0.0,,,,,,,,,,
,,,,,,,,,,2130.0,172450586.0,0.773646,-0.00358,-0.008776,-0.633547,-0.043502,0.009169,0.282625,0.0,,,,,,,,,,
,,,,,,,,,,2131.0,172467253.0,0.773651,-0.00358,-0.00876,-0.633541,-0.04689,0.018957,0.236423,0.0,,,,,,,,,,
,,,,,,,,,,2132.0,172483920.0,0.773665,-0.003572,-0.008763,-0.633524,-0.057296,0.037411,0.270026,0.0,,,,,,,,,,
,,,,,,,,,,2133.0,172500587.0,0.773669,-0.003554,-0.008789,-0.633519,-0.035752,0.035473,0.279513,0.0,,,,,,,,,,
,,,,,,,,,,2134.0,172517254.0,0.773666,-0.003542,-0.008808,-0.633522,-0.028642,0.045911,0.256981,0.0,,,,,,,,,,
,,,,,,,,,,2135.0,172533921.0,0.773672,-0.003544,-0.008828,-0.633515,-0.007042,0.017835,0.263953,0.0,,,,,,,,,,
,,,,,,,,,,2136.0,172550588.0,0.77367,-0.00355,-0.008831,-0.633518,0.001835,0.011446,0.285407,0.0,,,,,,,,,,
,,,,,,,,,,2137.0,172567255.0,0.773667,-0.003564,-0.008828,-0.633521,-0.009254,0.009393,0.252037,0.0,,,,,,,,,,
,,,,,,,,,,2138.0,172583922.0,0.77366,-0.003582,-0.008828,-0.633529,-0.033714,-0.024842,0.25701,0.0,,,,,,,,,,
,,,,,,,,,,2139.0,172600589.0,0.773665,-0.00361,-0.008834,-0.633524,-0.025649,-0.022942,0.246968,0.0,,,,,,,,,,
,,,,,,,,,,2140.0,172617256.0,0.773667,-0.003633,-0.008835,-0.63352,-0.037221,-0.042624,0.258462,0.0,,,,,,,,,,
,,,,,,,,,,2141.0,172633923.0,0.773674,-0.003628,-0.008835,-0.633512,-0.031776,-0.035655,0.289127,0.0,,,,,,,,,,
,,,,,,,,,,2142.0,172650590.0,0.773674,-0.003619,-0.008838,-0.633512,-0.030823,-0.006347,0.312436,0.0,,,,,,,,,,
,,,,,,,,,,2143.0,172667257.0,0.773676,-0.003604,-0.008836,-0.63351,-0.039732,0.010024,0.283335,0.0,,,,,,,,,,
,,,,,,,,,,2144.0,172683924.0,0.773678,-0.00358,-0.008821,-0.633508,-0.037408,0.019376,0.26368,0.0,,,,,,,,,,
,,,,,,,,,,2145.0,172700591.0,0.773679,-0.003566,-0.008809,-0.633506,-0.036691,0.035377,0.248025,0.0,,,,,,,,,,
,,,,,,,,,,2146.0,172717258.0,0.77368,-0.00356,-0.008809,-0.633505,-0.030372,0.036551,0.280105,0.0,,,,,,,,,,
,,,,,,,,,,2147.0,172733925.0,0.773682,-0.00356,-0.008822,-0.633502,-0.021245,0.044823,0.293842,0.0,,,,,,,,,,
,,,,,,,,,,2148.0,172750592.0,0.773698,-0.003571,-0.008836,-0.633483,-0.008166,0.020884,0.278814,0.0,,,,,,,,,,
,,,,,,,,,,2149.0,172767259.0,0.773697,-0.003586,-0.00883,-0.633484,-0.008628,-0.005464,0.282569,0.0,,,,,,,,,,
,,,,,,,,,,2150.0,172783926.0,0.77369,-0.003594,-0.008826,-0.633493,-0.023514,-0.019274,0.259837,0.0,,,,,,,,,,
,,,,,,,,,,2151.0,172800593.0,0.773688,-0.003606,-0.008821,-0.633495,-0.049668,-0.023087,0.252005,0.0,,,,,,,,,,
,,,,,,,,,,2152.0,172817260.0,0.773689,-0.003618,-0.008809,-0.633494,-0.050375,-0.014496,0.242019,0.0,,,,,,,,,,
,,,,,,,,,,2153.0,172833927.0,0.773687,-0.003599,-0.008792,-0.633497,-0.058127,-0.009357,0.276671,0.0,,,,,,,,,,
,,,,,,,,,,2154.0,172850594.0,0.773691,-0.003588,-0.008803,-0.633492,-0.038641,-0.01231,0.285328,0.0,,,,,,,,,,
,,,,,,,,,,2155.0,172867261.0,0.773688,-0.003568,-0.008811,-0.633496,-0.021646,0.004955,0.277501,0.0,,,,,,,,,,
,,,,,,,,,,2156.0,172883928.0,0.773696,-0.003554,-0.008824,-0.633486,-0.001189,0.01388,0.271032,0.0,,,,,,,,,,
,,,,,,,,,,2157.0,172900595.0,0.773698,-0.003554,-0.00882,-0.633484,0.003862,0.019406,0.277291,0.0,,,,,,,,,,
,,,,,,,,,,2158.0,172917262.0,0.773691,-0.003558,-0.008809,-0.633492,-0.002771,0.028192,0.293022,0.0,,,,,,,,,,
,,,,,,,,,,2159.0,172933929.0,0.77369,-0.003564,-0.008792,-0.633493,-0.024304,0.035272,0.270268,0.0,,,,,,,,,,
,,,,,,,,,,2160.0,172950596.0,0.773684,-0.003569,-0.008775,-0.633501,-0.04067,0.040286,0.28702,0.0,,,,,,,,,,
,,,,,,,,,,2161.0,172967263.0,0.773693,-0.003589,-0.00878,-0.63349,-0.037149,0.018598,0.278617,0.0,,,,,,,,,,
,,,,,,,,,,2162.0,172983930.0,0.773694,-0.003588,-0.008797,-0.633488,-0.060142,-0.008816,0.25343,0.0,,,,,,,,,,
,,,,,,,,,,2163.0,173000597.0,0.773702,-0.003591,-0.008812,-0.633479,-0.036987,-0.01171,0.27819,0.0,,,,,,,,,,
,,,,,,,,,,2164.0,173017264.0,0.773706,-0.003575,-0.008823,-0.633473,-0.024551,-0.013209,0.272876,0.0,,,,,,,,,,
,,,,,,,,,,2165.0,173033931.0,0.773713,-0.003574,-0.008832,-0.633465,-0.012585,-0.028359,0.275896,0.0,,,,,,,,,,
,,,,,,,,,,2166.0,173050598.0,0.773709,-0.003567,-0.008821,-0.63347,-0.015512,-0.028648,0.256653,0.0,,,,,,,,,,
,,,,,,,,,,2167.0,173067265.0,0.773708,-0.00355,-0.008811,-0.633471,-0.02313,-0.029659,0.266402,0.0,,,,,,,,,,
,,,,,,,,,,2168.0,173083932.0,0.773706,-0.003542,-0.008798,-0.633473,-0.029757,0.002036,0.263419,0.0,,,,,,,,,,
,,,,,,,,,,2169.0,173100599.0,0.773708,-0.00354,-0.008782,-0.633472,-0.026117,0.023053,0.245242,0.0,,,,,,,,,,
,,,,,,,,,,2170.0,173117266.0,0.773714,-0.003537,-0.008767,-0.633465,-0.034958,0.031086,0.275725,0.0,,,,,,,,,,
,,,,,,,,,,2171.0,173133933.0,0.773714,-0.003539,-0.00877,-0.633465,-0.038074,0.031168,0.274815,0.0,,,,,,,,,,
,,,,,,,,,,2172.0,173150600.0,0.773718,-0.003543,-0.008777,-0.63346,-0.027298,0.034629,0.256034,0.0,,,,,,,,,,
,,,,,,,,,,2173.0,173167267.0,0.773721,-0.003545,-0.008784,-0.633455,-0.03459,0.016079,0.262863,0.0,,,,,,,,,,
,,,,,,,,,,2174.0,173183934.0,0.773722,-0.003558,-0.008789,-0.633454,-0.010237,-0.002629,0.269947,0.0,,,,,,,,,,
,,,,,,,,,,2175.0,173200601.0,0.77372,-0.003558,-0.008801,-0.633456,-0.028129,-0.012048,0.26287,0.0,,,,,,,,,,
,,,,,,,,,,2176.0,173217268.0,0.773726,-0.003576,-0.008812,-0.633449,-0.022569,-0.007432,0.289156,0.0,,,,,,,,,,
,,,,,,,,,,2177.0,173233935.0,0.773722,-0.003588,-0.008826,-0.633454,-0.024139,-0.017783,0.271613,0.0,,,,,,,,,,
,,,,,,,,,,2178.0,173250602.0,0.773732,-0.003581,-0.008826,-0.633441,-0.026322,-0.019564,0.27595,0.0,,,,,,,,,,
,,,,,,,,,,2179.0,173267269.0,0.773733,-0.00357,-0.008822,-0.63344,-0.028604,-0.014001,0.283499,0.0,,,,,,,,,,
,,,,,,,,,,2180.0,173283936.0,0.77374,-0.003554,-0.00882,-0.633432,-0.034052,-0.010605,0.273428,0.0,,,,,,,,,,
,,,,,,,,,,2181.0,173300603.0,0.773744,-0.003551,-0.008814,-0.633427,-0.040793,0.014229,0.275841,0.0,,,,,,,,,,
,,,,,,,,,,2182.0,173317270.0,0.773746,-0.003535,-0.008818,-0.633424,-0.033557,0.02631,0.258426,0.0,,,,,,,,,,
,,,,,,,,,,2183.0,173333937.0,0.773746,-0.003531,-0.008818,-0.633425,-0.028432,0.027837,0.267159,0.0,,,,,,,,,,
,,,,,,,,,,2184.0,173350604.0,0.773746,-0.003532,-0.008821,-0.633425,-0.022333,0.035154,0.284812,0.0,,,,,,,,,,
,,,,,,,,,,2185.0,173367271.0,0.773749,-0.003545,-0.008822,-0.633421,-0.027189,0.033479,0.260587,0.0,,,,,,,,,,
,,,,,,,,,,2186.0,173383938.0,0.773755,-0.003552,-0.008822,-0.633414,-0.028511,0.018781,0.273113,0.0,,,,,,,,,,
,,,,,,,,,,2187.0,173400605.0,0.773754,-0.003565,-0.008818,-0.633415,-0.018423,-0.001536,0.246801,0.0,,,,,,,,,,
,,,,,,,,,,2188.0,173417272.0,0.773753,-0.003568,-0.008817,-0.633416,-0.027253,-0.009909,0.25818,0.0,,,,,,,,,,
,,,,,,,,,,2189.0,173433939.0,0.773757,-0.003578,-0.008816,-0.633411,-0.032739,-0.009965,0.279055,0.0,,,,,,,,,,
,,,,,,,,,,2190.0,173450606.0,0.773762,-0.003574,-0.008817,-0.633405,-0.035982,-0.021342,0.27652,0.0,,,,,,,,,,
,,,,,,,,,,2191.0,173467273.0,0.77376,-0.003569,-0.00881,-0.633407,-0.035904,-0.028006,0.269091,0.0,,,,,,,,,,
,,,,,,,,,,2192.0,173483940.0,0.773765,-0.003555,-0.008818,-0.633402,-0.036312,-0.007988,0.262298,0.0,,,,,,,,,,
,,,,,,,,,,2193.0,173500607.0,0.773774,-0.003553,-0.008821,-0.63339,-0.011003,-0.007468,0.303663,0.0,,,,,,,,,,
,,,,,,,,,,2194.0,173517274.0,0.773777,-0.003547,-0.008823,-0.633387,-0.006878,-0.001195,0.276466,0.0,,,,,,,,,,
,,,,,,,,,,2195.0,173533941.0,0.773781,-0.003542,-0.008811,-0.633382,-0.032562,0.017825,0.272173,0.0,,,,,,,,,,
,,,,,,,,,,2196.0,173550608.0,0.773786,-0.003541,-0.008803,-0.633376,-0.020806,0.012818,0.295231,0.0,,,,,,,,,,
,,,,,,,,,,2197.0,173567275.0,0.773787,-0.003541,-0.008805,-0.633375,-0.044159,0.025698,0.261861,0.0,,,,,,,,,,
,,,,,,,,,,2198.0,173583942.0,0.773789,-0.003536,-0.008814,-0.633372,-0.031619,0.018007,0.279935,0.0,,,,,,,,,,
,,,,,,,,,,2199.0,173600609.0,0.773794,-0.003548,-0.008826,-0.633366,-0.009939,0.013018,0.274067,0.0,,,,,,,,,,
,,,,,,,,,,2200.0,173617276.0,0.773794,-0.003556,-0.008851,-0.633366,-0.02221,0.007128,0.285739,0.0,,,,,,,,,,
,,,,,,,,,,2201.0,173633943.0,0.7738,-0.003565,-0.008857,-0.633358,-0.018722,-0.018862,0.279976,0.0,,,,,,,,,,
,,,,,,,,,,2202.0,173650610.0,0.773802,-0.003564,-0.008865,-0.633356,-0.018554,-0.010882,0.285151,0.0,,,,,,,,,,
,,,,,,,,,,2203.0,173667277.0,0.773799,-0.00357,-0.008869,-0.633359,-0.019038,-0.022272,0.263871,0.0,,,,,,,,,,
,,,,,,,,,,2204.0,173683944.0,0.773798,-0.003582,-0.008859,-0.63336,-0.034684,-0.016476,0.283,0.0,,,,,,,,,,
,,,,,,,,,,2205.0,173700611.0,0.773793,-0.003571,-0.008845,-0.633367,-0.037437,-0.015147,0.268145,0.0,,,,,,,,,,
,,,,,,,,,,2206.0,173717278.0,0.77379,-0.003559,-0.008836,-0.633371,-0.039736,0.006538,0.312904,0.0,,,,,,,,,,
,,,,,,,,,,2207.0,173733945.0,0.773792,-0.003548,-0.008846,-0.633368,-0.033515,0.02817,0.237666,0.0,,,,,,,,,,
,,,,,,,,,,2208.0,173750612.0,0.7738,-0.003533,-0.008842,-0.633359,-0.029429,0.034291,0.252794,0.0,,,,,,,,,,
,,,,,,,,,,2209.0,173767279.0,0.773801,-0.003525,-0.008866,-0.633357,-0.018593,0.035296,0.279575,0.0,,,,,,,,,,
,,,,,,,,,,2210.0,173783946.0,0.773805,-0.003513,-0.008881,-0.633352,-0.000375,0.03887,0.294412,0.0,,,,,,,,,,
,,,,,,,,,,2211.0,173800613.0,0.773801,-0.003505,-0.008891,-0.633357,0.012301,0.018609,0.277885,0.0,,,,,,,,,,
,,,,,,,,,,2212.0,173817280.0,0.773798,-0.003529,-0.008865,-0.633361,-0.006869,0.017907,0.253843,0.0,,,,,,,,,,
,,,,,,,,,,2213.0,173833947.0,0.773795,-0.003555,-0.008847,-0.633364,-0.020297,0.030169,0.262328,0.0,,,,,,,,,,
,,,,,,,,,,2214.0,173850614.0,0.773792,-0.003556,-0.008837,-0.633368,-0.054912,0.004979,0.246799,0.0,,,,,,,,,,
,,,,,,,,,,2215.0,173867281.0,0.773794,-0.003564,-0.008824,-0.633366,-0.070799,-0.003379,0.257579,0.0,,,,,,,,,,
,,,,,,,,,,2216.0,173883948.0,0.773803,-0.003555,-0.008845,-0.633355,-0.057438,-0.02132,0.283308,0.0,,,,,,,,,,
,,,,,,,,,,2217.0,173900615.0,0.773809,-0.003565,-0.008862,-0.633347,-0.038181,-0.020236,0.288175,0.0,,,,,,,,,,
,,,,,,,,,,2218.0,173917282.0,0.773819,-0.003533,-0.008874,-0.633334,-0.022991,-0.015678,0.260796,0.0,,,,,,,,,,
,,,,,,,,,,2219.0,173933949.0,0.773826,-0.003524,-0.008862,-0.633326,-0.016724,-0.006176,0.259882,0.0,,,,,,,,,,
,,,,,,,,,,2220.0,173950616.0,0.773829,-0.003489,-0.008866,-0.633323,-0.013321,-0.006273,0.284747,0.0,,,,,,,,,,
,,,,,,,,,,2221.0,173967283.0,0.773829,-0.00349,-0.008851,-0.633324,-0.023921,0.028805,0.257119,0.0,,,,,,,,,,
,,,,,,,,,,2222.0,173983950.0,0.77383,-0.003473,-0.008839,-0.633322,-0.024593,0.02815,0.29785,0.0,,,,,,,,,,
,,,,,,,,,,2223.0,174000617.0,0.773833,-0.003483,-0.008826,-0.633319,-0.031808,0.038052,0.272067,0.0,,,,,,,,,,
,,,,,,,,,,2224.0,174017284.0,0.773841,-0.003491,-0.008828,-0.633309,-0.026855,0.032048,0.255799,0.0,,,,,,,,,,
,,,,,,,,,,2225.0,174033951.0,0.773844,-0.003499,-0.008844,-0.633305,-0.031476,0.020415,0.272624,0.0,,,,,,,,,,
,,,,,,,,,,2226.0,174050618.0,0.773854,-0.003504,-0.008845,-0.633293,-0.033011,0.006064,0.265979,0.0,,,,,,,,,,
,,,,,,,,,,2227.0,174067285.0,0.773858,-0.003513,-0.00884,-0.633288,-0.029096,-0.003396,0.267111,0.0,,,,,,,,,,
,,,,,,,,,,2228.0,174083952.0,0.77386,-0.003508,-0.008836,-0.633285,-0.027685,-0.013737,0.297019,0.0,,,,,,,,,,
,,,,,,,,,,2229.0,174100619.0,0.773863,-0.003508,-0.00883,-0.633282,-0.026632,-0.026518,0.254471,0.0,,,,,,,,,,
,,,,,,,,,,2230.0,174117286.0,0.773873,-0.003501,-0.008828,-0.63327,-0.027446,-0.016926,0.270802,0.0,,,,,,,,,,
,,,,,,,,,,2231.0,174133953.0,0.773878,-0.003501,-0.008842,-0.633263,-0.003696,-0.015647,0.278546,0.0,,,,,,,,,,
,,,,,,,,,,2232.0,174150620.0,0.773881,-0.003498,-0.008843,-0.63326,-0.011865,-0.005197,0.278283,0.0,,,,,,,,,,
,,,,,,,,,,2233.0,174167287.0,0.773885,-0.003494,-0.008826,-0.633255,-0.011177,0.011347,0.249246,0.0,,,,,,,,,,
,,,,,,,,,,2234.0,174183954.0,0.773882,-0.003507,-0.008811,-0.633259,-0.020624,0.002736,0.255708,0.0,,,,,,,,,,
,,,,,,,,,,2235.0,174200621.0,0.773879,-0.003519,-0.008792,-0.633263,-0.040483,0.000721,0.251382,0.0,,,,,,,,,,
,,,,,,,,,,2236.0,174217288.0,0.773875,-0.003514,-0.008785,-0.633268,-0.032963,0.03284,0.279702,0.0,,,,,,,,,,
,,,,,,,,,,2237.0,174233955.0,0.77387,-0.003515,-0.008791,-0.633274,-0.057214,0.032341,0.265689,0.0,,,,,,,,,,
,,,,,,,,,,2238.0,174250622.0,0.773875,-0.003499,-0.008815,-0.633267,-0.035621,0.029797,0.268248,0.0,,,,,,,,,,
,,,,,,,,,,2239.0,174267289.0,0.773888,-0.003496,-0.008846,-0.633252,-0.013949,0.017024,0.25284,0.0,,,,,,,,,,
,,,,,,,,,,2240.0,174283956.0,0.773893,-0.003489,-0.00886,-0.633245,0.001184,-0.001376,0.272009,0.0,,,,,,,,,,
,,,,,,,,,,2241.0,174300623.0,0.773892,-0.003495,-0.008858,-0.633246,-0.00282,-0.002897,0.280361,0.0,,,,,,,,,,
,,,,,,,,,,2242.0,174317290.0,0.773889,-0.003496,-0.008854,-0.63325,-0.007265,-0.016351,0.297707,0.0,,,,,,,,,,
,,,,,,,,,,2243.0,174333957.0,0.773888,-0.003514,-0.008828,-0.633251,-0.026393,-0.012123,0.24277,0.0,,,,,,,,,,
,,,,,,,,,,2244.0,174350624.0,0.773892,-0.003517,-0.008818,-0.633247,-0.046369,-0.009911,0.228249,0.0,,,,,,,,,,
,,,,,,,,,,2245.0,174367291.0,0.773898,-0.003515,-0.008804,-0.633239,-0.058574,-0.010398,0.284105,0.0,,,,,,,,,,
,,,,,,,,,,2246.0,174383958.0,0.773894,-0.003494,-0.008801,-0.633244,-0.051664,0.023596,0.264196,0.0,,,,,,,,,,
,,,,,,,,,,2247.0,174400625.0,0.773899,-0.0035,-0.008813,-0.633238,-0.038155,0.010271,0.247703,0.0,,,,,,,,,,
,,,,,,,,,,2248.0,174417292.0,0.773905,-0.003515,-0.00882,-0.633231,-0.043177,0.003908,0.304685,0.0,,,,,,,,,,
,,,,,,,,,,2249.0,174433959.0,0.773906,-0.0035,-0.00884,-0.63323,-0.027195,0.00425,0.256712,0.0,,,,,,,,,,
,,,,,,,,,,2250.0,174450626.0,0.773914,-0.003474,-0.00885,-0.633219,-0.007527,-0.020382,0.265245,0.0,,,,,,,,,,
,,,,,,,,,,,,,,,,,,,,1.0,136966543.0,0.998511,-0.0041,-0.007461,0.053879,0.026321,0.000289,-0.36573,0.0
,,,,,,,,,,,,,,,,,,,,2.0,136983210.0,0.998511,-0.004099,-0.007457,0.05388,0.009072,-0.000277,-0.365507,0.0
,,,,,,,,,,,,,,,,,,,,3.0,136999877.0,0.998511,-0.004103,-0.007474,0.053875,-0.008978,-0.006646,-0.36262,0.0
,,,,,,,,,,,,,,,,,,,,4.0,137016544.0,0.998511,-0.004094,-0.007469,0.053879,-0.016728,-0.008493,-0.35876,0.0
,,,,,,,,,,,,,,,,,,,,5.0,137033211.0,0.99851,-0.004094,-0.007481,0.053892,-0.00792,-0.000858,-0.370368,0.0
,,,,,,,,,,,,,,,,,,,,6.0,137049878.0,0.99851,-0.004098,-0.007486,0.053899,-0.024543,-0.000157,-0.389566,0.0
,,,,,,,,,,,,,,,,,,,,7.0,137066545.0,0.998511,-0.004091,-0.007494,0.053884,-0.027164,0.005225,-0.379579,0.0
,,,,,,,,,,,,,,,,,,,,8.0,137083212.0,0.998511,-0.004093,-0.007491,0.053882,-0.027818,0.029952,-0.345532,0.0
,,,,,,,,,,,,,,,,,,,,9.0,137099879.0,0.998512,-0.004094,-0.007494,0.053868,-0.018646,0.026388,-0.342208,0.0
,,,,,,,,,,,,,,,,,,,,10.0,137116546.0,0.998511,-0.004103,-0.007499,0.053879,0.002327,0.027848,-0.355272,0.0
,,,,,,,,,,,,,,,,,,,,11.0,137133213.0,0.998511,-0.004104,-0.007497,0.053878,0.027444,0.02085,-0.366515,0.0
,,,,,,,,,,,,,,,,,,,,12.0,137149880.0,0.99851,-0.00411,-0.007494,0.053887,0.018746,-0.018048,-0.381083,0.0
,,,,,,,,,,,,,,,,,,,,13.0,137166547.0,0.99851,-0.004106,-0.007498,0.053895,0.026995,-0.024311,-0.34448,0.0
,,,,,,,,,,,,,,,,,,,,14.0,137183214.0,0.99851,-0.004119,-0.007503,0.053896,0.004584,-0.035707,-0.335252,0.0
,,,,,,,,,,,,,,,,,,,,15.0,137199881.0,0.99851,-0.004121,-0.007513,0.05389,0.017518,-0.025194,-0.367227,0.0
,,,,,,,,,,,,,,,,,,,,16.0,137216548.0,0.998509,-0.004131,-0.007506,0.053904,-0.005755,-0.001683,-0.378494,0.0
,,,,,,,,,,,,,,,,,,,,17.0,137233215.0,0.99851,-0.004129,-0.007515,0.053894,0.000842,0.029008,-0.394448,0.0
,,,,,,,,,,,,,,,,,,,,18.0,137249882.0,0.99851,-0.004129,-0.007517,0.053895,-0.01794,0.039201,-0.332793,0.0
,,,,,,,,,,,,,,,,,,,,19.0,137266549.0,0.99851,-0.00413,-0.007509,0.05389,-0.016981,0.046018,-0.3563,0.0
,,,,,,,,,,,,,,,,,,,,20.0,137283216.0,0.99851,-0.00413,-0.007516,0.053896,-0.013847,0.027427,-0.377151,0.0
,,,,,,,,,,,,,,,,,,,,21.0,137299883.0,0.99851,-0.004143,-0.007518,0.053893,-0.013521,0.004716,-0.378832,0.0
,,,,,,,,,,,,,,,,,,,,22.0,137316550.0,0.998509,-0.004133,-0.007526,0.053907,-0.001969,-0.019734,-0.378436,0.0
,,,,,,,,,,,,,,,,,,,,23.0,137333217.0,0.998509,-0.004141,-0.007529,0.053907,0.018229,-0.01809,-0.342048,0.0
,,,,,,,,,,,,,,,,,,,,24.0,137349884.0,0.998509,-0.004135,-0.007527,0.053901,0.020604,-0.011763,-0.353492,0.0
,,,,,,,,,,,,,,,,,,,,25.0,137366551.0,0.998509,-0.00414,-0.007532,0.0539,0.031849,-0.010416,-0.397381,0.0
,,,,,,,,,,,,,,,,,,,,26.0,137383218.0,0.99851,-0.004133,-0.007524,0.053896,0.023259,-0.007689,-0.385485,0.0
,,,,,,,,,,,,,,,,,,,,27.0,137399885.0,0.99851,-0.00414,-0.00752,0.053899,-0.00431,0.023208,-0.36316,0.0
,,,,,,,,,,,,,,,,,,,,28.0,137416552.0,0.99851,-0.004143,-0.007525,0.053895,-0.004093,0.048103,-0.331272,0.0
,,,,,,,,,,,,,,,,,,,,29.0,137433219.0,0.99851,-0.004141,-0.007515,0.053894,-0.017803,0.033767,-0.348445,0.0
,,,,,,,,,,,,,,,,,,,,30.0,137449886.0,0.99851,-0.004131,-0.007503,0.053895,-0.021987,0.022196,-0.390926,0.0
,,,,,,,,,,,,,,,,,,,,31.0,137466553.0,0.99851,-0.004137,-0.007516,0.053895,-0.018128,-0.001512,-0.386475,0.0
,,,,,,,,,,,,,,,,,,,,32.0,137483220.0,0.99851,-0.004144,-0.007509,0.053889,-0.023759,-0.02486,-0.377712,0.0
,,,,,,,,,,,,,,,,,,,,33.0,137499887.0,0.99851,-0.004147,-0.007503,0.053886,-0.013558,-0.015471,-0.334821,0.0
,,,,,,,,,,,,,,,,,,,,34.0,137516554.0,0.99851,-0.004149,-0.0075,0.05389,-0.000883,-0.010598,-0.360744,0.0
,,,,,,,,,,,,,,,,,,,,35.0,137533221.0,0.99851,-0.004156,-0.007494,0.053894,-0.003266,0.014132,-0.36413,0.0
,,,,,,,,,,,,,,,,,,,,36.0,137549888.0,0.99851,-0.004152,-0.0075,0.053896,0.020136,0.021958,-0.356086,0.0
,,,,,,,,,,,,,,,,,,,,37.0,137566555.0,0.998509,-0.004162,-0.007497,0.053902,0.015322,0.027235,-0.34689,0.0
,,,,,,,,,,,,,,,,,,,,38.0,137583222.0,0.99851,-0.004163,-0.007496,0.053892,0.01165,0.023122,-0.340221,0.0
,,,,,,,,,,,,,,,,,,,,39.0,137599889.0,0.99851,-0.004151,-0.007496,0.053897,0.031902,0.016373,-0.359942,0.0
,,,,,,,,,,,,,,,,,,,,40.0,137616556.0,0.99851,-0.004151,-0.007495,0.053893,0.001172,0.003689,-0.383409,0.0
,,,,,,,,,,,,,,,,,,,,41.0,137633223.0,0.99851,-0.004156,-0.007506,0.053901,0.00097,-0.005775,-0.353752,0.0
,,,,,,,,,,,,,,,,,,,,42.0,137649890.0,0.99851,-0.004153,-0.00752,0.05389,-0.002703,-0.019413,-0.377018,0.0
,,,,,,,,,,,,,,,,,,,,43.0,137666557.0,0.99851,-0.004162,-0.007519,0.053885,-0.02399,-0.004228,-0.363076,0.0
,,,,,,,,,,,,,,,,,,,,44.0,137683224.0,0.998509,-0.004161,-0.007514,0.053901,-0.031423,0.000353,-0.33891,0.0
,,,,,,,,,,,,,,,,,,,,45.0,137699891.0,0.998509,-0.004171,-0.00751,0.053907,-0.021307,0.020196,-0.351551,0.0
,,,,,,,,,,,,,,,,,,,,46.0,137716558.0,0.998509,-0.004167,-0.007505,0.053912,-0.014209,0.02493,-0.349091,0.0
,,,,,,,,,,,,,,,,,,,,47.0,137733225.0,0.998509,-0.004164,-0.0075,0.053905,0.007744,0.026586,-0.372626,0.0
,,,,,,,,,,,,,,,,,,,,48.0,137749892.0,0.99851,-0.004155,-0.007503,0.053899,0.011438,0.022513,-0.3546,0.0
,,,,,,,,,,,,,,,,,,,,49.0,137766559.0,0.99851,-0.00415,-0.007504,0.053889,0.001576,-0.021627,-0.364373,0.0
,,,,,,,,,,,,,,,,,,,,50.0,137783226.0,0.998511,-0.004153,-0.00751,0.053877,0.008023,-0.026255,-0.365916,0.0
,,,,,,,,,,,,,,,,,,,,51.0,137799893.0,0.998511,-0.004155,-0.007508,0.053877,0.01804,-0.025004,-0.374369,0.0
,,,,,,,,,,,,,,,,,,,,52.0,137816560.0,0.99851,-0.004156,-0.00752,0.053888,0.011875,-0.028764,-0.379308,0.0
,,,,,,,,,,,,,,,,,,,,53.0,137833227.0,0.998509,-0.004154,-0.007517,0.053898,-0.001253,0.006071,-0.337458,0.0
,,,,,,,,,,,,,,,,,,,,54.0,137849894.0,0.998509,-0.004149,-0.007514,0.053904,0.001405,0.010799,-0.333921,0.0
,,,,,,,,,,,,,,,,,,,,55.0,137866561.0,0.998509,-0.004153,-0.007502,0.053905,-0.015557,0.021462,-0.325711,0.0
,,,,,,,,,,,,,,,,,,,,56.0,137883228.0,0.998509,-0.004159,-0.00751,0.053904,-0.009991,0.019352,-0.428109,0.0
,,,,,,,,,,,,,,,,,,,,57.0,137899895.0,0.998509,-0.004162,-0.007509,0.053908,-0.006052,-0.007449,-0.463926,0.0
,,,,,,,,,,,,,,,,,,,,58.0,137916562.0,0.998509,-0.00416,-0.007482,0.053906,-0.010101,-0.003819,-0.103216,0.0
,,,,,,,,,,,,,,,,,,,,59.0,137933229.0,0.998509,-0.004162,-0.00751,0.053909,0.00612,-0.011586,-0.576443,0.0
,,,,,,,,,,,,,,,,,,,,60.0,137949896.0,0.998509,-0.004162,-0.007493,0.053913,-0.013403,-0.003216,-0.337394,0.0
,,,,,,,,,,,,,,,,,,,,61.0,137966563.0,0.998508,-0.004166,-0.007505,0.053921,-0.016164,-0.014412,-0.28845,0.0
,,,,,,,,,,,,,,,,,,,,62.0,137983230.0,0.998508,-0.004165,-0.007507,0.053923,0.026941,0.001689,-0.426546,0.0
,,,,,,,,,,,,,,,,,,,,63.0,137999897.0,0.998509,-0.004165,-0.00751,0.053918,0.016039,0.019664,-0.168129,0.0
,,,,,,,,,,,,,,,,,,,,64.0,138016564.0,0.998509,-0.004162,-0.007533,0.053909,0.013801,0.014493,-0.537042,0.0
,,,,,,,,,,,,,,,,,,,,65.0,138033231.0,0.998509,-0.004157,-0.007517,0.053905,0.008985,0.015479,-0.386449,0.0
,,,,,,,,,,,,,,,,,,,,66.0,138049898.0,0.998509,-0.004156,-0.00753,0.053903,-0.000802,-0.000233,-0.254438,0.0
,,,,,,,,,,,,,,,,,,,,67.0,138066565.0,0.998509,-0.004158,-0.007536,0.053915,-0.00078,0.00512,-0.4814,0.0
,,,,,,,,,,,,,,,,,,,,68.0,138083232.0,0.998509,-0.004154,-0.00753,0.053912,-0.011471,0.000587,-0.282272,0.0
,,,,,,,,,,,,,,,,,,,,69.0,138099899.0,0.998509,-0.004155,-0.007534,0.05391,-0.004057,-0.003763,-0.44067,0.0
,,,,,,,,,,,,,,,,,,,,70.0,138116566.0,0.998509,-0.00416,-0.007524,0.053907,-0.013168,-0.002701,-0.398513,0.0
,,,,,,,,,,,,,,,,,,,,71.0,138133233.0,0.998509,-0.004155,-0.007523,0.053898,-0.008057,0.015536,-0.337581,0.0
,,,,,,,,,,,,,,,,,,,,72.0,138149900.0,0.99851,-0.004159,-0.007521,0.053891,-0.023811,0.001448,-0.357683,0.0
,,,,,,,,,,,,,,,,,,,,73.0,138166567.0,0.99851,-0.00416,-0.007523,0.053896,0.00215,0.017536,-0.333956,0.0
,,,,,,,,,,,,,,,,,,,,74.0,138183234.0,0.998509,-0.004163,-0.007537,0.053905,0.00428,0.010577,-0.394967,0.0
,,,,,,,,,,,,,,,,,,,,75.0,138199901.0,0.998509,-0.004153,-0.007531,0.053911,0.000438,0.020596,-0.337841,0.0
,,,,,,,,,,,,,,,,,,,,76.0,138216568.0,0.998509,-0.004151,-0.007533,0.053907,0.016969,0.009926,-0.363357,0.0
,,,,,,,,,,,,,,,,,,,,77.0,138233235.0,0.998509,-0.004155,-0.007528,0.053909,0.008147,0.006049,-0.343447,0.0
,,,,,,,,,,,,,,,,,,,,78.0,138249902.0,0.998509,-0.004159,-0.007536,0.05391,-0.008164,-0.009246,-0.317629,0.0
,,,,,,,,,,,,,,,,,,,,79.0,138266569.0,0.998509,-0.004157,-0.007536,0.053906,0.000181,-0.003485,-0.400681,0.0
,,,,,,,,,,,,,,,,,,,,80.0,138283236.0,0.998509,-0.004152,-0.007531,0.053915,-0.016653,-0.004905,-0.317166,0.0
,,,,,,,,,,,,,,,,,,,,81.0,138299903.0,0.998508,-0.004148,-0.007534,0.053917,-0.007233,-0.004299,-0.366347,0.0
,,,,,,,,,,,,,,,,,,,,82.0,138316570.0,0.998508,-0.004139,-0.007536,0.053927,-0.0013,0.007934,-0.362241,0.0
,,,,,,,,,,,,,,,,,,,,83.0,138333237.0,0.998508,-0.004139,-0.007534,0.053926,-0.00384,0.012402,-0.341927,0.0
,,,,,,,,,,,,,,,,,,,,84.0,138349904.0,0.998508,-0.00414,-0.007536,0.053934,-0.001799,0.018687,-0.362148,0.0
,,,,,,,,,,,,,,,,,,,,85.0,138366571.0,0.998507,-0.004145,-0.007534,0.053937,0.009557,0.020297,-0.374412,0.0
,,,,,,,,,,,,,,,,,,,,86.0,138383238.0,0.998507,-0.004146,-0.007533,0.053939,-0.004635,0.010596,-0.364316,0.0
,,,,,,,,,,,,,,,,,,,,87.0,138399905.0,0.998507,-0.004141,-0.00754,0.053947,0.011501,0.00541,-0.365667,0.0
,,,,,,,,,,,,,,,,,,,,88.0,138416572.0,0.998507,-0.004142,-0.007534,0.053947,-0.01704,-0.015566,-0.353496,0.0
,,,,,,,,,,,,,,,,,,,,89.0,138433239.0,0.998507,-0.00414,-0.00754,0.053951,4.8e-05,-0.013604,-0.362343,0.0
,,,,,,,,,,,,,,,,,,,,90.0,138449906.0,0.998507,-0.004142,-0.007535,0.05395,0.006872,0.000784,-0.383408,0.0
,,,,,,,,,,,,,,,,,,,,91.0,138466573.0,0.998506,-0.004151,-0.007533,0.053955,0.000786,-0.006825,-0.343086,0.0
,,,,,,,,,,,,,,,,,,,,92.0,138483240.0,0.998507,-0.004155,-0.007543,0.05395,-0.001337,0.013238,-0.382017,0.0
,,,,,,,,,,,,,,,,,,,,93.0,138499907.0,0.99851,-0.004128,-0.007478,0.053906,-0.001935,0.006841,-0.363229,0.0
,,,,,,,,,,,,,,,,,,,,94.0,138516574.0,0.998509,-0.004121,-0.007472,0.053914,0.004802,0.022935,-0.35796,0.0
,,,,,,,,,,,,,,,,,,,,95.0,138533241.0,0.998509,-0.004121,-0.007465,0.053914,0.004046,-0.001116,-0.367392,0.0
,,,,,,,,,,,,,,,,,,,,96.0,138549908.0,0.998509,-0.004119,-0.007454,0.053912,0.000906,0.002577,-0.380657,0.0
,,,,,,,,,,,,,,,,,,,,97.0,138566575.0,0.998509,-0.004115,-0.007454,0.053924,-0.0033,-0.008211,-0.403005,0.0
,,,,,,,,,,,,,,,,,,,,98.0,138583242.0,0.998509,-0.004121,-0.007459,0.053928,-0.001089,0.017639,-0.358574,0.0
,,,,,,,,,,,,,,,,,,,,99.0,138599909.0,0.998507,-0.004124,-0.007463,0.053947,0.010716,0.007798,-0.344627,0.0
,,,,,,,,,,,,,,,,,,,,100.0,138616576.0,0.998507,-0.00412,-0.007463,0.053953,-0.004168,0.003214,-0.373752,0.0
,,,,,,,,,,,,,,,,,,,,101.0,138633243.0,0.998507,-0.004125,-0.007453,0.053948,0.009415,0.017378,-0.369704,0.0
,,,,,,,,,,,,,,,,,,,,102.0,138649910.0,0.998507,-0.004127,-0.007466,0.05395,0.011126,0.012424,-0.36167,0.0
,,,,,,,,,,,,,,,,,,,,103.0,138666577.0,0.998507,-0.004126,-0.007469,0.053947,0.004217,0.009632,-0.3678,0.0
,,,,,,,,,,,,,,,,,,,,104.0,138683244.0,0.998507,-0.00413,-0.007477,0.053954,0.005732,0.014878,-0.325576,0.0
,,,,,,,,,,,,,,,,,,,,105.0,138699911.0,0.998507,-0.004126,-0.00748,0.053958,-0.016515,0.012017,-0.364079,0.0
,,,,,,,,,,,,,,,,,,,,106.0,138716578.0,0.998507,-0.004129,-0.00748,0.05396,-0.001353,-0.008664,-0.381174,0.0
,,,,,,,,,,,,,,,,,,,,107.0,138733245.0,0.998506,-0.004139,-0.007479,0.053962,0.001148,-0.002481,-0.362008,0.0
,,,,,,,,,,,,,,,,,,,,108.0,138749912.0,0.998507,-0.004144,-0.007475,0.053958,0.005065,-0.003719,-0.337953,0.0
,,,,,,,,,,,,,,,,,,,,109.0,138766579.0,0.998507,-0.004138,-0.007471,0.053953,0.007262,0.015865,-0.338637,0.0
,,,,,,,,,,,,,,,,,,,,110.0,138783246.0,0.998507,-0.004136,-0.007475,0.053958,0.007541,-0.006661,-0.385468,0.0
,,,,,,,,,,,,,,,,,,,,111.0,138799913.0,0.998506,-0.004139,-0.007467,0.053964,-0.000214,0.005609,-0.363604,0.0
,,,,,,,,,,,,,,,,,,,,112.0,138816580.0,0.998507,-0.00414,-0.007463,0.05396,-0.005336,0.006594,-0.352985,0.0
,,,,,,,,,,,,,,,,,,,,113.0,138833247.0,0.998507,-0.004141,-0.007466,0.053958,-0.004077,0.006144,-0.374849,0.0
,,,,,,,,,,,,,,,,,,,,114.0,138849914.0,0.998507,-0.004148,-0.007458,0.053954,-0.00221,0.002204,-0.356277,0.0
,,,,,,,,,,,,,,,,,,,,115.0,138866581.0,0.998506,-0.004141,-0.007458,0.053964,-0.007116,0.015162,-0.354592,0.0
,,,,,,,,,,,,,,,,,,,,116.0,138883248.0,0.998506,-0.00414,-0.00745,0.05397,0.003435,-0.002973,-0.355714,0.0
,,,,,,,,,,,,,,,,,,,,117.0,138899915.0,0.998506,-0.004143,-0.007447,0.053966,9.7e-05,-0.017011,-0.371447,0.0
,,,,,,,,,,,,,,,,,,,,118.0,138916582.0,0.998507,-0.004142,-0.007435,0.053966,0.010192,0.000995,-0.373531,0.0
,,,,,,,,,,,,,,,,,,,,119.0,138933249.0,0.998506,-0.004147,-0.007437,0.053971,-0.004974,-0.008612,-0.36671,0.0
,,,,,,,,,,,,,,,,,,,,120.0,138949916.0,0.998505,-0.00415,-0.007436,0.053984,0.008511,0.003069,-0.351205,0.0
,,,,,,,,,,,,,,,,,,,,121.0,138966583.0,0.998505,-0.004152,-0.007435,0.053986,0.008116,0.014871,-0.393162,0.0
,,,,,,,,,,,,,,,,,,,,122.0,138983250.0,0.998506,-0.004154,-0.007436,0.05398,-0.002612,0.024714,-0.35589,0.0
,,,,,,,,,,,,,,,,,,,,123.0,138999917.0,0.998505,-0.004149,-0.007439,0.053985,-0.002432,0.011437,-0.369411,0.0
,,,,,,,,,,,,,,,,,,,,124.0,139016584.0,0.998505,-0.004149,-0.007432,0.053996,-0.01092,0.011908,-0.364326,0.0
,,,,,,,,,,,,,,,,,,,,125.0,139033251.0,0.998505,-0.004143,-0.007433,0.053999,0.003015,0.002267,-0.369824,0.0
,,,,,,,,,,,,,,,,,,,,126.0,139049918.0,0.998505,-0.004143,-0.007434,0.053991,0.014008,0.010908,-0.3565,0.0
,,,,,,,,,,,,,,,,,,,,127.0,139066585.0,0.998505,-0.004137,-0.007433,0.05399,-0.006139,0.001917,-0.366716,0.0
,,,,,,,,,,,,,,,,,,,,128.0,139083252.0,0.998506,-0.004148,-0.007434,0.053985,-0.004597,0.007779,-0.357061,0.0
,,,,,,,,,,,,,,,,,,,,129.0,139099919.0,0.998505,-0.004156,-0.007431,0.053987,0.001612,0.001312,-0.354266,0.0
,,,,,,,,,,,,,,,,,,,,130.0,139116586.0,0.998505,-0.004162,-0.007437,0.053983,0.000825,0.011055,-0.371788,0.0
,,,,,,,,,,,,,,,,,,,,131.0,139133253.0,0.998505,-0.004169,-0.007437,0.053985,-0.00459,0.002469,-0.369941,0.0
,,,,,,,,,,,,,,,,,,,,132.0,139149920.0,0.998506,-0.004182,-0.007434,0.05398,-0.006114,0.004567,-0.372396,0.0
,,,,,,,,,,,,,,,,,,,,133.0,139166587.0,0.998506,-0.004179,-0.007437,0.053978,0.018892,0.00281,-0.352235,0.0
,,,,,,,,,,,,,,,,,,,,134.0,139183254.0,0.998505,-0.004183,-0.007436,0.053985,-0.006274,0.009577,-0.359407,0.0
,,,,,,,,,,,,,,,,,,,,135.0,139199921.0,0.998505,-0.004181,-0.007445,0.053991,-0.000732,-0.001597,-0.375647,0.0
,,,,,,,,,,,,,,,,,,,,136.0,139216588.0,0.998504,-0.004183,-0.00745,0.053998,0.004535,0.003248,-0.39301,0.0
,,,,,,,,,,,,,,,,,,,,137.0,139233255.0,0.998505,-0.004186,-0.007455,0.053994,-0.007638,0.013668,-0.369488,0.0
,,,,,,,,,,,,,,,,,,,,138.0,139249922.0,0.998505,-0.004176,-0.007446,0.053988,0.0027,0.007989,-0.341723,0.0
,,,,,,,,,,,,,,,,,,,,139.0,139266589.0,0.998505,-0.004176,-0.007444,0.053997,-0.011879,0.023269,-0.364182,0.0
,,,,,,,,,,,,,,,,,,,,140.0,139283256.0,0.998505,-0.004178,-0.007445,0.053996,-0.00588,0.009698,-0.376979,0.0
,,,,,,,,,,,,,,,,,,,,141.0,139299923.0,0.998505,-0.004181,-0.007442,0.053992,-0.007465,0.009158,-0.382642,0.0
,,,,,,,,,,,,,,,,,,,,142.0,139316590.0,0.998505,-0.004181,-0.007446,0.053985,0.008805,0.01619,-0.364448,0.0
,,,,,,,,,,,,,,,,,,,,143.0,139333257.0,0.998506,-0.00418,-0.00744,0.05398,0.003732,0.011794,-0.339546,0.0
,,,,,,,,,,,,,,,,,,,,144.0,139349924.0,0.998506,-0.00417,-0.007431,0.053979,0.000398,0.014779,-0.329908,0.0
,,,,,,,,,,,,,,,,,,,,145.0,139366591.0,0.998506,-0.004168,-0.007418,0.053974,0.013912,-0.002887,-0.370329,0.0
,,,,,,,,,,,,,,,,,,,,146.0,139383258.0,0.998506,-0.004165,-0.007413,0.053979,0.002797,0.009149,-0.371774,0.0
,,,,,,,,,,,,,,,,,,,,147.0,139399925.0,0.998506,-0.004164,-0.007405,0.053979,0.005335,0.021677,-0.360454,0.0
,,,,,,,,,,,,,,,,,,,,148.0,139416592.0,0.998506,-0.004164,-0.007405,0.053981,0.002319,0.017906,-0.369493,0.0
,,,,,,,,,,,,,,,,,,,,149.0,139433259.0,0.998506,-0.004162,-0.007402,0.053988,-0.008088,0.010614,-0.373743,0.0
,,,,,,,,,,,,,,,,,,,,150.0,139449926.0,0.998506,-0.004158,-0.007399,0.053979,-0.010266,0.021416,-0.360736,0.0
,,,,,,,,,,,,,,,,,,,,151.0,139466593.0,0.998506,-0.004167,-0.007397,0.053981,0.001913,0.008539,-0.353263,0.0
,,,,,,,,,,,,,,,,,,,,152.0,139483260.0,0.998506,-0.004176,-0.007402,0.053983,-0.011706,-0.01697,-0.363178,0.0
,,,,,,,,,,,,,,,,,,,,153.0,139499927.0,0.998506,-0.004182,-0.007407,0.053981,-0.008545,-0.004376,-0.363276,0.0
,,,,,,,,,,,,,,,,,,,,154.0,139516594.0,0.998506,-0.004188,-0.007409,0.053975,0.000645,-0.005133,-0.366591,0.0
,,,,,,,,,,,,,,,,,,,,155.0,139533261.0,0.998506,-0.004187,-0.007403,0.053978,0.005649,0.004954,-0.346011,0.0
,,,,,,,,,,,,,,,,,,,,156.0,139549928.0,0.998505,-0.004191,-0.007403,0.053991,-0.007017,0.030999,-0.355055,0.0
,,,,,,,,,,,,,,,,,,,,157.0,139566595.0,0.998505,-0.00419,-0.007415,0.053997,-0.007848,0.005044,-0.350064,0.0
,,,,,,,,,,,,,,,,,,,,158.0,139583262.0,0.998505,-0.004199,-0.007408,0.053995,0.00382,0.019797,-0.363524,0.0
,,,,,,,,,,,,,,,,,,,,159.0,139599929.0,0.998505,-0.004208,-0.007407,0.054,1.3e-05,0.013028,-0.392401,0.0
,,,,,,,,,,,,,,,,,,,,160.0,139616596.0,0.998505,-0.004209,-0.007412,0.053995,0.005091,0.009662,-0.337399,0.0
,,,,,,,,,,,,,,,,,,,,161.0,139633263.0,0.998505,-0.004215,-0.007421,0.053999,-0.000559,0.003225,-0.34845,0.0
,,,,,,,,,,,,,,,,,,,,162.0,139649930.0,0.998504,-0.004206,-0.007422,0.054006,-0.012564,-0.001509,-0.34717,0.0
,,,,,,,,,,,,,,,,,,,,163.0,139666597.0,0.998505,-0.0042,-0.007415,0.053995,0.008678,-0.002201,-0.36916,0.0
,,,,,,,,,,,,,,,,,,,,164.0,139683264.0,0.998505,-0.004197,-0.007412,0.053994,0.010515,-0.000134,-0.350385,0.0
,,,,,,,,,,,,,,,,,,,,165.0,139699931.0,0.998505,-0.004191,-0.007419,0.053999,-0.006529,0.00899,-0.345584,0.0
,,,,,,,,,,,,,,,,,,,,166.0,139716598.0,0.998505,-0.004196,-0.007426,0.053997,0.014891,0.020628,-0.346262,0.0
,,,,,,,,,,,,,,,,,,,,167.0,139733265.0,0.998504,-0.004197,-0.00742,0.054015,-0.009567,0.021194,-0.365082,0.0
,,,,,,,,,,,,,,,,,,,,168.0,139749932.0,0.998504,-0.004198,-0.007414,0.054015,0.004568,0.016217,-0.379334,0.0
,,,,,,,,,,,,,,,,,,,,169.0,139766599.0,0.998503,-0.004201,-0.007409,0.054034,-0.010855,0.004153,-0.365633,0.0
,,,,,,,,,,,,,,,,,,,,170.0,139783266.0,0.998502,-0.004197,-0.007408,0.054043,-0.000562,0.004943,-0.350855,0.0
,,,,,,,,,,,,,,,,,,,,171.0,139799933.0,0.998502,-0.004198,-0.007405,0.05404,-0.003813,0.000145,-0.349507,0.0
,,,,,,,,,,,,,,,,,,,,172.0,139816600.0,0.998502,-0.004202,-0.007409,0.05405,-0.001892,-0.004837,-0.372304,0.0
,,,,,,,,,,,,,,,,,,,,173.0,139833267.0,0.998502,-0.004206,-0.007412,0.054046,-0.005816,0.009402,-0.384371,0.0
,,,,,,,,,,,,,,,,,,,,174.0,139849934.0,0.998502,-0.004211,-0.007412,0.054048,-0.021068,0.005216,-0.342383,0.0
,,,,,,,,,,,,,,,,,,,,175.0,139866601.0,0.998502,-0.004214,-0.007415,0.054045,-0.004706,0.016664,-0.353356,0.0
,,,,,,,,,,,,,,,,,,,,176.0,139883268.0,0.998502,-0.004207,-0.00741,0.054042,0.008397,0.023661,-0.361252,0.0
,,,,,,,,,,,,,,,,,,,,177.0,139899935.0,0.998502,-0.004213,-0.007408,0.054045,-0.004092,0.01075,-0.377026,0.0
,,,,,,,,,,,,,,,,,,,,178.0,139916602.0,0.998502,-0.004211,-0.007415,0.054045,-0.002819,0.011802,-0.37337,0.0
,,,,,,,,,,,,,,,,,,,,179.0,139933269.0,0.998502,-0.004212,-0.007415,0.054039,-0.005717,0.007324,-0.386017,0.0
,,,,,,,,,,,,,,,,,,,,180.0,139949936.0,0.998502,-0.004215,-0.007411,0.054041,0.009856,0.016103,-0.360999,0.0
,,,,,,,,,,,,,,,,,,,,181.0,139966603.0,0.998502,-0.004211,-0.007412,0.054039,0.006782,0.015135,-0.368164,0.0
,,,,,,,,,,,,,,,,,,,,182.0,139983270.0,0.998503,-0.00421,-0.007404,0.054038,0.001749,0.015157,-0.354024,0.0
,,,,,,,,,,,,,,,,,,,,183.0,139999937.0,0.998503,-0.004197,-0.007405,0.054032,0.015351,0.000199,-0.370252,0.0
,,,,,,,,,,,,,,,,,,,,184.0,140016604.0,0.998503,-0.004193,-0.0074,0.054036,-0.00063,-0.007677,-0.379886,0.0
,,,,,,,,,,,,,,,,,,,,185.0,140033271.0,0.998503,-0.004191,-0.007401,0.054039,0.011638,0.00471,-0.372947,0.0
,,,,,,,,,,,,,,,,,,,,186.0,140049938.0,0.998502,-0.004192,-0.007403,0.054045,-0.024939,0.008866,-0.34155,0.0
,,,,,,,,,,,,,,,,,,,,187.0,140066605.0,0.998502,-0.004182,-0.007413,0.054048,-0.010524,0.016113,-0.35833,0.0
,,,,,,,,,,,,,,,,,,,,188.0,140083272.0,0.998501,-0.004171,-0.007418,0.05406,-0.009696,0.01593,-0.377189,0.0
,,,,,,,,,,,,,,,,,,,,189.0,140099939.0,0.998501,-0.004175,-0.007426,0.054064,0.004133,0.014356,-0.343609,0.0
,,,,,,,,,,,,,,,,,,,,190.0,140116606.0,0.998501,-0.00418,-0.007424,0.054059,0.002576,0.015491,-0.360188,0.0
,,,,,,,,,,,,,,,,,,,,191.0,140133273.0,0.998502,-0.004181,-0.007417,0.054054,-0.009869,0.012265,-0.338454,0.0
,,,,,,,,,,,,,,,,,,,,192.0,140149940.0,0.998502,-0.004186,-0.007411,0.054043,0.002905,0.001315,-0.364616,0.0
,,,,,,,,,,,,,,,,,,,,193.0,140166607.0,0.998502,-0.00419,-0.007416,0.054046,-0.000859,0.006553,-0.348265,0.0
,,,,,,,,,,,,,,,,,,,,194.0,140183274.0,0.998503,-0.004187,-0.007424,0.054037,0.005032,0.013613,-0.366553,0.0
,,,,,,,,,,,,,,,,,,,,195.0,140199941.0,0.998502,-0.004189,-0.007427,0.054044,0.007546,0.001421,-0.339445,0.0
,,,,,,,,,,,,,,,,,,,,196.0,140216608.0,0.998502,-0.004196,-0.007422,0.054046,-0.003322,0.017353,-0.34684,0.0
,,,,,,,,,,,,,,,,,,,,197.0,140233275.0,0.998502,-0.004189,-0.00743,0.054055,0.015043,0.010617,-0.337796,0.0
,,,,,,,,,,,,,,,,,,,,198.0,140249942.0,0.998501,-0.004188,-0.007424,0.054058,0.006281,0.005279,-0.36646,0.0
,,,,,,,,,,,,,,,,,,,,199.0,140266609.0,0.998501,-0.004186,-0.007436,0.054061,-0.004874,-0.007391,-0.381473,0.0
,,,,,,,,,,,,,,,,,,,,200.0,140283276.0,0.998501,-0.004183,-0.007444,0.054056,0.005551,0.0069,-0.359332,0.0
,,,,,,,,,,,,,,,,,,,,201.0,140299943.0,0.998501,-0.004187,-0.007453,0.054066,-0.002929,0.007882,-0.344046,0.0
,,,,,,,,,,,,,,,,,,,,202.0,140316610.0,0.998501,-0.004184,-0.007458,0.054058,-0.001768,0.00849,-0.37951,0.0
,,,,,,,,,,,,,,,,,,,,203.0,140333277.0,0.998501,-0.004187,-0.007465,0.054061,0.003526,0.000772,-0.374446,0.0
,,,,,,,,,,,,,,,,,,,,204.0,140349944.0,0.9985,-0.004192,-0.007471,0.054076,0.002738,0.008437,-0.359605,0.0
,,,,,,,,,,,,,,,,,,,,205.0,140366611.0,0.9985,-0.004196,-0.007479,0.054083,0.002723,0.001387,-0.356277,0.0
,,,,,,,,,,,,,,,,,,,,206.0,140383278.0,0.9985,-0.004194,-0.007485,0.054075,-0.012913,0.005805,-0.349941,0.0
,,,,,,,,,,,,,,,,,,,,207.0,140399945.0,0.9985,-0.004186,-0.007481,0.054082,-0.007106,0.014011,-0.36825,0.0
,,,,,,,,,,,,,,,,,,,,208.0,140416612.0,0.9985,-0.004185,-0.007471,0.05408,0.00287,-0.015641,-0.369566,0.0
,,,,,,,,,,,,,,,,,,,,209.0,140433279.0,0.9985,-0.004187,-0.007459,0.054089,-0.012693,-0.015914,-0.355925,0.0
,,,,,,,,,,,,,,,,,,,,210.0,140449946.0,0.998499,-0.004184,-0.007458,0.05409,-0.009594,-0.001007,-0.353947,0.0
,,,,,,,,,,,,,,,,,,,,211.0,140466613.0,0.9985,-0.004179,-0.007446,0.054086,-0.011253,-0.003397,-0.344657,0.0
,,,,,,,,,,,,,,,,,,,,212.0,140483280.0,0.9985,-0.004185,-0.007444,0.054089,-0.019569,0.000699,-0.361639,0.0
,,,,,,,,,,,,,,,,,,,,213.0,140499947.0,0.998508,-0.004166,-0.007454,0.053937,-0.015788,0.017987,-0.374947,0.0
,,,,,,,,,,,,,,,,,,,,214.0,140516614.0,0.998508,-0.004161,-0.007447,0.05393,-0.001769,0.027543,-0.355666,0.0
,,,,,,,,,,,,,,,,,,,,215.0,140533281.0,0.998509,-0.004157,-0.007438,0.053923,0.009127,0.027913,-0.331261,0.0
,,,,,,,,,,,,,,,,,,,,216.0,140549948.0,0.998509,-0.004159,-0.007438,0.053911,0.038838,0.013651,-0.336004,0.0
,,,,,,,,,,,,,,,,,,,,217.0,140566615.0,0.99851,-0.004155,-0.00744,0.053904,0.041683,0.000984,-0.359964,0.0
,,,,,,,,,,,,,,,,,,,,218.0,140583282.0,0.998511,-0.004156,-0.007438,0.053889,0.042448,-0.016398,-0.353353,0.0
,,,,,,,,,,,,,,,,,,,,219.0,140599949.0,0.998511,-0.004162,-0.007427,0.053886,0.01603,-0.023031,-0.350802,0.0
,,,,,,,,,,,,,,,,,,,,220.0,140616616.0,0.998511,-0.004167,-0.007418,0.053888,-0.01389,0.004028,-0.361735,0.0
,,,,,,,,,,,,,,,,,,,,221.0,140633283.0,0.998511,-0.004177,-0.007417,0.05389,-0.012211,-0.0093,-0.352432,0.0
,,,,,,,,,,,,,,,,,,,,222.0,140649950.0,0.998511,-0.00418,-0.007422,0.053886,-0.036575,0.023788,-0.3582,0.0
,,,,,,,,,,,,,,,,,,,,223.0,140666617.0,0.998511,-0.004174,-0.007427,0.05388,-0.047119,0.034406,-0.352375,0.0
,,,,,,,,,,,,,,,,,,,,224.0,140683284.0,0.998512,-0.004172,-0.007432,0.053871,-0.048312,0.031545,-0.361032,0.0
,,,,,,,,,,,,,,,,,,,,225.0,140699951.0,0.998513,-0.004174,-0.007432,0.053852,-0.03439,0.026775,-0.370827,0.0
,,,,,,,,,,,,,,,,,,,,226.0,140716618.0,0.998513,-0.004178,-0.007438,0.053837,-0.011768,0.009694,-0.375607,0.0
,,,,,,,,,,,,,,,,,,,,227.0,140733285.0,0.998513,-0.004176,-0.00743,0.053839,0.006624,-0.002375,-0.356843,0.0
,,,,,,,,,,,,,,,,,,,,228.0,140749952.0,0.998514,-0.004178,-0.007433,0.053834,0.02568,-0.022021,-0.353916,0.0
,,,,,,,,,,,,,,,,,,,,229.0,140766619.0,0.998513,-0.00418,-0.007436,0.053845,0.03932,-0.012763,-0.364747,0.0
,,,,,,,,,,,,,,,,,,,,230.0,140783286.0,0.998513,-0.004177,-0.007438,0.053852,0.040757,0.006776,-0.373146,0.0
,,,,,,,,,,,,,,,,,,,,231.0,140799953.0,0.998513,-0.004181,-0.007448,0.053841,0.028944,0.004504,-0.338931,0.0
,,,,,,,,,,,,,,,,,,,,232.0,140816620.0,0.998513,-0.004187,-0.007451,0.053841,0.013006,0.006994,-0.36299,0.0
,,,,,,,,,,,,,,,,,,,,233.0,140833287.0,0.998514,-0.00418,-0.007444,0.053828,0.003094,0.016961,-0.354698,0.0
,,,,,,,,,,,,,,,,,,,,234.0,140849954.0,0.998514,-0.004177,-0.007443,0.053825,-0.007936,0.004593,-0.35668,0.0
,,,,,,,,,,,,,,,,,,,,235.0,140866621.0,0.998514,-0.004184,-0.007438,0.053833,-0.030759,0.003489,-0.362472,0.0
,,,,,,,,,,,,,,,,,,,,236.0,140883288.0,0.998513,-0.004182,-0.007441,0.053842,-0.046439,0.004451,-0.347633,0.0
,,,,,,,,,,,,,,,,,,,,237.0,140899955.0,0.998513,-0.004176,-0.007444,0.053841,-0.016671,0.000918,-0.353736,0.0
,,,,,,,,,,,,,,,,,,,,238.0,140916622.0,0.998513,-0.004177,-0.007447,0.053839,0.007023,0.001749,-0.384315,0.0
,,,,,,,,,,,,,,,,,,,,239.0,140933289.0,0.998514,-0.004174,-0.007448,0.053832,-0.001124,-0.013377,-0.354708,0.0
,,,,,,,,,,,,,,,,,,,,240.0,140949956.0,0.998514,-0.004173,-0.007441,0.053827,0.018647,0.004388,-0.348788,0.0
,,,,,,,,,,,,,,,,,,,,241.0,140966623.0,0.998514,-0.004177,-0.007443,0.053819,0.031709,0.006243,-0.369236,0.0
,,,,,,,,,,,,,,,,,,,,242.0,140983290.0,0.998514,-0.004178,-0.007437,0.053823,0.021672,0.003598,-0.357314,0.0
,,,,,,,,,,,,,,,,,,,,243.0,140999957.0,0.998514,-0.004178,-0.007425,0.053821,0.017562,0.018464,-0.364524,0.0
,,,,,,,,,,,,,,,,,,,,244.0,141016624.0,0.998514,-0.004181,-0.007425,0.053832,0.016479,0.025559,-0.339155,0.0
,,,,,,,,,,,,,,,,,,,,245.0,141033291.0,0.998514,-0.004177,-0.007425,0.053833,0.013518,0.000632,-0.35263,0.0
,,,,,,,,,,,,,,,,,,,,246.0,141049958.0,0.998514,-0.00417,-0.007415,0.053826,-0.004605,0.015167,-0.372724,0.0
,,,,,,,,,,,,,,,,,,,,247.0,141066625.0,0.998514,-0.004182,-0.007423,0.053832,-0.017452,-0.01035,-0.351678,0.0
,,,,,,,,,,,,,,,,,,,,248.0,141083292.0,0.998513,-0.004188,-0.007433,0.053839,-0.013173,-0.012939,-0.355703,0.0
,,,,,,,,,,,,,,,,,,,,249.0,141099959.0,0.998514,-0.004185,-0.00742,0.053834,-0.036859,-0.018512,-0.342414,0.0
,,,,,,,,,,,,,,,,,,,,250.0,141116626.0,0.998513,-0.004188,-0.007418,0.053847,-0.01907,-0.008052,-0.358316,0.0
,,,,,,,,,,,,,,,,,,,,251.0,141133293.0,0.998513,-0.004188,-0.007416,0.053854,-0.030147,0.022434,-0.358573,0.0
,,,,,,,,,,,,,,,,,,,,252.0,141149960.0,0.998512,-0.004188,-0.007421,0.053855,-0.006762,0.028785,-0.370406,0.0
,,,,,,,,,,,,,,,,,,,,253.0,141166627.0,0.998513,-0.004182,-0.007412,0.053853,0.010012,0.021987,-0.371647,0.0
,,,,,,,,,,,,,,,,,,,,254.0,141183294.0,0.998513,-0.004173,-0.007415,0.053844,0.014946,0.011551,-0.361134,0.0
,,,,,,,,,,,,,,,,,,,,255.0,141199961.0,0.998513,-0.004173,-0.007409,0.053841,0.028166,-0.008769,-0.344577,0.0
,,,,,,,,,,,,,,,,,,,,256.0,141216628.0,0.998513,-0.004169,-0.007406,0.053841,0.022151,-0.014447,-0.362473,0.0
,,,,,,,,,,,,,,,,,,,,257.0,141233295.0,0.998513,-0.004163,-0.007412,0.05384,0.013429,-0.015094,-0.388214,0.0
,,,,,,,,,,,,,,,,,,,,258.0,141249962.0,0.998513,-0.004167,-0.007419,0.053845,0.009334,-0.021248,-0.374604,0.0
,,,,,,,,,,,,,,,,,,,,259.0,141266629.0,0.998513,-0.004163,-0.007419,0.053839,-0.000144,0.007805,-0.35905,0.0
,,,,,,,,,,,,,,,,,,,,260.0,141283296.0,0.998514,-0.004171,-0.007414,0.053836,-0.035681,0.018344,-0.365542,0.0
,,,,,,,,,,,,,,,,,,,,261.0,141299963.0,0.998513,-0.00417,-0.007419,0.053841,-0.032255,0.023624,-0.391506,0.0
,,,,,,,,,,,,,,,,,,,,262.0,141316630.0,0.998513,-0.004179,-0.007416,0.053838,-0.029604,0.037397,-0.373712,0.0
,,,,,,,,,,,,,,,,,,,,263.0,141333297.0,0.998514,-0.004183,-0.007417,0.05383,-0.022467,0.014679,-0.360005,0.0
,,,,,,,,,,,,,,,,,,,,264.0,141349964.0,0.998514,-0.004187,-0.007423,0.053819,-0.010216,0.015591,-0.351805,0.0
,,,,,,,,,,,,,,,,,,,,265.0,141366631.0,0.998514,-0.004181,-0.007426,0.053824,-0.002712,-0.007518,-0.349378,0.0
,,,,,,,,,,,,,,,,,,,,266.0,141383298.0,0.998515,-0.00418,-0.00743,0.053813,0.004817,-0.00131,-0.354612,0.0
,,,,,,,,,,,,,,,,,,,,267.0,141399965.0,0.998514,-0.004189,-0.00743,0.05382,0.021403,-0.021944,-0.366932,0.0
,,,,,,,,,,,,,,,,,,,,268.0,141416632.0,0.998515,-0.004196,-0.007426,0.053816,0.030175,-0.020429,-0.36429,0.0
,,,,,,,,,,,,,,,,,,,,269.0,141433299.0,0.998515,-0.004201,-0.007439,0.05381,0.025226,-0.000736,-0.357281,0.0
,,,,,,,,,,,,,,,,,,,,270.0,141449966.0,0.998514,-0.004211,-0.00745,0.053814,0.008314,0.002009,-0.349933,0.0
,,,,,,,,,,,,,,,,,,,,271.0,141466633.0,0.998515,-0.004211,-0.007454,0.053808,0.01339,0.031109,-0.393045,0.0
,,,,,,,,,,,,,,,,,,,,272.0,141483300.0,0.998515,-0.004212,-0.007455,0.05381,-0.009101,0.036515,-0.382384,0.0
,,,,,,,,,,,,,,,,,,,,273.0,141499967.0,0.998515,-0.004222,-0.007449,0.053806,-0.024471,0.031714,-0.357918,0.0
,,,,,,,,,,,,,,,,,,,,274.0,141516634.0,0.998515,-0.004227,-0.007439,0.053805,-0.039722,0.00704,-0.367887,0.0
,,,,,,,,,,,,,,,,,,,,275.0,141533301.0,0.998515,-0.004227,-0.007443,0.05381,-0.022588,0.001579,-0.357754,0.0
,,,,,,,,,,,,,,,,,,,,276.0,141549968.0,0.998514,-0.004229,-0.007443,0.053811,-0.023409,-0.006943,-0.36648,0.0
,,,,,,,,,,,,,,,,,,,,277.0,141566635.0,0.998515,-0.004229,-0.007442,0.053803,-0.009465,-0.012394,-0.356116,0.0
,,,,,,,,,,,,,,,,,,,,278.0,141583302.0,0.998515,-0.004225,-0.007444,0.053793,0.01628,-0.015323,-0.379847,0.0
,,,,,,,,,,,,,,,,,,,,279.0,141599969.0,0.998515,-0.004219,-0.007447,0.053796,0.00458,0.001194,-0.362743,0.0
,,,,,,,,,,,,,,,,,,,,280.0,141616636.0,0.998516,-0.004221,-0.007452,0.053788,0.025476,8e-06,-0.361525,0.0
,,,,,,,,,,,,,,,,,,,,281.0,141633303.0,0.998515,-0.004236,-0.007421,0.053802,0.038097,0.025783,-0.356672,0.0
,,,,,,,,,,,,,,,,,,,,282.0,141649970.0,0.998521,-0.004385,-0.007293,0.053692,0.107988,0.010133,-0.366149,0.0
,,,,,,,,,,,,,,,,,,,,283.0,141666637.0,0.998618,-0.004183,-0.007556,0.051849,1.592014,-0.017818,-0.342974,0.0
,,,,,,,,,,,,,,,,,,,,284.0,141683304.0,0.998676,-0.003886,-0.007721,0.050704,-1.89786,-0.22741,-0.40036,0.0
,,,,,,,,,,,,,,,,,,,,285.0,141699971.0,0.998728,-0.003975,-0.007645,0.049692,0.015327,-0.166542,-0.304421,0.0
,,,,,,,,,,,,,,,,,,,,286.0,141716638.0,0.998679,-0.004431,-0.007309,0.050663,0.269291,0.251456,-0.355362,0.0
,,,,,,,,,,,,,,,,,,,,287.0,141733305.0,0.998614,-0.004698,-0.007019,0.051958,0.132041,-0.023052,-0.3475,0.0
,,,,,,,,,,,,,,,,,,,,288.0,141749972.0,0.998581,-0.004783,-0.006933,0.052578,0.316243,-0.145262,-0.379428,0.0
,,,,,,,,,,,,,,,,,,,,289.0,141766639.0,0.998573,-0.004474,-0.007211,0.052727,0.111469,0.13275,-0.386523,0.0
,,,,,,,,,,,,,,,,,,,,290.0,141783306.0,0.998579,-0.003933,-0.007592,0.052613,-0.024861,0.288823,-0.375503,0.0
,,,,,,,,,,,,,,,,,,,,291.0,141799973.0,0.998607,-0.003736,-0.00773,0.052063,-0.067722,0.221411,-0.346462,0.0
,,,,,,,,,,,,,,,,,,,,292.0,141816640.0,0.998661,-0.00376,-0.007836,0.050988,-0.136568,0.083524,-0.317357,0.0
,,,,,,,,,,,,,,,,,,,,293.0,141833307.0,0.998731,-0.003739,-0.008091,0.049564,0.146968,0.082003,-0.356127,0.0
,,,,,,,,,,,,,,,,,,,,294.0,141849974.0,0.998807,-0.003626,-0.008528,0.047948,0.082989,0.054791,-0.3619,0.0
,,,,,,,,,,,,,,,,,,,,295.0,141866641.0,0.99887,-0.003628,-0.009315,0.04647,-0.005431,-0.071114,-0.282024,0.0
,,,,,,,,,,,,,,,,,,,,296.0,141883308.0,0.998937,-0.003748,-0.010031,0.044846,-0.019002,-0.185533,-0.463276,0.0
,,,,,,,,,,,,,,,,,,,,297.0,141899975.0,0.999031,-0.003676,-0.009515,0.042823,0.202761,-0.200661,-0.583863,0.0
,,,,,,,,,,,,,,,,,,,,298.0,141916642.0,0.999139,-0.003707,-0.008196,0.040502,0.068982,-0.114547,-0.192557,0.0
,,,,,,,,,,,,,,,,,,,,299.0,141933309.0,0.999218,-0.003707,-0.007727,0.038602,-0.329037,0.120532,-0.359833,0.0
,,,,,,,,,,,,,,,,,,,,300.0,141949976.0,0.999288,-0.003856,-0.007583,0.036767,-0.047056,0.126767,-0.316886,0.0
,,,,,,,,,,,,,,,,,,,,301.0,141966643.0,0.999358,-0.003983,-0.007524,0.034817,-0.048159,0.084163,-0.380626,0.0
,,,,,,,,,,,,,,,,,,,,302.0,141983310.0,0.999424,-0.003967,-0.00747,0.032872,0.12855,0.119473,-0.35586,0.0
,,,,,,,,,,,,,,,,,,,,303.0,141999977.0,0.999475,-0.00395,-0.007442,0.031296,-0.002708,0.151799,-0.377439,0.0
,,,,,,,,,,,,,,,,,,,,304.0,142016644.0,0.999494,-0.003968,-0.007383,0.030673,-0.020808,0.06738,-0.339396,0.0
,,,,,,,,,,,,,,,,,,,,305.0,142033311.0,0.99949,-0.003972,-0.007357,0.030806,-0.247989,-0.187009,-0.372598,0.0
,,,,,,,,,,,,,,,,,,,,306.0,142049978.0,0.999479,-0.004088,-0.007216,0.031211,-0.243598,-0.137069,-0.353097,0.0
,,,,,,,,,,,,,,,,,,,,307.0,142066645.0,0.999479,-0.004303,-0.006983,0.031225,-0.099971,-0.162623,-0.358889,0.0
,,,,,,,,,,,,,,,,,,,,308.0,142083312.0,0.99945,-0.004878,-0.006314,0.032198,-0.266545,0.112386,-0.330363,0.0
,,,,,,,,,,,,,,,,,,,,309.0,142099979.0,0.999432,-0.005576,-0.005284,0.032814,0.02092,-0.321425,-0.383933,0.0
,,,,,,,,,,,,,,,,,,,,310.0,142116646.0,0.999441,-0.005976,-0.004035,0.032635,-0.179684,-0.143413,-0.298229,0.0
,,,,,,,,,,,,,,,,,,,,311.0,142133313.0,0.999445,-0.006527,-0.002126,0.032607,-0.084131,-0.049371,-0.32975,0.0
,,,,,,,,,,,,,,,,,,,,312.0,142149980.0,0.99944,-0.006824,0.000229,0.032745,-0.216967,0.002557,-0.340426,0.0
,,,,,,,,,,,,,,,,,,,,313.0,142166647.0,0.999469,-0.006974,0.002289,0.031746,-0.459278,-0.292845,-0.452234,0.0
,,,,,,,,,,,,,,,,,,,,314.0,142183314.0,0.999413,-0.006977,0.001931,0.033484,0.252514,-0.062709,-0.516514,0.0
,,,,,,,,,,,,,,,,,,,,315.0,142199981.0,0.999353,-0.00699,0.001786,0.035241,-0.097694,0.128063,-0.274379,0.0
,,,,,,,,,,,,,,,,,,,,316.0,142216648.0,0.999302,-0.007008,0.001971,0.036651,-0.009377,-0.081774,-0.358783,0.0
,,,,,,,,,,,,,,,,,,,,317.0,142233315.0,0.999272,-0.007005,0.00201,0.037459,0.118198,-0.059788,-0.352682,0.0
,,,,,,,,,,,,,,,,,,,,318.0,142249982.0,0.99925,-0.006964,0.001903,0.038035,0.249798,0.062601,-0.371001,0.0
,,,,,,,,,,,,,,,,,,,,319.0,142266649.0,0.999214,-0.006907,0.001514,0.039007,0.24697,0.128606,-0.369574,0.0
,,,,,,,,,,,,,,,,,,,,320.0,142283316.0,0.999163,-0.006832,0.000992,0.040329,0.126418,0.115777,-0.351826,0.0
,,,,,,,,,,,,,,,,,,,,321.0,142299983.0,0.999104,-0.006742,0.000583,0.041774,0.117757,0.110505,-0.376619,0.0
,,,,,,,,,,,,,,,,,,,,322.0,142316650.0,0.99905,-0.006713,0.00043,0.043047,-0.010561,0.027333,-0.329734,0.0
,,,,,,,,,,,,,,,,,,,,323.0,142333317.0,0.999008,-0.00671,0.000532,0.044031,0.045293,0.119965,-0.364606,0.0
,,,,,,,,,,,,,,,,,,,,324.0,142349984.0,0.99897,-0.006712,0.0005,0.044872,0.063254,0.111758,-0.349524,0.0
,,,,,,,,,,,,,,,,,,,,325.0,142366651.0,0.998953,-0.006739,0.0007,0.045239,-0.011998,0.039764,-0.336626,0.0
,,,,,,,,,,,,,,,,,,,,326.0,142383318.0,0.998957,-0.006758,0.000822,0.045163,0.015477,0.007453,-0.36385,0.0
,,,,,,,,,,,,,,,,,,,,327.0,142399985.0,0.99898,-0.006767,0.000174,0.044655,0.53306,-0.036633,-0.416337,0.0
,,,,,,,,,,,,,,,,,,,,328.0,142416652.0,0.998984,-0.006629,-0.001523,0.044558,-0.065997,0.078201,-0.379416,0.0
,,,,,,,,,,,,,,,,,,,,329.0,142433319.0,0.999001,-0.006307,-0.002957,0.044144,-0.096145,0.041712,-0.330309,0.0
,,,,,,,,,,,,,,,,,,,,330.0,142449986.0,0.999026,-0.006254,-0.003301,0.043561,-0.18863,0.015222,-0.323539,0.0
,,,,,,,,,,,,,,,,,,,,331.0,142466653.0,0.999027,-0.006286,-0.003107,0.043533,-0.146648,-0.063233,-0.363849,0.0
,,,,,,,,,,,,,,,,,,,,332.0,142483320.0,0.99903,-0.006306,-0.002982,0.04349,-0.020829,-0.012854,-0.393708,0.0
,,,,,,,,,,,,,,,,,,,,333.0,142499987.0,0.999015,-0.006318,-0.002823,0.043844,-0.02998,-0.04465,-0.315646,0.0
,,,,,,,,,,,,,,,,,,,,334.0,142516654.0,0.998994,-0.006632,-0.000474,0.044357,-1.052391,-0.567286,-0.152556,0.0
,,,,,,,,,,,,,,,,,,,,335.0,142533321.0,0.999011,-0.004371,0.004411,0.044038,-2.196294,-1.382804,-0.805532,0.0
,,,,,,,,,,,,,,,,,,,,336.0,142549988.0,0.998937,-0.003585,0.00374,0.045801,-3.026676,-1.366391,-0.183946,0.0
,,,,,,,,,,,,,,,,,,,,337.0,142566655.0,0.998858,-0.003811,0.004966,0.047365,-3.702193,-1.720573,-0.441971,0.0
,,,,,,,,,,,,,,,,,,,,338.0,142583322.0,0.998893,-0.003607,0.005887,0.046524,-3.230083,-1.971708,-0.126085,0.0
,,,,,,,,,,,,,,,,,,,,339.0,142599989.0,0.99903,-0.005435,0.004991,0.043425,-4.031904,-0.698853,0.463364,0.0
,,,,,,,,,,,,,,,,,,,,340.0,142616656.0,0.99913,-0.00939,0.001421,0.040609,-4.330353,0.825593,-0.301767,0.0
,,,,,,,,,,,,,,,,,,,,341.0,142633323.0,0.998814,-0.014901,-0.006069,0.04595,-4.257786,1.315805,-0.317052,0.0
,,,,,,,,,,,,,,,,,,,,342.0,142649990.0,0.997846,-0.022538,-0.019941,0.058297,-5.861703,2.321757,-1.51598,0.0
,,,,,,,,,,,,,,,,,,,,343.0,142666657.0,0.996428,-0.027992,-0.033624,0.072237,-2.625299,2.306819,-0.337996,0.0
,,,,,,,,,,,,,,,,,,,,344.0,142683324.0,0.994534,-0.03852,-0.040975,0.087969,-1.152787,1.333078,-1.224667,0.0
,,,,,,,,,,,,,,,,,,,,345.0,142699991.0,0.99248,-0.045285,-0.046028,0.103996,0.926947,0.94889,-0.657268,0.0
,,,,,,,,,,,,,,,,,,,,346.0,142716658.0,0.990006,-0.049877,-0.049448,0.122289,0.684385,0.647492,-0.094368,0.0
,,,,,,,,,,,,,,,,,,,,347.0,142733325.0,0.987046,-0.053951,-0.053157,0.141438,1.123263,2.029124,0.222411,0.0
,,,,,,,,,,,,,,,,,,,,348.0,142749992.0,0.984406,-0.056204,-0.052507,0.158206,3.803105,-0.355144,-0.326126,0.0
,,,,,,,,,,,,,,,,,,,,349.0,142766659.0,0.982835,-0.058393,-0.046645,0.168671,6.002858,-0.540037,-0.26374,0.0
,,,,,,,,,,,,,,,,,,,,350.0,142783326.0,0.982068,-0.059464,-0.039985,0.17438,6.73514,-0.921743,0.721594,0.0
,,,,,,,,,,,,,,,,,,,,351.0,142799993.0,0.981835,-0.059254,-0.035998,0.176614,6.788613,-0.405719,1.43815,0.0
,,,,,,,,,,,,,,,,,,,,352.0,142816660.0,0.981875,-0.057966,-0.034269,0.177166,6.021346,-0.01786,1.217327,0.0
,,,,,,,,,,,,,,,,,,,,353.0,142833327.0,0.982265,-0.054778,-0.033912,0.176079,6.123459,0.246545,0.866897,0.0
,,,,,,,,,,,,,,,,,,,,354.0,142849994.0,0.983022,-0.05044,-0.03522,0.172866,7.092854,-0.315913,0.347793,0.0
,,,,,,,,,,,,,,,,,,,,355.0,142866661.0,0.984139,-0.046318,-0.036459,0.167318,6.636801,-1.196472,-0.794829,0.0
,,,,,,,,,,,,,,,,,,,,356.0,142883328.0,0.985671,-0.044173,-0.037723,0.158361,6.84656,-1.267536,-1.347401,0.0
,,,,,,,,,,,,,,,,,,,,357.0,142899995.0,0.987351,-0.045312,-0.040005,0.146576,7.11198,-2.096034,-1.840155,0.0
,,,,,,,,,,,,,,,,,,,,358.0,142916662.0,0.988888,-0.05065,-0.044434,0.132514,5.742874,-1.82179,-1.773408,0.0
,,,,,,,,,,,,,,,,,,,,359.0,142933329.0,0.990258,-0.059364,-0.050789,0.115267,4.358532,-1.839184,-1.378504,0.0
,,,,,,,,,,,,,,,,,,,,360.0,142949996.0,0.991357,-0.069886,-0.056512,0.095575,3.814903,-1.051501,0.116855,0.0
,,,,,,,,,,,,,,,,,,,,361.0,142966663.0,0.991601,-0.080071,-0.064601,0.078375,0.92304,-0.497957,1.254152,0.0
,,,,,,,,,,,,,,,,,,,,362.0,142983330.0,0.991406,-0.088708,-0.073355,0.062156,-2.617305,1.565916,1.869819,0.0
,,,,,,,,,,,,,,,,,,,,363.0,142999997.0,0.99142,-0.092003,-0.079636,0.047756,-4.237488,3.211508,1.643846,0.0
,,,,,,,,,,,,,,,,,,,,364.0,143016664.0,0.992363,-0.089203,-0.07863,0.032796,-5.102746,3.210663,0.192517,0.0
,,,,,,,,,,,,,,,,,,,,365.0,143033331.0,0.993919,-0.081047,-0.071954,0.019496,-4.060448,2.195724,-1.101768,0.0
,,,,,,,,,,,,,,,,,,,,366.0,143049998.0,0.995547,-0.071696,-0.060484,0.009372,-3.393554,0.296615,-2.954547,0.0
,,,,,,,,,,,,,,,,,,,,367.0,143066665.0,0.99679,-0.063394,-0.048728,0.004001,-3.825415,-0.074449,-3.554825,0.0
,,,,,,,,,,,,,,,,,,,,368.0,143083332.0,0.997285,-0.058483,-0.044109,0.00755,-4.603086,1.155422,-1.346343,0.0
,,,,,,,,,,,,,,,,,,,,369.0,143099999.0,0.997283,-0.054673,-0.046325,0.017102,-4.857882,1.877654,0.663599,0.0
,,,,,,,,,,,,,,,,,,,,370.0,143116666.0,0.997569,-0.049185,-0.04416,0.022047,-3.860854,0.176147,0.330985,0.0
,,,,,,,,,,,,,,,,,,,,371.0,143133333.0,0.998124,-0.043142,-0.037129,0.022571,-2.384961,-1.092886,-0.708607,0.0
,,,,,,,,,,,,,,,,,,,,372.0,143150000.0,0.998537,-0.037842,-0.030982,0.023066,-1.583,-1.458191,-1.484568,0.0
,,,,,,,,,,,,,,,,,,,,373.0,143166667.0,0.998644,-0.034416,-0.027873,0.027376,-2.093458,-0.429336,-2.373527,0.0
,,,,,,,,,,,,,,,,,,,,374.0,143183334.0,0.99857,-0.032841,-0.024719,0.034185,-2.800568,-0.17413,-2.924215,0.0
,,,,,,,,,,,,,,,,,,,,375.0,143200001.0,0.998551,-0.032768,-0.018379,0.038524,-2.35085,-0.619041,-2.485404,0.0
,,,,,,,,,,,,,,,,,,,,376.0,143216668.0,0.998596,-0.034087,-0.011272,0.038961,-1.441392,-0.942412,-1.477257,0.0
,,,,,,,,,,,,,,,,,,,,377.0,143233335.0,0.998748,-0.036305,-0.002878,0.03431,-0.497324,-1.323705,-0.872427,0.0
,,,,,,,,,,,,,,,,,,,,378.0,143250002.0,0.99877,-0.03891,0.003775,0.030508,0.80669,-1.398505,-0.2198,0.0
,,,,,,,,,,,,,,,,,,,,379.0,143266669.0,0.998642,-0.041262,0.008721,0.030595,0.033704,-0.644873,0.253691,0.0
,,,,,,,,,,,,,,,,,,,,380.0,143283336.0,0.998535,-0.042834,0.014587,0.02968,-1.355059,0.401562,0.067722,0.0
,,,,,,,,,,,,,,,,,,,,381.0,143300003.0,0.998459,-0.043058,0.019149,0.029324,-1.091912,0.843687,0.398497,0.0
,,,,,,,,,,,,,,,,,,,,382.0,143316670.0,0.998404,-0.042614,0.023594,0.028585,-0.497521,0.447132,0.652722,0.0
,,,,,,,,,,,,,,,,,,,,383.0,143333337.0,0.998406,-0.041822,0.026026,0.027542,0.523803,0.098965,0.878714,0.0
,,,,,,,,,,,,,,,,,,,,384.0,143350004.0,0.998775,-0.036572,0.022574,0.024528,0.200967,-0.811746,0.444609,0.0
,,,,,,,,,,,,,,,,,,,,385.0,143366671.0,0.999526,-0.013003,0.015719,0.023059,2.269288,-0.123877,-0.041076,0.0
,,,,,,,,,,,,,,,,,,,,386.0,143383338.0,0.999499,-0.007161,0.015454,0.026666,1.863838,-0.082758,1.816421,0.0
,,,,,,,,,,,,,,,,,,,,387.0,143400005.0,0.999391,-0.005949,0.014142,0.031357,-0.363375,0.452323,0.066789,0.0
,,,,,,,,,,,,,,,,,,,,388.0,143416672.0,0.999262,-0.00532,0.014174,0.035314,0.81746,0.163485,-0.259603,0.0
,,,,,,,,,,,,,,,,,,,,389.0,143433339.0,0.999141,-0.004457,0.014245,0.038652,0.622403,-0.043685,-0.307933,0.0
,,,,,,,,,,,,,,,,,,,,390.0,143450006.0,0.999089,-0.003725,0.01506,0.039763,0.507839,0.001554,-0.359157,0.0
,,,,,,,,,,,,,,,,,,,,391.0,143466673.0,0.999104,-0.002898,0.015405,0.039305,0.809496,0.066092,-0.39012,0.0
,,,,,,,,,,,,,,,,,,,,392.0,143483340.0,0.999124,-0.00292,0.014532,0.039128,-0.031378,0.089728,-0.274608,0.0
,,,,,,,,,,,,,,,,,,,,393.0,143500007.0,0.999115,-0.003661,0.013758,0.039571,0.180092,0.379287,-0.383872,0.0
,,,,,,,,,,,,,,,,,,,,394.0,143516674.0,0.999088,-0.004433,0.011614,0.040858,0.232616,0.080106,-0.432027,0.0
,,,,,,,,,,,,,,,,,,,,395.0,143533341.0,0.999069,-0.005597,0.009259,0.041769,-0.010032,-0.023566,-0.279877,0.0
,,,,,,,,,,,,,,,,,,,,396.0,143550008.0,0.999062,-0.006345,0.007158,0.042229,-0.013724,0.009017,-0.490904,0.0
,,,,,,,,,,,,,,,,,,,,397.0,143566675.0,0.999057,-0.006266,0.005611,0.042588,-0.058634,-0.007864,-0.255713,0.0
,,,,,,,,,,,,,,,,,,,,398.0,143583342.0,0.999054,-0.006205,0.00499,0.042761,-0.171422,-0.055438,-0.342551,0.0
,,,,,,,,,,,,,,,,,,,,399.0,143600009.0,0.999004,-0.006246,0.005041,0.043894,-0.201217,0.133182,-0.330183,0.0
,,,,,,,,,,,,,,,,,,,,400.0,143616676.0,0.998881,-0.006269,0.005169,0.046584,-0.034402,0.186361,-0.364792,0.0
,,,,,,,,,,,,,,,,,,,,401.0,143633343.0,0.998773,-0.00634,0.005069,0.048865,-0.109859,-0.392228,-0.402781,0.0
,,,,,,,,,,,,,,,,,,,,402.0,143650010.0,0.998709,-0.006333,0.005043,0.050157,-0.000613,0.05217,-0.319571,0.0
,,,,,,,,,,,,,,,,,,,,403.0,143666677.0,0.998625,-0.006374,0.005171,0.051776,0.05229,0.026953,-0.403529,0.0
,,,,,,,,,,,,,,,,,,,,404.0,143683344.0,0.998547,-0.006405,0.005361,0.053242,-0.063407,-0.170982,-0.316365,0.0
,,,,,,,,,,,,,,,,,,,,405.0,143700011.0,0.998465,-0.00653,0.006299,0.054648,-0.016691,0.030713,-0.346576,0.0
,,,,,,,,,,,,,,,,,,,,406.0,143716678.0,0.998384,-0.006559,0.007292,0.055976,-0.04389,-0.047166,-0.327857,0.0
,,,,,,,,,,,,,,,,,,,,407.0,143733345.0,0.998291,-0.006413,0.008678,0.057428,-0.237008,-0.050757,-0.379458,0.0
,,,,,,,,,,,,,,,,,,,,408.0,143750012.0,0.998113,-0.00664,0.008007,0.060519,-1.089952,0.107127,-0.939399,0.0
,,,,,,,,,,,,,,,,,,,,409.0,143766679.0,0.997742,-0.006811,0.007482,0.066401,-0.165844,1.009049,-0.014808,0.0
,,,,,,,,,,,,,,,,,,,,410.0,143783346.0,0.997446,-0.003824,0.004255,0.071189,-0.319757,-0.510803,-0.88616,0.0
,,,,,,,,,,,,,,,,,,,,411.0,143800013.0,0.997136,-0.005866,-0.005538,0.075192,2.280649,-0.524146,0.389114,0.0
,,,,,,,,,,,,,,,,,,,,412.0,143816680.0,0.996993,-0.00456,-0.006813,0.077054,-0.335194,-0.197907,-0.366681,0.0
,,,,,,,,,,,,,,,,,,,,413.0,143833347.0,0.996994,-0.004526,-0.006832,0.077051,-0.020524,0.008956,-0.369021,0.0
,,,,,,,,,,,,,,,,,,,,414.0,143850014.0,0.996994,-0.004526,-0.006825,0.077039,0.005741,0.023044,-0.367195,0.0
,,,,,,,,,,,,,,,,,,,,415.0,143866681.0,0.996995,-0.004527,-0.00682,0.077032,0.010709,0.025705,-0.348727,0.0
,,,,,,,,,,,,,,,,,,,,416.0,143883348.0,0.996996,-0.004523,-0.006814,0.077026,0.010774,0.030462,-0.349545,0.0
,,,,,,,,,,,,,,,,,,,,417.0,143900015.0,0.996996,-0.00452,-0.006805,0.077026,0.026262,0.01856,-0.3477,0.0
,,,,,,,,,,,,,,,,,,,,418.0,143916682.0,0.996995,-0.00452,-0.006807,0.07703,0.032419,-0.000618,-0.348819,0.0
,,,,,,,,,,,,,,,,,,,,419.0,143933349.0,0.996995,-0.004517,-0.006804,0.077036,0.026649,-0.013985,-0.342552,0.0
,,,,,,,,,,,,,,,,,,,,420.0,143950016.0,0.996995,-0.00452,-0.006801,0.077032,0.005673,-0.007328,-0.358601,0.0
,,,,,,,,,,,,,,,,,,,,421.0,143966683.0,0.996995,-0.004524,-0.006804,0.077038,-0.020682,-0.00739,-0.360861,0.0
,,,,,,,,,,,,,,,,,,,,422.0,143983350.0,0.996994,-0.00453,-0.006808,0.077044,-0.020993,0.002573,-0.362967,0.0
,,,,,,,,,,,,,,,,,,,,423.0,144000017.0,0.996994,-0.004534,-0.006811,0.077042,-0.034946,0.028478,-0.359339,0.0
,,,,,,,,,,,,,,,,,,,,424.0,144016684.0,0.996994,-0.004535,-0.006808,0.077044,-0.029964,0.037123,-0.352968,0.0
,,,,,,,,,,,,,,,,,,,,425.0,144033351.0,0.996994,-0.004522,-0.00681,0.077049,-0.013365,0.036388,-0.354523,0.0
,,,,,,,,,,,,,,,,,,,,426.0,144050018.0,0.996994,-0.004521,-0.006809,0.077041,-0.0066,0.026369,-0.360362,0.0
,,,,,,,,,,,,,,,,,,,,427.0,144066685.0,0.996994,-0.00452,-0.006807,0.077045,0.002551,0.008008,-0.355151,0.0
,,,,,,,,,,,,,,,,,,,,428.0,144083352.0,0.996995,-0.004528,-0.006812,0.077036,0.01534,0.000611,-0.377421,0.0
,,,,,,,,,,,,,,,,,,,,429.0,144100019.0,0.996994,-0.00453,-0.006803,0.077043,0.020242,-0.010506,-0.358997,0.0
,,,,,,,,,,,,,,,,,,,,430.0,144116686.0,0.996994,-0.004518,-0.006799,0.077047,0.025812,-0.004607,-0.344699,0.0
,,,,,,,,,,,,,,,,,,,,431.0,144133353.0,0.996993,-0.004515,-0.006791,0.077059,0.008578,0.006868,-0.369809,0.0
,,,,,,,,,,,,,,,,,,,,432.0,144150020.0,0.996993,-0.004512,-0.006781,0.077067,-0.005975,0.021991,-0.342538,0.0
,,,,,,,,,,,,,,,,,,,,433.0,144166687.0,0.996993,-0.004498,-0.006787,0.077067,0.003123,0.029439,-0.367449,0.0
,,,,,,,,,,,,,,,,,,,,434.0,144183354.0,0.996993,-0.004502,-0.006781,0.077066,-0.018011,0.017914,-0.362486,0.0
,,,,,,,,,,,,,,,,,,,,435.0,144200021.0,0.996993,-0.004506,-0.006783,0.077058,-0.017096,0.011194,-0.37146,0.0
,,,,,,,,,,,,,,,,,,,,436.0,144216688.0,0.996994,-0.004501,-0.006784,0.077054,-0.012662,0.020024,-0.359084,0.0
,,,,,,,,,,,,,,,,,,,,437.0,144233355.0,0.996993,-0.0045,-0.006778,0.077058,-0.02669,0.003855,-0.34786,0.0
,,,,,,,,,,,,,,,,,,,,438.0,144250022.0,0.996994,-0.0045,-0.006777,0.077055,0.00234,-0.002649,-0.346031,0.0
,,,,,,,,,,,,,,,,,,,,439.0,144266689.0,0.996994,-0.004503,-0.006776,0.077046,0.01979,-0.000643,-0.371108,0.0
,,,,,,,,,,,,,,,,,,,,440.0,144283356.0,0.996995,-0.0045,-0.006781,0.077031,0.030313,0.004846,-0.373322,0.0
,,,,,,,,,,,,,,,,,,,,441.0,144300023.0,0.996995,-0.004506,-0.006773,0.077032,0.022549,0.034761,-0.350239,0.0
,,,,,,,,,,,,,,,,,,,,442.0,144316690.0,0.996995,-0.004514,-0.006774,0.077036,0.023846,0.024815,-0.334185,0.0
,,,,,,,,,,,,,,,,,,,,443.0,144333357.0,0.996995,-0.004524,-0.006768,0.077042,0.018855,0.015226,-0.351306,0.0
,,,,,,,,,,,,,,,,,,,,444.0,144350024.0,0.996995,-0.004526,-0.006764,0.077042,0.012763,0.013885,-0.35605,0.0
,,,,,,,,,,,,,,,,,,,,445.0,144366691.0,0.996994,-0.004522,-0.006766,0.077044,0.011653,0.013621,-0.367427,0.0
,,,,,,,,,,,,,,,,,,,,446.0,144383358.0,0.996995,-0.004526,-0.006775,0.07704,-0.008075,1.1e-05,-0.357799,0.0
,,,,,,,,,,,,,,,,,,,,447.0,144400025.0,0.996994,-0.004527,-0.006766,0.077045,-0.004056,0.0096,-0.370975,0.0
,,,,,,,,,,,,,,,,,,,,448.0,144416692.0,0.996995,-0.004524,-0.00677,0.077037,-0.027303,0.014753,-0.367424,0.0
,,,,,,,,,,,,,,,,,,,,449.0,144433359.0,0.996996,-0.004531,-0.006779,0.077027,-0.016019,0.006703,-0.346078,0.0
,,,,,,,,,,,,,,,,,,,,450.0,144450026.0,0.996996,-0.004533,-0.006774,0.077027,-0.007036,0.015515,-0.353196,0.0
,,,,,,,,,,,,,,,,,,,,451.0,144466693.0,0.996995,-0.004542,-0.006775,0.077032,0.006556,0.009371,-0.361661,0.0
,,,,,,,,,,,,,,,,,,,,452.0,144483360.0,0.996996,-0.004549,-0.006779,0.077026,0.005039,0.020354,-0.338554,0.0
,,,,,,,,,,,,,,,,,,,,453.0,144500027.0,0.996995,-0.004545,-0.006777,0.077039,0.016162,0.020123,-0.347095,0.0
,,,,,,,,,,,,,,,,,,,,454.0,144516694.0,0.996995,-0.004555,-0.006769,0.077041,0.014976,0.025224,-0.366798,0.0
,,,,,,,,,,,,,,,,,,,,455.0,144533361.0,0.996995,-0.004557,-0.006773,0.077036,0.017339,0.031281,-0.345793,0.0
,,,,,,,,,,,,,,,,,,,,456.0,144550028.0,0.996995,-0.004556,-0.006769,0.077034,0.015615,-0.000703,-0.379652,0.0
,,,,,,,,,,,,,,,,,,,,457.0,144566695.0,0.996996,-0.004569,-0.006768,0.077021,0.015814,-0.013283,-0.363526,0.0
,,,,,,,,,,,,,,,,,,,,458.0,144583362.0,0.996996,-0.004577,-0.006771,0.077022,0.006352,-0.008198,-0.350934,0.0
,,,,,,,,,,,,,,,,,,,,459.0,144600029.0,0.996996,-0.004592,-0.006766,0.077022,-0.001635,0.000313,-0.351991,0.0
,,,,,,,,,,,,,,,,,,,,460.0,144616696.0,0.996995,-0.004591,-0.006774,0.077035,0.007733,0.013926,-0.358658,0.0
,,,,,,,,,,,,,,,,,,,,461.0,144633363.0,0.996994,-0.004587,-0.006779,0.077044,-0.021903,0.028661,-0.368264,0.0
,,,,,,,,,,,,,,,,,,,,462.0,144650030.0,0.996994,-0.00459,-0.006783,0.077049,-0.019038,0.021512,-0.343472,0.0
,,,,,,,,,,,,,,,,,,,,463.0,144666697.0,0.996994,-0.004591,-0.006774,0.077043,0.004313,0.031618,-0.360022,0.0
,,,,,,,,,,,,,,,,,,,,464.0,144683364.0,0.996994,-0.004591,-0.006779,0.077049,-0.017969,0.024678,-0.357418,0.0
,,,,,,,,,,,,,,,,,,,,465.0,144700031.0,0.996994,-0.004599,-0.006778,0.077041,0.00038,0.012933,-0.371854,0.0
,,,,,,,,,,,,,,,,,,,,466.0,144716698.0,0.996995,-0.004605,-0.006779,0.07703,0.002356,-0.01349,-0.371075,0.0
,,,,,,,,,,,,,,,,,,,,467.0,144733365.0,0.996995,-0.004612,-0.006788,0.077027,0.000615,-0.003097,-0.357291,0.0
,,,,,,,,,,,,,,,,,,,,468.0,144750032.0,0.996995,-0.004615,-0.006788,0.077032,0.014073,-0.002419,-0.357334,0.0
,,,,,,,,,,,,,,,,,,,,469.0,144766699.0,0.996994,-0.004613,-0.006789,0.077041,0.007449,0.009832,-0.346645,0.0
,,,,,,,,,,,,,,,,,,,,470.0,144783366.0,0.996994,-0.004609,-0.006784,0.077039,0.003647,0.023295,-0.372915,0.0
,,,,,,,,,,,,,,,,,,,,471.0,144800033.0,0.996995,-0.004612,-0.006795,0.077026,-0.008901,0.01859,-0.365117,0.0
,,,,,,,,,,,,,,,,,,,,472.0,144816700.0,0.996995,-0.004617,-0.006796,0.07703,0.00319,0.03875,-0.372076,0.0
,,,,,,,,,,,,,,,,,,,,473.0,144833367.0,0.996994,-0.004615,-0.006804,0.077036,5.8e-05,0.038616,-0.373479,0.0
,,,,,,,,,,,,,,,,,,,,474.0,144850034.0,0.996995,-0.004606,-0.006817,0.077025,-0.001825,0.017176,-0.359832,0.0
,,,,,,,,,,,,,,,,,,,,475.0,144866701.0,0.996995,-0.004613,-0.006819,0.077025,-0.001683,0.006964,-0.357987,0.0
,,,,,,,,,,,,,,,,,,,,476.0,144883368.0,0.996996,-0.004616,-0.006809,0.077012,-0.013265,-0.002118,-0.363448,0.0
,,,,,,,,,,,,,,,,,,,,477.0,144900035.0,0.996997,-0.004616,-0.006806,0.077007,-0.013802,-0.001846,-0.36401,0.0
,,,,,,,,,,,,,,,,,,,,478.0,144916702.0,0.996997,-0.004621,-0.006792,0.077008,-0.005658,0.000309,-0.364972,0.0
,,,,,,,,,,,,,,,,,,,,479.0,144933369.0,0.996996,-0.004627,-0.006797,0.077015,0.00019,0.00482,-0.380172,0.0
,,,,,,,,,,,,,,,,,,,,480.0,144950036.0,0.996996,-0.00463,-0.006803,0.077011,0.006907,0.015678,-0.381488,0.0
,,,,,,,,,,,,,,,,,,,,481.0,144966703.0,0.996996,-0.004633,-0.006804,0.077014,0.008248,0.017877,-0.381057,0.0
,,,,,,,,,,,,,,,,,,,,482.0,144983370.0,0.996996,-0.004627,-0.006809,0.077019,0.028489,0.027227,-0.357799,0.0
,,,,,,,,,,,,,,,,,,,,483.0,145000037.0,0.996995,-0.004639,-0.006815,0.077022,0.015046,0.020172,-0.349352,0.0
,,,,,,,,,,,,,,,,,,,,484.0,145016704.0,0.996996,-0.004634,-0.006812,0.077018,0.007434,0.022533,-0.361356,0.0
,,,,,,,,,,,,,,,,,,,,485.0,145033371.0,0.996994,-0.00463,-0.006804,0.077034,-0.018838,0.002205,-0.37563,0.0
,,,,,,,,,,,,,,,,,,,,486.0,145050038.0,0.996993,-0.004638,-0.006787,0.077048,0.00178,0.00085,-0.347268,0.0
,,,,,,,,,,,,,,,,,,,,487.0,145066705.0,0.996993,-0.004634,-0.006783,0.077059,-0.007694,0.012741,-0.360117,0.0
,,,,,,,,,,,,,,,,,,,,488.0,145083372.0,0.996993,-0.004631,-0.006774,0.077059,-0.012247,0.028165,-0.367183,0.0
,,,,,,,,,,,,,,,,,,,,489.0,145100039.0,0.996992,-0.004628,-0.006777,0.077066,-0.00033,0.023849,-0.361102,0.0
,,,,,,,,,,,,,,,,,,,,490.0,145116706.0,0.996992,-0.004632,-0.006783,0.077074,-0.00689,0.013021,-0.32896,0.0
,,,,,,,,,,,,,,,,,,,,491.0,145133373.0,0.996992,-0.00463,-0.006773,0.077067,0.002245,0.00021,-0.347215,0.0
,,,,,,,,,,,,,,,,,,,,492.0,145150040.0,0.996993,-0.004629,-0.006774,0.077057,-0.001963,0.01232,-0.348227,0.0
,,,,,,,,,,,,,,,,,,,,493.0,145166707.0,0.996993,-0.004622,-0.006777,0.077057,0.008916,0.003123,-0.36499,0.0
,,,,,,,,,,,,,,,,,,,,494.0,145183374.0,0.996993,-0.004617,-0.00677,0.077055,-0.001104,0.003254,-0.33342,0.0
,,,,,,,,,,,,,,,,,,,,495.0,145200041.0,0.996993,-0.004611,-0.006764,0.07706,0.004654,0.022241,-0.380782,0.0
,,,,,,,,,,,,,,,,,,,,496.0,145216708.0,0.996993,-0.004615,-0.00677,0.077054,0.008545,0.011643,-0.361405,0.0
,,,,,,,,,,,,,,,,,,,,497.0,145233375.0,0.996994,-0.004616,-0.006766,0.077048,0.004998,0.000513,-0.36393,0.0
,,,,,,,,,,,,,,,,,,,,498.0,145250042.0,0.996994,-0.004625,-0.006772,0.077046,-0.004121,0.006795,-0.375993,0.0
,,,,,,,,,,,,,,,,,,,,499.0,145266709.0,0.996993,-0.004614,-0.006769,0.077052,-0.003945,0.019947,-0.369279,0.0
,,,,,,,,,,,,,,,,,,,,500.0,145283376.0,0.996993,-0.004609,-0.00678,0.077056,-0.007603,0.027461,-0.352888,0.0
,,,,,,,,,,,,,,,,,,,,501.0,145300043.0,0.996992,-0.004616,-0.006784,0.077065,-0.0096,0.017352,-0.352489,0.0
,,,,,,,,,,,,,,,,,,,,502.0,145316710.0,0.996993,-0.00463,-0.006789,0.07706,0.007299,0.023418,-0.359903,0.0
,,,,,,,,,,,,,,,,,,,,503.0,145333377.0,0.996993,-0.004621,-0.00679,0.077055,-0.006742,0.015499,-0.371298,0.0
,,,,,,,,,,,,,,,,,,,,504.0,145350044.0,0.996994,-0.004624,-0.006793,0.077049,-0.005251,0.006096,-0.375567,0.0
,,,,,,,,,,,,,,,,,,,,505.0,145366711.0,0.996994,-0.00463,-0.006805,0.07704,-0.000264,0.008434,-0.36754,0.0
,,,,,,,,,,,,,,,,,,,,506.0,145383378.0,0.996993,-0.004634,-0.006812,0.077047,0.011448,0.000911,-0.358018,0.0
,,,,,,,,,,,,,,,,,,,,507.0,145400045.0,0.996994,-0.004635,-0.006813,0.077043,0.016536,0.005383,-0.357238,0.0
,,,,,,,,,,,,,,,,,,,,508.0,145416712.0,0.996994,-0.004621,-0.006817,0.077041,0.00042,0.014532,-0.363663,0.0
,,,,,,,,,,,,,,,,,,,,509.0,145433379.0,0.996994,-0.004613,-0.006812,0.077046,0.011003,0.020151,-0.367607,0.0
,,,,,,,,,,,,,,,,,,,,510.0,145450046.0,0.996994,-0.004618,-0.006807,0.077037,-0.006806,0.03193,-0.377779,0.0
,,,,,,,,,,,,,,,,,,,,511.0,145466713.0,0.996995,-0.004622,-0.006806,0.077029,-0.01531,0.019223,-0.373136,0.0
,,,,,,,,,,,,,,,,,,,,512.0,145483380.0,0.996995,-0.00462,-0.006815,0.077032,-0.017874,0.021282,-0.368139,0.0
,,,,,,,,,,,,,,,,,,,,513.0,145500047.0,0.996995,-0.004616,-0.006817,0.077024,-0.008662,0.001128,-0.363119,0.0
,,,,,,,,,,,,,,,,,,,,514.0,145516714.0,0.996995,-0.004615,-0.006823,0.077021,-0.005172,0.005547,-0.341052,0.0
,,,,,,,,,,,,,,,,,,,,515.0,145533381.0,0.996996,-0.004619,-0.00682,0.077019,0.01134,0.01428,-0.373319,0.0
,,,,,,,,,,,,,,,,,,,,516.0,145550048.0,0.996995,-0.004619,-0.00682,0.07703,2e-05,0.016764,-0.375866,0.0
,,,,,,,,,,,,,,,,,,,,517.0,145566715.0,0.996994,-0.004615,-0.006827,0.077038,0.009397,0.015271,-0.357443,0.0
,,,,,,,,,,,,,,,,,,,,518.0,145583382.0,0.996994,-0.004612,-0.006822,0.077036,0.004589,0.020866,-0.374319,0.0
,,,,,,,,,,,,,,,,,,,,519.0,145600049.0,0.996995,-0.004608,-0.006823,0.07703,0.013895,0.021267,-0.355804,0.0
,,,,,,,,,,,,,,,,,,,,520.0,145616716.0,0.996995,-0.004613,-0.006825,0.077024,0.005656,0.014296,-0.337755,0.0
,,,,,,,,,,,,,,,,,,,,521.0,145633383.0,0.996996,-0.004605,-0.006827,0.077018,-0.001049,0.011331,-0.380157,0.0
,,,,,,,,,,,,,,,,,,,,522.0,145650050.0,0.996995,-0.004596,-0.00682,0.077024,-0.00284,-0.003334,-0.349893,0.0
,,,,,,,,,,,,,,,,,,,,523.0,145666717.0,0.996996,-0.004597,-0.00681,0.077021,0.004683,0.013974,-0.374164,0.0
,,,,,,,,,,,,,,,,,,,,524.0,145683384.0,0.996995,-0.004604,-0.006804,0.077027,-0.014627,0.007785,-0.371172,0.0
,,,,,,,,,,,,,,,,,,,,525.0,145700051.0,0.996995,-0.004601,-0.006798,0.077027,-0.004739,0.013924,-0.382613,0.0
,,,,,,,,,,,,,,,,,,,,526.0,145716718.0,0.996996,-0.004605,-0.006785,0.07702,-0.030515,0.013809,-0.369551,0.0
,,,,,,,,,,,,,,,,,,,,527.0,145733385.0,0.996997,-0.004608,-0.00679,0.077008,-0.042735,0.025097,-0.331289,0.0
,,,,,,,,,,,,,,,,,,,,528.0,145750052.0,0.996996,-0.00461,-0.006799,0.077011,-0.010546,0.015091,-0.363347,0.0
,,,,,,,,,,,,,,,,,,,,529.0,145766719.0,0.996997,-0.004609,-0.006796,0.077008,-0.009192,0.02427,-0.344301,0.0
,,,,,,,,,,,,,,,,,,,,530.0,145783386.0,0.996996,-0.004617,-0.006789,0.077014,0.017563,-0.009826,-0.368714,0.0
,,,,,,,,,,,,,,,,,,,,531.0,145800053.0,0.996996,-0.004627,-0.006788,0.077021,0.02752,-0.004714,-0.337614,0.0
,,,,,,,,,,,,,,,,,,,,532.0,145816720.0,0.996995,-0.004623,-0.006788,0.077035,0.047971,0.026351,-0.357785,0.0
,,,,,,,,,,,,,,,,,,,,533.0,145833387.0,0.996995,-0.004614,-0.006779,0.07703,0.037405,0.032457,-0.362279,0.0
,,,,,,,,,,,,,,,,,,,,534.0,145850054.0,0.996995,-0.004619,-0.006787,0.077031,0.017213,0.035524,-0.356086,0.0
,,,,,,,,,,,,,,,,,,,,535.0,145866721.0,0.996995,-0.004618,-0.006789,0.077031,-0.007407,0.025001,-0.349502,0.0
,,,,,,,,,,,,,,,,,,,,536.0,145883388.0,0.996995,-0.004625,-0.006785,0.077031,-0.02197,0.027599,-0.402233,0.0
,,,,,,,,,,,,,,,,,,,,537.0,145900055.0,0.996994,-0.004623,-0.006774,0.077046,-0.032997,0.023103,-0.343682,0.0
,,,,,,,,,,,,,,,,,,,,538.0,145916722.0,0.996993,-0.004608,-0.00677,0.077054,-0.05044,0.025733,-0.364468,0.0
,,,,,,,,,,,,,,,,,,,,539.0,145933389.0,0.996994,-0.004606,-0.006764,0.077051,-0.028242,0.001736,-0.352868,0.0
,,,,,,,,,,,,,,,,,,,,540.0,145950056.0,0.996994,-0.004615,-0.006776,0.077045,-0.023422,0.014086,-0.381231,0.0
,,,,,,,,,,,,,,,,,,,,541.0,145966723.0,0.996995,-0.00462,-0.006767,0.077035,-0.00359,0.01499,-0.372995,0.0
,,,,,,,,,,,,,,,,,,,,542.0,145983390.0,0.996994,-0.004624,-0.006776,0.077042,0.011364,0.009532,-0.347182,0.0
,,,,,,,,,,,,,,,,,,,,543.0,146000057.0,0.996995,-0.004626,-0.00678,0.077033,0.035543,0.013254,-0.354162,0.0
,,,,,,,,,,,,,,,,,,,,544.0,146016724.0,0.996995,-0.004616,-0.006777,0.077033,0.041982,0.024228,-0.358282,0.0
,,,,,,,,,,,,,,,,,,,,545.0,146033391.0,0.996995,-0.004606,-0.006773,0.077035,0.040606,0.02375,-0.317718,0.0
,,,,,,,,,,,,,,,,,,,,546.0,146050058.0,0.996995,-0.004607,-0.006774,0.077035,0.024322,0.016679,-0.441364,0.0
,,,,,,,,,,,,,,,,,,,,547.0,146066725.0,0.996994,-0.00461,-0.006766,0.077039,0.024244,0.014132,-0.354184,0.0
,,,,,,,,,,,,,,,,,,,,548.0,146083392.0,0.996994,-0.004614,-0.006774,0.077042,-0.002209,0.005693,-0.362164,0.0
,,,,,,,,,,,,,,,,,,,,549.0,146100059.0,0.996994,-0.004611,-0.006778,0.077037,-0.023784,0.009425,-0.343629,0.0
,,,,,,,,,,,,,,,,,,,,550.0,146116726.0,0.996995,-0.004617,-0.006778,0.077025,-0.034939,0.018366,-0.330112,0.0
,,,,,,,,,,,,,,,,,,,,551.0,146133393.0,0.996995,-0.004607,-0.006785,0.07703,-0.039181,0.025359,-0.431446,0.0
,,,,,,,,,,,,,,,,,,,,552.0,146150060.0,0.996994,-0.004612,-0.006774,0.077042,-0.032684,0.022351,-0.363038,0.0
,,,,,,,,,,,,,,,,,,,,553.0,146166727.0,0.996995,-0.004612,-0.006778,0.077035,-0.007784,0.024745,-0.363449,0.0
,,,,,,,,,,,,,,,,,,,,554.0,146183394.0,0.996994,-0.004613,-0.006775,0.077046,0.00401,0.024564,-0.332815,0.0
,,,,,,,,,,,,,,,,,,,,555.0,146200061.0,0.996995,-0.004611,-0.006761,0.077031,0.015928,0.042856,-0.347228,0.0
,,,,,,,,,,,,,,,,,,,,556.0,146216728.0,0.996996,-0.004607,-0.006757,0.077019,0.032218,0.016072,-0.386786,0.0
,,,,,,,,,,,,,,,,,,,,557.0,146233395.0,0.996997,-0.004612,-0.00676,0.077011,0.037749,-0.001302,-0.39244,0.0
,,,,,,,,,,,,,,,,,,,,558.0,146250062.0,0.996996,-0.004618,-0.006763,0.077014,0.045897,-0.005521,-0.361236,0.0
,,,,,,,,,,,,,,,,,,,,559.0,146266729.0,0.996996,-0.004618,-0.006751,0.077019,0.005725,0.020869,-0.35015,0.0
,,,,,,,,,,,,,,,,,,,,560.0,146283396.0,0.996996,-0.004611,-0.006746,0.077023,0.008646,0.009275,-0.357475,0.0
,,,,,,,,,,,,,,,,,,,,561.0,146300063.0,0.996995,-0.004605,-0.00674,0.077036,-0.006581,0.021429,-0.349142,0.0
,,,,,,,,,,,,,,,,,,,,562.0,146316730.0,0.996995,-0.004596,-0.006729,0.077036,-0.016298,0.026899,-0.363325,0.0
,,,,,,,,,,,,,,,,,,,,563.0,146333397.0,0.996996,-0.004601,-0.00673,0.077027,-0.01381,0.032309,-0.349377,0.0
,,,,,,,,,,,,,,,,,,,,564.0,146350064.0,0.996996,-0.004601,-0.00672,0.077022,-0.036415,0.020653,-0.385529,0.0
,,,,,,,,,,,,,,,,,,,,565.0,146366731.0,0.996997,-0.00461,-0.006711,0.077009,-0.022157,0.023916,-0.336637,0.0
,,,,,,,,,,,,,,,,,,,,566.0,146383398.0,0.996998,-0.004611,-0.0067,0.077001,-0.017041,0.011699,-0.387568,0.0
,,,,,,,,,,,,,,,,,,,,567.0,146400065.0,0.996999,-0.0046,-0.006687,0.076987,0.004856,0.002059,-0.296675,0.0
,,,,,,,,,,,,,,,,,,,,568.0,146416732.0,0.997,-0.004601,-0.006691,0.076982,0.024078,0.009891,-0.389101,0.0
,,,,,,,,,,,,,,,,,,,,569.0,146433399.0,0.996999,-0.004605,-0.006694,0.076989,0.027239,0.020487,-0.413761,0.0
,,,,,,,,,,,,,,,,,,,,570.0,146450066.0,0.996998,-0.004605,-0.006689,0.076994,0.037515,0.018234,-0.34003,0.0
,,,,,,,,,,,,,,,,,,,,571.0,146466733.0,0.996999,-0.004596,-0.006691,0.076988,0.034867,0.024432,-0.359831,0.0
,,,,,,,,,,,,,,,,,,,,572.0,146483400.0,0.996999,-0.004598,-0.006681,0.076993,0.034359,0.02072,-0.324681,0.0
,,,,,,,,,,,,,,,,,,,,573.0,146500067.0,0.996998,-0.004569,-0.006736,0.077005,0.020315,0.022803,-0.39441,0.0
,,,,,,,,,,,,,,,,,,,,574.0,146516734.0,0.996997,-0.004565,-0.006739,0.077012,-0.000634,0.014134,-0.378433,0.0
,,,,,,,,,,,,,,,,,,,,575.0,146533401.0,0.996997,-0.004571,-0.00674,0.077009,-0.024211,0.006947,-0.345198,0.0
,,,,,,,,,,,,,,,,,,,,576.0,146550068.0,0.996997,-0.004575,-0.006742,0.077009,-0.028696,0.00777,-0.395715,0.0
,,,,,,,,,,,,,,,,,,,,577.0,146566735.0,0.996997,-0.004581,-0.006748,0.077007,-0.02728,-0.005715,-0.304523,0.0
,,,,,,,,,,,,,,,,,,,,578.0,146583402.0,0.996997,-0.004578,-0.006753,0.077011,-0.028719,-0.007106,-0.340227,0.0
,,,,,,,,,,,,,,,,,,,,579.0,146600069.0,0.996997,-0.004581,-0.00675,0.077011,-0.015526,0.012897,-0.395964,0.0
,,,,,,,,,,,,,,,,,,,,580.0,146616736.0,0.996997,-0.004582,-0.006745,0.077009,-0.008872,0.024423,-0.361426,0.0
,,,,,,,,,,,,,,,,,,,,581.0,146633403.0,0.996997,-0.004576,-0.006744,0.07701,0.014493,0.011118,-0.325869,0.0
,,,,,,,,,,,,,,,,,,,,582.0,146650070.0,0.996997,-0.004568,-0.006743,0.077013,0.028506,0.016751,-0.374823,0.0
,,,,,,,,,,,,,,,,,,,,583.0,146666737.0,0.996997,-0.004572,-0.006753,0.077011,0.036422,0.000376,-0.346626,0.0
,,,,,,,,,,,,,,,,,,,,584.0,146683404.0,0.996997,-0.004575,-0.006751,0.077011,0.035832,0.008146,-0.338748,0.0
,,,,,,,,,,,,,,,,,,,,585.0,146700071.0,0.996996,-0.004582,-0.006755,0.077019,0.025529,0.010384,-0.381745,0.0
,,,,,,,,,,,,,,,,,,,,586.0,146716738.0,0.996997,-0.004584,-0.006753,0.077008,0.012642,0.017032,-0.343253,0.0
,,,,,,,,,,,,,,,,,,,,587.0,146733405.0,0.996997,-0.004578,-0.006746,0.077006,0.002816,0.007851,-0.345339,0.0
,,,,,,,,,,,,,,,,,,,,588.0,146750072.0,0.996997,-0.004574,-0.006744,0.077011,-0.000307,0.020551,-0.36229,0.0
,,,,,,,,,,,,,,,,,,,,589.0,146766739.0,0.996997,-0.004573,-0.006754,0.077014,-0.02603,0.013461,-0.334029,0.0
,,,,,,,,,,,,,,,,,,,,590.0,146783406.0,0.996997,-0.004584,-0.006755,0.07701,-0.034375,0.02511,-0.368308,0.0
,,,,,,,,,,,,,,,,,,,,591.0,146800073.0,0.996997,-0.004586,-0.006753,0.077007,-0.028652,0.020717,-0.37051,0.0
,,,,,,,,,,,,,,,,,,,,592.0,146816740.0,0.996997,-0.004588,-0.006749,0.077009,-0.025823,0.016029,-0.34741,0.0
,,,,,,,,,,,,,,,,,,,,593.0,146833407.0,0.996997,-0.004591,-0.006754,0.077016,-0.005428,0.03879,-0.35694,0.0
,,,,,,,,,,,,,,,,,,,,594.0,146850074.0,0.996996,-0.004588,-0.006755,0.077018,0.007248,0.00713,-0.350135,0.0
,,,,,,,,,,,,,,,,,,,,595.0,146866741.0,0.996997,-0.00458,-0.006758,0.077014,0.011045,0.008818,-0.355814,0.0
,,,,,,,,,,,,,,,,,,,,596.0,146883408.0,0.996997,-0.004582,-0.006759,0.077012,0.016931,0.004455,-0.342274,0.0
,,,,,,,,,,,,,,,,,,,,597.0,146900075.0,0.996995,-0.004591,-0.006763,0.07703,0.019686,0.035371,-0.36069,0.0
,,,,,,,,,,,,,,,,,,,,598.0,146916742.0,0.996429,-0.004756,-0.006677,0.084032,0.215507,1.583585,-0.365093,0.0
,,,,,,,,,,,,,,,,,,,,599.0,146933409.0,0.994937,-0.004868,-0.006712,0.100161,-0.832167,-0.4407,-0.3728,0.0
,,,,,,,,,,,,,,,,,,,,600.0,146950076.0,0.993846,-0.004971,-0.006731,0.110457,0.796744,-0.517301,-0.393258,0.0
,,,,,,,,,,,,,,,,,,,,601.0,146966743.0,0.993374,-0.005006,-0.006703,0.114625,-0.196346,-0.515571,-0.331972,0.0
,,,,,,,,,,,,,,,,,,,,602.0,146983410.0,0.993377,-0.004986,-0.006705,0.114594,-0.042286,0.032779,-0.34901,0.0
,,,,,,,,,,,,,,,,,,,,603.0,147000077.0,0.993378,-0.004988,-0.006706,0.11459,-0.015662,0.010361,-0.356743,0.0
,,,,,,,,,,,,,,,,,,,,604.0,147016744.0,0.993378,-0.004995,-0.0067,0.114591,-0.03032,0.003848,-0.386188,0.0
,,,,,,,,,,,,,,,,,,,,605.0,147033411.0,0.993378,-0.004989,-0.006694,0.114591,-0.019627,0.003303,-0.352676,0.0
,,,,,,,,,,,,,,,,,,,,606.0,147050078.0,0.993384,-0.005006,-0.006698,0.114532,-0.045896,-0.004205,-0.319692,0.0
,,,,,,,,,,,,,,,,,,,,607.0,147066745.0,0.995256,-0.004402,-0.007036,0.096941,2.352027,0.465545,-0.373854,0.0
,,,,,,,,,,,,,,,,,,,,608.0,147083412.0,0.996934,-0.004184,-0.006967,0.077824,0.528287,-0.054666,-0.336151,0.0
,,,,,,,,,,,,,,,,,,,,609.0,147100079.0,0.998192,-0.004514,-0.006677,0.059564,-0.969456,-0.19001,-0.359667,0.0
,,,,,,,,,,,,,,,,,,,,610.0,147116746.0,0.998448,-0.004524,-0.007982,0.054936,-4.154292,2.435152,-0.126534,0.0
,,,,,,,,,,,,,,,,,,,,611.0,147133413.0,0.998277,-0.007823,-0.015583,0.056037,1.173484,0.597335,1.278808,0.0
,,,,,,,,,,,,,,,,,,,,612.0,147150080.0,0.99808,-0.009206,-0.020628,0.057675,-0.878006,-0.942038,0.933057,0.0
,,,,,,,,,,,,,,,,,,,,613.0,147166747.0,0.998122,-0.007347,-0.03138,0.0521,-3.693327,-0.535611,4.534005,0.0
,,,,,,,,,,,,,,,,,,,,614.0,147183414.0,0.998052,-0.003626,-0.045069,0.042976,-1.816408,2.847008,11.889809,0.0
,,,,,,,,,,,,,,,,,,,,615.0,147200081.0,0.998308,0.00953,-0.046293,0.033878,-1.956244,0.814642,14.885559,0.0
,,,,,,,,,,,,,,,,,,,,616.0,147216748.0,0.998753,0.031081,-0.032998,0.020935,-3.524648,0.688301,15.691292,0.0
,,,,,,,,,,,,,,,,,,,,617.0,147233415.0,0.998128,0.056388,-0.020252,0.012295,-3.84757,-0.861463,14.604467,0.0
,,,,,,,,,,,,,,,,,,,,618.0,147250082.0,0.996502,0.082244,-0.012312,0.008246,-0.811832,-2.825249,10.607031,0.0
,,,,,,,,,,,,,,,,,,,,619.0,147266749.0,0.994334,0.105407,-0.011825,0.007099,-0.170709,-3.326819,4.067981,0.0
,,,,,,,,,,,,,,,,,,,,620.0,147283416.0,0.991685,0.125402,-0.026225,0.012141,-0.355192,-1.976786,0.298829,0.0
,,,,,,,,,,,,,,,,,,,,621.0,147300083.0,0.988136,0.143338,-0.048731,0.025834,0.305158,-1.115147,-3.704709,0.0
,,,,,,,,,,,,,,,,,,,,622.0,147316750.0,0.983468,0.158867,-0.07357,0.046249,0.34432,-0.6416,-7.423476,0.0
,,,,,,,,,,,,,,,,,,,,623.0,147333417.0,0.97813,0.170943,-0.097819,0.06687,0.387238,0.01056,-11.792998,0.0
,,,,,,,,,,,,,,,,,,,,624.0,147350084.0,0.973341,0.179752,-0.115513,0.083386,4.058049,0.174029,-15.440214,0.0
,,,,,,,,,,,,,,,,,,,,625.0,147366751.0,0.969657,0.184856,-0.128029,0.095929,6.863638,0.769171,-16.904789,0.0
,,,,,,,,,,,,,,,,,,,,626.0,147383418.0,0.967627,0.185403,-0.13602,0.10403,8.164035,0.93687,-17.234585,0.0
,,,,,,,,,,,,,,,,,,,,627.0,147400085.0,0.967317,0.180169,-0.142395,0.10752,9.0297,1.006425,-16.095726,0.0
,,,,,,,,,,,,,,,,,,,,628.0,147416752.0,0.967488,0.170193,-0.150742,0.110808,6.794014,1.487568,-15.491244,0.0
,,,,,,,,,,,,,,,,,,,,629.0,147433419.0,0.968331,0.158316,-0.155692,0.114157,2.745634,1.929608,-14.509563,0.0
,,,,,,,,,,,,,,,,,,,,630.0,147450086.0,0.970456,0.146474,-0.151552,0.117443,1.220819,1.419363,-13.127718,0.0
,,,,,,,,,,,,,,,,,,,,631.0,147466753.0,0.973718,0.133906,-0.138791,0.12116,-0.699914,0.70097,-10.101007,0.0
,,,,,,,,,,,,,,,,,,,,632.0,147483420.0,0.977605,0.119807,-0.122612,0.122071,-2.169226,-0.339418,-6.9234,0.0
,,,,,,,,,,,,,,,,,,,,633.0,147500087.0,0.981127,0.103911,-0.109487,0.120851,-2.469705,-1.062642,-2.013362,0.0
,,,,,,,,,,,,,,,,,,,,634.0,147516754.0,0.983193,0.087879,-0.104451,0.121241,-3.83628,-0.334294,1.729443,0.0
,,,,,,,,,,,,,,,,,,,,635.0,147533421.0,0.984036,0.077011,-0.10082,0.124807,-6.485989,1.025648,4.849241,0.0
,,,,,,,,,,,,,,,,,,,,636.0,147550088.0,0.9859,0.072483,-0.084753,0.12476,-4.973892,0.744015,5.304565,0.0
,,,,,,,,,,,,,,,,,,,,637.0,147566755.0,0.988126,0.069505,-0.060236,0.12308,-1.49205,-1.141417,3.738111,0.0
,,,,,,,,,,,,,,,,,,,,638.0,147583422.0,0.989887,0.06349,-0.039553,0.120534,0.456586,-1.990543,3.235183,0.0
,,,,,,,,,,,,,,,,,,,,639.0,147600089.0,0.99098,0.054302,-0.030663,0.118612,0.521049,-0.547506,6.317785,0.0
,,,,,,,,,,,,,,,,,,,,640.0,147616756.0,0.991543,0.046551,-0.027926,0.117881,0.140105,0.684099,7.575811,0.0
,,,,,,,,,,,,,,,,,,,,641.0,147633423.0,0.992147,0.042265,-0.022467,0.115558,0.325448,0.286768,5.818088,0.0
,,,,,,,,,,,,,,,,,,,,642.0,147650090.0,0.992919,0.039254,-0.015575,0.111035,-0.014422,-0.610704,2.854559,0.0
,,,,,,,,,,,,,,,,,,,,643.0,147666757.0,0.993764,0.034643,-0.009021,0.1056,-0.130234,-0.304206,1.976012,0.0
,,,,,,,,,,,,,,,,,,,,644.0,147683424.0,0.994469,0.028006,-0.005186,0.101094,-0.113587,-0.085001,1.406798,0.0
,,,,,,,,,,,,,,,,,,,,645.0,147700091.0,0.995032,0.020947,-0.002467,0.097299,0.009205,0.550159,1.852324,0.0
,,,,,,,,,,,,,,,,,,,,646.0,147716758.0,0.995357,0.015397,-1.4e-05,0.095015,-0.030412,0.5028,1.663424,0.0
,,,,,,,,,,,,,,,,,,,,647.0,147733425.0,0.995587,0.0117,0.002135,0.093086,-0.607876,0.375149,1.15395,0.0
,,,,,,,,,,,,,,,,,,,,648.0,147750092.0,0.995831,0.008138,0.005368,0.090701,-0.397573,-0.218589,0.083034,0.0
,,,,,,,,,,,,,,,,,,,,649.0,147766759.0,0.995508,0.013191,-0.001407,0.093745,2.691355,2.978224,10.339117,0.0
,,,,,,,,,,,,,,,,,,,,650.0,147783426.0,0.995504,0.013003,0.000462,0.093825,-1.587042,-1.521249,-1.757995,0.0
,,,,,,,,,,,,,,,,,,,,651.0,147800093.0,0.995533,0.014009,0.003124,0.09332,-0.256074,-0.049754,0.084429,0.0
,,,,,,,,,,,,,,,,,,,,652.0,147816760.0,0.995414,0.011012,0.003598,0.094956,-0.027968,-0.014726,-0.856649,0.0
,,,,,,,,,,,,,,,,,,,,653.0,147833427.0,0.995468,0.009096,0.003806,0.094588,0.264381,0.282615,-0.221061,0.0
,,,,,,,,,,,,,,,,,,,,654.0,147850094.0,0.995522,0.007302,0.003205,0.094194,0.528645,0.669356,-0.705898,0.0
,,,,,,,,,,,,,,,,,,,,655.0,147866761.0,0.995569,0.004825,0.001029,0.093902,0.087993,0.18262,-0.446499,0.0
,,,,,,,,,,,,,,,,,,,,656.0,147883428.0,0.995649,0.000642,-0.001235,0.093175,-0.054346,0.120695,-0.069369,0.0
,,,,,,,,,,,,,,,,,,,,657.0,147900095.0,0.995736,-0.003845,-0.003152,0.092119,-0.089998,-0.080577,-0.272685,0.0
,,,,,,,,,,,,,,,,,,,,658.0,147916762.0,0.995816,-0.006563,-0.004338,0.091041,-0.118675,-0.175465,-0.385824,0.0
,,,,,,,,,,,,,,,,,,,,659.0,147933429.0,0.99587,-0.007608,-0.004789,0.090347,-0.024591,-0.165773,-0.403673,0.0
,,,,,,,,,,,,,,,,,,,,660.0,147950096.0,0.995942,-0.007839,-0.005267,0.089506,0.025468,-0.112237,-0.28756,0.0
,,,,,,,,,,,,,,,,,,,,661.0,147966763.0,0.996037,-0.007757,-0.006089,0.088388,-0.021125,-0.051036,-0.14292,0.0
,,,,,,,,,,,,,,,,,,,,662.0,147983430.0,0.996151,-0.007834,-0.007663,0.086967,-0.021574,-0.051672,-0.065126,0.0
,,,,,,,,,,,,,,,,,,,,663.0,148000097.0,0.996269,-0.00788,-0.010087,0.085351,-0.134415,-0.07768,0.613104,0.0
,,,,,,,,,,,,,,,,,,,,664.0,148016764.0,0.997229,-0.007258,-0.008939,0.073495,0.714273,-0.691086,3.247671,0.0
,,,,,,,,,,,,,,,,,,,,665.0,148033431.0,0.997595,-0.007089,-0.014323,0.067438,0.65875,1.413357,4.439299,0.0
,,,,,,,,,,,,,,,,,,,,666.0,148050098.0,0.997806,-0.003505,-0.020761,0.062766,-1.580139,0.700757,5.658345,0.0
,,,,,,,,,,,,,,,,,,,,667.0,148066765.0,0.998087,0.006471,-0.022976,0.057035,-1.770494,1.85096,8.445829,0.0
,,,,,,,,,,,,,,,,,,,,668.0,148083432.0,0.998241,0.024877,-0.015988,0.051395,-1.166223,1.024457,11.02947,0.0
,,,,,,,,,,,,,,,,,,,,669.0,148100099.0,0.998084,0.046335,0.000348,0.041007,0.264069,-1.855124,10.63895,0.0
,,,,,,,,,,,,,,,,,,,,670.0,148116766.0,0.997509,0.063901,0.008322,0.028683,2.600004,-3.260569,8.425756,0.0
,,,,,,,,,,,,,,,,,,,,671.0,148133433.0,0.996856,0.076423,-0.003213,0.020654,0.940459,-2.559562,6.539228,0.0
,,,,,,,,,,,,,,,,,,,,672.0,148150100.0,0.995746,0.08691,-0.025501,0.016906,-2.58128,-0.711449,5.874176,0.0
,,,,,,,,,,,,,,,,,,,,673.0,148166767.0,0.993601,0.100816,-0.04803,0.016956,-5.916423,1.100177,5.431764,0.0
,,,,,,,,,,,,,,,,,,,,674.0,148183434.0,0.990077,0.12206,-0.065851,0.022661,-6.660476,1.114318,3.457047,0.0
,,,,,,,,,,,,,,,,,,,,675.0,148200101.0,0.986148,0.146968,-0.072202,0.026447,-3.291337,-1.180206,-2.038715,0.0
,,,,,,,,,,,,,,,,,,,,676.0,148216768.0,0.982223,0.168374,-0.078,0.028347,0.403063,-1.292969,-8.372546,0.0
,,,,,,,,,,,,,,,,,,,,677.0,148233435.0,0.978431,0.181695,-0.093453,0.030429,3.309565,-0.144066,-13.09975,0.0
,,,,,,,,,,,,,,,,,,,,678.0,148250102.0,0.974687,0.187182,-0.11666,0.03658,4.00784,1.684667,-15.661577,0.0
,,,,,,,,,,,,,,,,,,,,679.0,148266769.0,0.971916,0.187481,-0.134728,0.045593,3.848244,2.411711,-17.581123,0.0
,,,,,,,,,,,,,,,,,,,,680.0,148283436.0,0.971456,0.18441,-0.139391,0.053255,5.539159,2.339177,-18.361279,0.0
,,,,,,,,,,,,,,,,,,,,681.0,148300103.0,0.973139,0.177616,-0.134632,0.057687,7.623806,1.229283,-17.450306,0.0
,,,,,,,,,,,,,,,,,,,,682.0,148316770.0,0.975474,0.167556,-0.129873,0.059237,7.520828,0.88128,-14.989346,0.0
,,,,,,,,,,,,,,,,,,,,683.0,148333437.0,0.977726,0.155195,-0.128161,0.059518,6.127358,0.759783,-14.392071,0.0
,,,,,,,,,,,,,,,,,,,,684.0,148350104.0,0.98015,0.142022,-0.124876,0.059516,2.569856,0.695313,-13.531746,0.0
,,,,,,,,,,,,,,,,,,,,685.0,148366771.0,0.983571,0.127844,-0.113353,0.058269,-0.914995,0.692508,-11.421555,0.0
,,,,,,,,,,,,,,,,,,,,686.0,148383438.0,0.987373,0.11128,-0.097486,0.056643,-3.1453,0.322768,-7.706971,0.0
,,,,,,,,,,,,,,,,,,,,687.0,148400105.0,0.990497,0.09324,-0.084009,0.056261,-4.594394,0.141392,-1.345165,0.0
,,,,,,,,,,,,,,,,,,,,688.0,148416772.0,0.992436,0.076361,-0.077115,0.057391,-5.872989,0.49311,4.078889,0.0
,,,,,,,,,,,,,,,,,,,,689.0,148433439.0,0.993896,0.064324,-0.069768,0.056257,-5.985964,0.821002,7.561119,0.0
,,,,,,,,,,,,,,,,,,,,690.0,148450106.0,0.995368,0.057761,-0.05792,0.050514,-3.302275,-0.259577,7.703003,0.0
,,,,,,,,,,,,,,,,,,,,691.0,148466773.0,0.996692,0.053109,-0.043713,0.043289,-0.815054,-1.511766,5.959519,0.0
,,,,,,,,,,,,,,,,,,,,692.0,148483440.0,0.997607,0.048871,-0.032594,0.036464,-0.824319,-1.315439,6.171776,0.0
,,,,,,,,,,,,,,,,,,,,693.0,148500107.0,0.998323,0.044469,-0.021226,0.030396,-0.162031,-0.302756,8.088675,0.0
,,,,,,,,,,,,,,,,,,,,694.0,148516774.0,0.998689,0.041327,-0.013143,0.027206,0.073361,-0.170053,7.853659,0.0
,,,,,,,,,,,,,,,,,,,,695.0,148533441.0,0.998891,0.03899,-0.007695,0.025246,0.743795,-0.40186,5.595119,0.0
,,,,,,,,,,,,,,,,,,,,696.0,148550108.0,0.999088,0.036675,-0.003053,0.021635,1.28717,-0.738099,4.016063,0.0
,,,,,,,,,,,,,,,,,,,,697.0,148566775.0,0.999254,0.034156,-0.001243,0.017993,1.462268,-0.564569,2.212031,0.0
,,,,,,,,,,,,,,,,,,,,698.0,148583442.0,0.999383,0.031769,-0.000542,0.015001,0.626364,-0.169598,1.012763,0.0
,,,,,,,,,,,,,,,,,,,,699.0,148600109.0,0.99943,0.030706,-0.000233,0.014024,-0.697727,0.283442,0.462133,0.0
,,,,,,,,,,,,,,,,,,,,700.0,148616776.0,0.999454,0.030176,0.002832,0.013138,-0.764277,0.473629,-0.021918,0.0
,,,,,,,,,,,,,,,,,,,,701.0,148633443.0,0.999487,0.02876,0.007008,0.012242,-0.569554,-0.722886,-0.537468,0.0
,,,,,,,,,,,,,,,,,,,,702.0,148650110.0,0.999615,0.024582,0.008039,0.010049,-0.672644,-0.054939,0.443659,0.0
,,,,,,,,,,,,,,,,,,,,703.0,148666777.0,0.999783,0.018424,0.004202,0.008749,-0.950707,0.087398,0.751369,0.0
,,,,,,,,,,,,,,,,,,,,704.0,148683444.0,0.999778,0.017585,0.000383,0.011625,2.557406,0.560652,6.052497,0.0
,,,,,,,,,,,,,,,,,,,,705.0,148700111.0,0.999697,0.014837,-0.001851,0.019551,-6.227225,1.657768,-0.274529,0.0
,,,,,,,,,,,,,,,,,,,,706.0,148716778.0,0.999648,0.017885,-0.003177,0.01936,-9.371642,3.95945,-0.263762,0.0
,,,,,,,,,,,,,,,,,,,,707.0,148733445.0,0.999622,0.021752,0.004701,0.016147,-3.212369,2.172613,0.363915,0.0
,,,,,,,,,,,,,,,,,,,,708.0,148750112.0,0.99947,0.022975,0.015035,0.017494,-3.120277,1.176777,0.188484,0.0
,,,,,,,,,,,,,,,,,,,,709.0,148766779.0,0.999291,0.022049,0.015858,0.026064,-3.459602,2.221421,1.467499,0.0
,,,,,,,,,,,,,,,,,,,,710.0,148783446.0,0.998915,0.019994,0.010962,0.04061,-3.323906,1.838897,0.996388,0.0
,,,,,,,,,,,,,,,,,,,,711.0,148800113.0,0.998015,0.019655,0.004866,0.059642,-3.446235,1.539536,0.12463,0.0
,,,,,,,,,,,,,,,,,,,,712.0,148816780.0,0.996697,0.021187,0.005067,0.078234,-2.266209,0.782636,0.032504,0.0
,,,,,,,,,,,,,,,,,,,,713.0,148833447.0,0.995094,0.023041,0.010515,0.095641,-0.14595,-0.259267,-0.350412,0.0
,,,,,,,,,,,,,,,,,,,,714.0,148850114.0,0.993549,0.023779,0.014287,0.109956,1.787088,-1.550822,-0.678103,0.0
,,,,,,,,,,,,,,,,,,,,715.0,148866781.0,0.992256,0.023442,0.016278,0.120887,4.154669,-1.874736,-0.812783,0.0
,,,,,,,,,,,,,,,,,,,,716.0,148883448.0,0.991038,0.02286,0.015707,0.130669,5.322583,-1.798256,-0.744579,0.0
,,,,,,,,,,,,,,,,,,,,717.0,148900115.0,0.989631,0.023348,0.013261,0.141099,5.959816,-1.794316,-0.561133,0.0
,,,,,,,,,,,,,,,,,,,,718.0,148916782.0,0.988347,0.025056,0.011402,0.149712,6.691388,-2.16192,-0.583106,0.0
,,,,,,,,,,,,,,,,,,,,719.0,148933449.0,0.987437,0.02793,0.010076,0.155198,7.951236,-2.514907,-1.216063,0.0
,,,,,,,,,,,,,,,,,,,,720.0,148950116.0,0.987192,0.030749,0.008715,0.156303,9.016435,-2.949304,-1.752789,0.0
,,,,,,,,,,,,,,,,,,,,721.0,148966783.0,0.987445,0.032399,0.005504,0.154508,9.395183,-3.245611,-2.061697,0.0
,,,,,,,,,,,,,,,,,,,,722.0,148983450.0,0.988172,0.031414,-0.000597,0.150095,9.036275,-3.55993,-2.51877,0.0
,,,,,,,,,,,,,,,,,,,,723.0,149000117.0,0.989373,0.026905,-0.008118,0.142658,7.275212,-3.376619,-2.162984,0.0
,,,,,,,,,,,,,,,,,,,,724.0,149016784.0,0.990716,0.019945,-0.016632,0.133445,5.427283,-2.494049,-0.832644,0.0
,,,,,,,,,,,,,,,,,,,,725.0,149033451.0,0.992007,0.011892,-0.026158,0.122871,3.793675,-1.871128,0.842708,0.0
,,,,,,,,,,,,,,,,,,,,726.0,149050118.0,0.99313,0.00464,-0.036196,0.111179,1.820438,-0.313125,2.401271,0.0
,,,,,,,,,,,,,,,,,,,,727.0,149066785.0,0.993948,0.000388,-0.046727,0.09942,0.694382,0.621369,2.868993,0.0
,,,,,,,,,,,,,,,,,,,,728.0,149083452.0,0.994572,-0.000143,-0.055851,0.087794,-0.134751,0.994282,1.26506,0.0
,,,,,,,,,,,,,,,,,,,,729.0,149100119.0,0.995132,0.001,-0.061154,0.077271,-0.755174,0.689528,-1.159384,0.0
,,,,,,,,,,,,,,,,,,,,730.0,149116786.0,0.99554,0.000229,-0.064008,0.069303,-1.520719,0.907513,-2.678077,0.0
,,,,,,,,,,,,,,,,,,,,731.0,149133453.0,0.99548,-0.00561,-0.068501,0.065545,-1.447896,0.335564,-3.597281,0.0
,,,,,,,,,,,,,,,,,,,,732.0,149150120.0,0.995191,-0.016097,-0.073474,0.06275,-1.749995,0.83591,-1.733661,0.0
,,,,,,,,,,,,,,,,,,,,733.0,149166787.0,0.994418,-0.026968,-0.081986,0.060697,-2.31562,2.686399,1.799205,0.0
,,,,,,,,,,,,,,,,,,,,734.0,149183454.0,0.993236,-0.03358,-0.093622,0.059911,-2.134608,1.724732,0.533759,0.0
,,,,,,,,,,,,,,,,,,,,735.0,149200121.0,0.9925,-0.039224,-0.100942,0.056717,-2.890671,0.24036,-1.743128,0.0
,,,,,,,,,,,,,,,,,,,,736.0,149216788.0,0.992203,-0.045192,-0.104053,0.051604,-3.691171,1.349635,-0.756681,0.0
,,,,,,,,,,,,,,,,,,,,737.0,149233455.0,0.991948,-0.049511,-0.105517,0.049535,-3.496449,1.903315,0.020434,0.0
,,,,,,,,,,,,,,,,,,,,738.0,149250122.0,0.992026,-0.051079,-0.104308,0.048947,-4.529725,1.866376,0.231442,0.0
,,,,,,,,,,,,,,,,,,,,739.0,149266789.0,0.992092,-0.050284,-0.104045,0.048991,-3.716735,0.753014,-0.11643,0.0
,,,,,,,,,,,,,,,,,,,,740.0,149283456.0,0.992169,-0.05006,-0.103474,0.048872,-3.233339,-0.402432,-1.187971,0.0
,,,,,,,,,,,,,,,,,,,,741.0,149300123.0,0.992326,-0.051492,-0.101996,0.047272,-3.327673,-0.46322,-1.009739,0.0
,,,,,,,,,,,,,,,,,,,,742.0,149316790.0,0.992396,-0.053523,-0.10076,0.046178,-3.595596,-0.06017,-0.751601,0.0
,,,,,,,,,,,,,,,,,,,,743.0,149333457.0,0.992589,-0.055367,-0.098448,0.044825,-4.501444,0.13916,-0.402812,0.0
,,,,,,,,,,,,,,,,,,,,744.0,149350124.0,0.993038,-0.056013,-0.094513,0.042479,-4.829462,0.057925,-0.418679,0.0
,,,,,,,,,,,,,,,,,,,,745.0,149366791.0,0.994225,-0.054068,-0.085956,0.034715,-5.012199,-0.487081,-0.416275,0.0
,,,,,,,,,,,,,,,,,,,,746.0,149383458.0,0.996169,-0.04802,-0.070547,0.019066,-4.422433,-0.204842,0.254994,0.0
,,,,,,,,,,,,,,,,,,,,747.0,149400125.0,0.997771,-0.039982,-0.05331,0.003495,-2.321618,-0.628874,0.321033,0.0
,,,,,,,,,,,,,,,,,,,,748.0,149416792.0,0.998615,-0.032233,-0.040742,-0.008371,-2.196656,-1.489387,-0.338408,0.0
,,,,,,,,,,,,,,,,,,,,749.0,149433459.0,0.998843,-0.027206,-0.035716,-0.017222,-3.019224,-0.593858,-1.656435,0.0
,,,,,,,,,,,,,,,,,,,,750.0,149450126.0,0.998872,-0.023317,-0.0349,-0.022206,-3.155586,0.55501,-1.738553,0.0
,,,,,,,,,,,,,,,,,,,,751.0,149466793.0,0.99907,-0.018673,-0.03026,-0.024403,-2.716429,0.547956,-1.526013,0.0
,,,,,,,,,,,,,,,,,,,,752.0,149483460.0,0.999348,-0.013023,-0.020824,-0.026471,-2.665565,0.591491,-0.684795,0.0
,,,,,,,,,,,,,,,,,,,,753.0,149500127.0,0.999522,-0.007254,-0.010662,-0.028118,-2.063703,0.882405,-0.075523,0.0
,,,,,,,,,,,,,,,,,,,,754.0,149516794.0,0.999603,-0.002039,0.004174,-0.027778,0.461315,0.601383,1.110703,0.0
,,,,,,,,,,,,,,,,,,,,755.0,149533461.0,0.999522,0.005152,0.018646,-0.024101,2.149943,0.79888,1.375847,0.0
,,,,,,,,,,,,,,,,,,,,756.0,149550128.0,0.999735,0.009596,0.017538,-0.011457,0.46226,0.087639,0.629406,0.0
,,,,,,,,,,,,,,,,,,,,757.0,149566795.0,0.999723,0.014792,0.017431,-0.005566,0.264401,1.051042,0.417874,0.0
,,,,,,,,,,,,,,,,,,,,758.0,149583462.0,0.999628,0.019908,0.018518,-0.002211,3.242763,-0.431919,-0.492632,0.0
,,,,,,,,,,,,,,,,,,,,759.0,149600129.0,0.999556,0.022094,0.019915,0.001598,4.571777,-0.959134,0.012134,0.0
,,,,,,,,,,,,,,,,,,,,760.0,149616796.0,0.999496,0.022791,0.021958,0.002671,3.618183,-0.294798,0.338777,0.0
,,,,,,,,,,,,,,,,,,,,761.0,149633463.0,0.999362,0.023563,0.026804,0.001638,5.032299,-0.162261,0.046254,0.0
,,,,,,,,,,,,,,,,,,,,762.0,149650130.0,0.999272,0.024883,0.028824,0.002173,5.899463,-0.822891,-0.195041,0.0
,,,,,,,,,,,,,,,,,,,,763.0,149666797.0,0.999267,0.027321,0.026522,0.003951,5.018188,-0.323871,0.131201,0.0
,,,,,,,,,,,,,,,,,,,,764.0,149683464.0,0.999222,0.030543,0.024443,0.00511,3.495365,-0.212752,-0.809203,0.0
,,,,,,,,,,,,,,,,,,,,765.0,149700131.0,0.999106,0.034269,0.024259,0.004868,2.329116,-0.021926,-1.252391,0.0
,,,,,,,,,,,,,,,,,,,,766.0,149716798.0,0.998985,0.037469,0.024603,0.004467,2.090266,0.074568,-0.994378,0.0
,,,,,,,,,,,,,,,,,,,,767.0,149733465.0,0.999014,0.038691,0.020788,0.006515,1.496292,0.651493,-0.27789,0.0
,,,,,,,,,,,,,,,,,,,,768.0,149750132.0,0.999048,0.039342,0.016018,0.009904,1.056036,0.531997,-0.196491,0.0
,,,,,,,,,,,,,,,,,,,,769.0,149766799.0,0.999038,0.039557,0.012889,0.01388,1.138093,0.365351,-0.398431,0.0
,,,,,,,,,,,,,,,,,,,,770.0,149783466.0,0.999041,0.038834,0.009086,0.018087,0.397933,0.229949,-0.447316,0.0
,,,,,,,,,,,,,,,,,,,,771.0,149800133.0,0.999048,0.037767,0.005053,0.021235,0.023815,0.683425,-0.000747,0.0
,,,,,,,,,,,,,,,,,,,,772.0,149816800.0,0.998984,0.037291,0.000402,0.025299,-0.580058,1.457727,0.610322,0.0
,,,,,,,,,,,,,,,,,,,,773.0,149833467.0,0.998847,0.038369,-0.002035,0.028772,-1.739322,1.069081,0.243436,0.0
,,,,,,,,,,,,,,,,,,,,774.0,149850134.0,0.998791,0.040077,-0.001109,0.028437,-0.96319,0.755037,-0.065309,0.0
,,,,,,,,,,,,,,,,,,,,775.0,149866801.0,0.998664,0.042707,0.000196,0.029099,0.822674,0.047311,-0.263364,0.0
,,,,,,,,,,,,,,,,,,,,776.0,149883468.0,0.998388,0.047482,0.002429,0.030995,1.104097,-0.538095,-0.227436,0.0
,,,,,,,,,,,,,,,,,,,,777.0,149900135.0,0.998203,0.0488,0.00095,0.034776,0.704535,0.066166,-0.461063,0.0
,,,,,,,,,,,,,,,,,,,,778.0,149916802.0,0.997988,0.047992,-0.00759,0.040744,-0.013706,-0.731932,-1.396895,0.0
,,,,,,,,,,,,,,,,,,,,779.0,149933469.0,0.997763,0.046707,-0.012588,0.046152,-0.343393,-0.111568,-1.410136,0.0
,,,,,,,,,,,,,,,,,,,,780.0,149950136.0,0.9975,0.046507,-0.013387,0.051497,-0.993625,0.260617,-1.035213,0.0
,,,,,,,,,,,,,,,,,,,,781.0,149966803.0,0.9973,0.045915,-0.013485,0.055705,-0.693608,0.14281,-0.417327,0.0
,,,,,,,,,,,,,,,,,,,,782.0,149983470.0,0.997131,0.043535,-0.016653,0.059637,0.450809,-1.103628,-0.587701,0.0
,,,,,,,,,,,,,,,,,,,,783.0,150000137.0,0.996935,0.039388,-0.023586,0.063345,-0.397806,-0.489375,-0.617634,0.0
,,,,,,,,,,,,,,,,,,,,784.0,150016804.0,0.996737,0.035986,-0.029388,0.066003,-1.257911,0.087775,-0.893245,0.0
,,,,,,,,,,,,,,,,,,,,785.0,150033471.0,0.996688,0.034068,-0.031409,0.066822,-1.336809,0.176925,-1.31197,0.0
,,,,,,,,,,,,,,,,,,,,786.0,150050138.0,0.996807,0.032847,-0.02972,0.066431,-0.733308,-0.106403,-1.208358,0.0
,,,,,,,,,,,,,,,,,,,,787.0,150066805.0,0.997069,0.037413,-0.02165,0.063127,-1.278071,0.688505,0.177723,0.0
,,,,,,,,,,,,,,,,,,,,788.0,150083472.0,0.997419,0.038561,-0.011902,0.059391,-0.56966,0.097898,0.568319,0.0
,,,,,,,,,,,,,,,,,,,,789.0,150100139.0,0.997599,0.040026,-0.006228,0.056181,-0.36869,-0.14976,0.832956,0.0
,,,,,,,,,,,,,,,,,,,,790.0,150116806.0,0.997654,0.040756,-0.005155,0.054767,-0.161315,0.242194,0.580156,0.0
,,,,,,,,,,,,,,,,,,,,791.0,150133473.0,0.997513,0.042497,-0.006113,0.055893,-0.517792,-0.041103,-0.504179,0.0
,,,,,,,,,,,,,,,,,,,,792.0,150150140.0,0.997324,0.043754,-0.005039,0.058354,-0.225136,0.039489,-0.642987,0.0
,,,,,,,,,,,,,,,,,,,,793.0,150166807.0,0.997293,0.0417,-0.002989,0.060484,0.032888,0.015296,-0.067301,0.0
,,,,,,,,,,,,,,,,,,,,794.0,150183474.0,0.997332,0.03674,-0.000162,0.063087,-0.000847,0.214386,-0.320448,0.0
,,,,,,,,,,,,,,,,,,,,795.0,150200141.0,0.997495,0.02478,0.002871,0.066194,0.291542,0.191587,-0.140922,0.0
,,,,,,,,,,,,,,,,,,,,796.0,150216808.0,0.997289,-0.013801,-0.002729,0.072228,-0.206867,0.327,0.965085,0.0
,,,,,,,,,,,,,,,,,,,,797.0,150233475.0,0.996828,-0.006219,-0.005458,0.079155,0.422561,-0.621254,-2.120963,0.0
,,,,,,,,,,,,,,,,,,,,798.0,150250142.0,0.996644,-0.004666,-0.007124,0.081413,-0.647188,-0.252784,-0.055911,0.0
,,,,,,,,,,,,,,,,,,,,799.0,150266809.0,0.996645,-0.004657,-0.007109,0.081409,0.028226,0.027705,-0.360378,0.0
,,,,,,,,,,,,,,,,,,,,800.0,150283476.0,0.996645,-0.004661,-0.007097,0.081407,0.031353,0.020818,-0.377127,0.0
,,,,,,,,,,,,,,,,,,,,801.0,150300143.0,0.996645,-0.004662,-0.007095,0.081403,0.029777,0.021523,-0.353176,0.0
,,,,,,,,,,,,,,,,,,,,802.0,150316810.0,0.996645,-0.004657,-0.007101,0.081407,0.021791,0.018978,-0.352607,0.0
,,,,,,,,,,,,,,,,,,,,803.0,150333477.0,0.996644,-0.004653,-0.007098,0.081418,-0.00191,0.017958,-0.375445,0.0
,,,,,,,,,,,,,,,,,,,,804.0,150350144.0,0.996645,-0.004658,-0.007101,0.081405,-0.005579,0.01609,-0.375569,0.0
,,,,,,,,,,,,,,,,,,,,805.0,150366811.0,0.996646,-0.004671,-0.00709,0.081396,-0.03163,0.016559,-0.355242,0.0
,,,,,,,,,,,,,,,,,,,,806.0,150383478.0,0.996646,-0.004669,-0.007087,0.081391,-0.031504,0.016106,-0.369499,0.0
,,,,,,,,,,,,,,,,,,,,807.0,150400145.0,0.996646,-0.004668,-0.007084,0.081391,-0.031454,0.032914,-0.358503,0.0
,,,,,,,,,,,,,,,,,,,,808.0,150416812.0,0.996646,-0.004666,-0.007088,0.081387,-0.001798,0.019915,-0.366624,0.0
,,,,,,,,,,,,,,,,,,,,809.0,150433479.0,0.996647,-0.004673,-0.007082,0.081378,0.005047,0.022032,-0.365151,0.0
,,,,,,,,,,,,,,,,,,,,810.0,150450146.0,0.996647,-0.004675,-0.007078,0.081376,0.027715,0.026343,-0.371328,0.0
,,,,,,,,,,,,,,,,,,,,811.0,150466813.0,0.996648,-0.004669,-0.007072,0.081365,0.032429,0.015429,-0.362017,0.0
,,,,,,,,,,,,,,,,,,,,812.0,150483480.0,0.996648,-0.004674,-0.007071,0.081365,0.034595,0.012353,-0.348732,0.0
,,,,,,,,,,,,,,,,,,,,813.0,150500147.0,0.996648,-0.004681,-0.007075,0.081367,0.021062,0.002839,-0.372939,0.0
,,,,,,,,,,,,,,,,,,,,814.0,150516814.0,0.996649,-0.004673,-0.007075,0.08136,0.016246,0.008988,-0.364537,0.0
,,,,,,,,,,,,,,,,,,,,815.0,150533481.0,0.99665,-0.004664,-0.007081,0.081349,0.010928,0.007574,-0.341788,0.0
,,,,,,,,,,,,,,,,,,,,816.0,150550148.0,0.996651,-0.004616,-0.00714,0.081326,-0.013643,0.010938,-0.369525,0.0
,,,,,,,,,,,,,,,,,,,,817.0,150566815.0,0.996673,-0.004524,-0.007214,0.081061,-0.032012,-0.007541,-0.372252,0.0
,,,,,,,,,,,,,,,,,,,,818.0,150583482.0,0.996775,-0.004578,-0.007193,0.079787,-0.002439,0.059094,-0.367904,0.0
,,,,,,,,,,,,,,,,,,,,819.0,150600149.0,0.996782,-0.004562,-0.007195,0.079704,0.045682,0.056318,-0.366067,0.0
,,,,,,,,,,,,,,,,,,,,820.0,150616816.0,0.996784,-0.004549,-0.007208,0.079687,-0.006638,0.022239,-0.349639,0.0
,,,,,,,,,,,,,,,,,,,,821.0,150633483.0,0.996783,-0.004568,-0.007187,0.079695,0.008068,0.001716,-0.362502,0.0
,,,,,,,,,,,,,,,,,,,,822.0,150650150.0,0.996782,-0.0046,-0.007143,0.079712,0.028975,0.005442,-0.365068,0.0
,,,,,,,,,,,,,,,,,,,,823.0,150666817.0,0.99678,-0.00461,-0.007124,0.079731,0.025182,-0.005358,-0.352604,0.0
,,,,,,,,,,,,,,,,,,,,824.0,150683484.0,0.996781,-0.004612,-0.007126,0.079724,0.032466,0.003028,-0.372018,0.0
,,,,,,,,,,,,,,,,,,,,825.0,150700151.0,0.996781,-0.004604,-0.00712,0.079724,0.03284,0.018706,-0.35278,0.0
,,,,,,,,,,,,,,,,,,,,826.0,150716818.0,0.996781,-0.004608,-0.007124,0.079727,0.021455,0.030519,-0.373886,0.0
,,,,,,,,,,,,,,,,,,,,827.0,150733485.0,0.996781,-0.004594,-0.00712,0.079727,0.023032,0.019943,-0.359951,0.0
,,,,,,,,,,,,,,,,,,,,828.0,150750152.0,0.996781,-0.004593,-0.007115,0.079722,-0.00431,0.032058,-0.361541,0.0
,,,,,,,,,,,,,,,,,,,,829.0,150766819.0,0.996782,-0.004588,-0.007116,0.079709,0.005802,0.023055,-0.352566,0.0
,,,,,,,,,,,,,,,,,,,,830.0,150783486.0,0.996783,-0.004594,-0.007121,0.079703,-0.003297,0.022109,-0.389725,0.0
,,,,,,,,,,,,,,,,,,,,831.0,150800153.0,0.996783,-0.004589,-0.007123,0.079693,-0.020906,0.024708,-0.358974,0.0
,,,,,,,,,,,,,,,,,,,,832.0,150816820.0,0.996783,-0.00459,-0.007124,0.079696,-0.013938,0.012488,-0.361686,0.0
,,,,,,,,,,,,,,,,,,,,833.0,150833487.0,0.996784,-0.004576,-0.007129,0.079689,-0.013513,0.016912,-0.388777,0.0
,,,,,,,,,,,,,,,,,,,,834.0,150850154.0,0.996784,-0.004579,-0.00712,0.079689,-6.5e-05,0.012145,-0.362683,0.0
,,,,,,,,,,,,,,,,,,,,835.0,150866821.0,0.996784,-0.004579,-0.007115,0.079694,0.016301,0.032645,-0.36379,0.0
,,,,,,,,,,,,,,,,,,,,836.0,150883488.0,0.996784,-0.004585,-0.007099,0.079693,0.02405,0.010858,-0.3511,0.0
,,,,,,,,,,,,,,,,,,,,837.0,150900155.0,0.996785,-0.004585,-0.007107,0.079681,0.021841,0.021025,-0.347995,0.0
,,,,,,,,,,,,,,,,,,,,838.0,150916822.0,0.996785,-0.004582,-0.007113,0.079674,0.031635,0.020706,-0.374115,0.0
,,,,,,,,,,,,,,,,,,,,839.0,150933489.0,0.996785,-0.004582,-0.00712,0.079678,0.017356,0.019004,-0.3666,0.0
,,,,,,,,,,,,,,,,,,,,840.0,150950156.0,0.996785,-0.004586,-0.007117,0.079673,0.023814,0.00774,-0.342894,0.0
,,,,,,,,,,,,,,,,,,,,841.0,150966823.0,0.996782,-0.004608,-0.0071,0.079716,0.032531,0.038149,-0.337714,0.0
,,,,,,,,,,,,,,,,,,,,842.0,150983490.0,0.99677,-0.004634,-0.007113,0.079856,-0.032219,-0.013258,-0.349619,0.0
,,,,,,,,,,,,,,,,,,,,843.0,151000157.0,0.996761,-0.004679,-0.007065,0.07997,0.003146,0.036324,-0.380389,0.0
,,,,,,,,,,,,,,,,,,,,844.0,151016824.0,0.996625,-0.004709,-0.007052,0.081651,-0.292379,0.12218,-0.369781,0.0
,,,,,,,,,,,,,,,,,,,,845.0,151033491.0,0.996472,-0.004778,-0.007017,0.083493,-0.402846,-0.103688,-0.338707,0.0
,,,,,,,,,,,,,,,,,,,,846.0,151050158.0,0.99638,-0.004785,-0.007007,0.084591,0.091333,0.12096,-0.365314,0.0
,,,,,,,,,,,,,,,,,,,,847.0,151066825.0,0.99634,-0.004757,-0.007061,0.085059,0.164956,-0.101711,-0.352876,0.0
,,,,,,,,,,,,,,,,,,,,848.0,151083492.0,0.996304,-0.004752,-0.007099,0.085477,-0.054321,0.066719,-0.369761,0.0
,,,,,,,,,,,,,,,,,,,,849.0,151100159.0,0.996209,-0.004664,-0.007154,0.08657,0.395613,0.06522,-0.385313,0.0
,,,,,,,,,,,,,,,,,,,,850.0,151116826.0,0.996115,-0.004624,-0.007155,0.08765,0.17296,-0.044012,-0.339306,0.0
,,,,,,,,,,,,,,,,,,,,851.0,151133493.0,0.996037,-0.004604,-0.007171,0.08853,0.015082,0.033672,-0.360604,0.0
,,,,,,,,,,,,,,,,,,,,852.0,151150160.0,0.996009,-0.004613,-0.007189,0.08884,-0.000284,-0.010021,-0.361204,0.0
,,,,,,,,,,,,,,,,,,,,853.0,151166827.0,0.996013,-0.004609,-0.00717,0.088806,0.019828,0.036208,-0.372925,0.0
,,,,,,,,,,,,,,,,,,,,854.0,151183494.0,0.996013,-0.004661,-0.007126,0.088803,-0.021229,-0.004216,-0.379085,0.0
,,,,,,,,,,,,,,,,,,,,855.0,151200161.0,0.996014,-0.004667,-0.007126,0.088788,-0.006863,0.019312,-0.341424,0.0
,,,,,,,,,,,,,,,,,,,,856.0,151216828.0,0.996014,-0.004664,-0.007121,0.088786,-0.007387,0.026661,-0.361111,0.0
,,,,,,,,,,,,,,,,,,,,857.0,151233495.0,0.996015,-0.004658,-0.007116,0.088779,0.00408,0.01586,-0.36145,0.0
,,,,,,,,,,,,,,,,,,,,858.0,151250162.0,0.996015,-0.004656,-0.007122,0.088781,-0.003204,0.014547,-0.375118,0.0
,,,,,,,,,,,,,,,,,,,,859.0,151266829.0,0.996015,-0.004658,-0.007129,0.088782,0.001884,0.012335,-0.371305,0.0
,,,,,,,,,,,,,,,,,,,,860.0,151283496.0,0.996015,-0.004655,-0.007119,0.088782,0.013158,0.01385,-0.348954,0.0
,,,,,,,,,,,,,,,,,,,,861.0,151300163.0,0.996014,-0.004658,-0.007119,0.088788,0.014414,0.016487,-0.363238,0.0
,,,,,,,,,,,,,,,,,,,,862.0,151316830.0,0.996015,-0.004665,-0.007116,0.08878,0.000497,0.010238,-0.378859,0.0
,,,,,,,,,,,,,,,,,,,,863.0,151333497.0,0.996015,-0.004667,-0.007115,0.088774,0.012358,0.021167,-0.414795,0.0
,,,,,,,,,,,,,,,,,,,,864.0,151350164.0,0.996016,-0.004667,-0.007113,0.088771,0.025627,0.015258,-0.35699,0.0
,,,,,,,,,,,,,,,,,,,,865.0,151366831.0,0.996016,-0.004663,-0.007106,0.088769,0.017133,0.008037,-0.342484,0.0
,,,,,,,,,,,,,,,,,,,,866.0,151383498.0,0.996017,-0.004661,-0.007122,0.088763,0.005833,0.010355,-0.347357,0.0
,,,,,,,,,,,,,,,,,,,,867.0,151400165.0,0.996017,-0.004668,-0.007116,0.088754,0.007402,0.015405,-0.320636,0.0
,,,,,,,,,,,,,,,,,,,,868.0,151416832.0,0.996017,-0.004669,-0.007109,0.088754,0.001443,0.015609,-0.329796,0.0
,,,,,,,,,,,,,,,,,,,,869.0,151433499.0,0.996017,-0.004661,-0.007119,0.088756,0.008095,0.0098,-0.411575,0.0
,,,,,,,,,,,,,,,,,,,,870.0,151450166.0,0.996018,-0.00466,-0.007124,0.08875,0.005514,0.018412,-0.374,0.0
,,,,,,,,,,,,,,,,,,,,871.0,151466833.0,0.996018,-0.004653,-0.007111,0.088751,-0.027327,0.026021,-0.387636,0.0
,,,,,,,,,,,,,,,,,,,,872.0,151483500.0,0.996018,-0.004641,-0.007116,0.088752,-0.016964,0.024547,-0.354298,0.0
,,,,,,,,,,,,,,,,,,,,873.0,151500167.0,0.996018,-0.004642,-0.007122,0.088743,-0.014218,0.012746,-0.371614,0.0
,,,,,,,,,,,,,,,,,,,,874.0,151516834.0,0.996018,-0.004651,-0.007133,0.088746,-0.011902,0.012618,-0.343101,0.0
,,,,,,,,,,,,,,,,,,,,875.0,151533501.0,0.996018,-0.004655,-0.007141,0.088746,0.002362,0.011098,-0.347285,0.0
,,,,,,,,,,,,,,,,,,,,876.0,151550168.0,0.996018,-0.004646,-0.007133,0.088742,-0.0005,0.006452,-0.358847,0.0
,,,,,,,,,,,,,,,,,,,,877.0,151566835.0,0.996019,-0.00464,-0.007126,0.08874,0.023035,-0.008915,-0.360921,0.0
,,,,,,,,,,,,,,,,,,,,878.0,151583502.0,0.996018,-0.004634,-0.007126,0.088745,0.026205,0.001811,-0.334111,0.0
,,,,,,,,,,,,,,,,,,,,879.0,151600169.0,0.996019,-0.004629,-0.007128,0.08874,0.024957,0.017986,-0.382836,0.0
,,,,,,,,,,,,,,,,,,,,880.0,151616836.0,0.996019,-0.004625,-0.007122,0.088742,0.021125,0.037017,-0.387598,0.0
,,,,,,,,,,,,,,,,,,,,881.0,151633503.0,0.996018,-0.004628,-0.007116,0.088747,0.027901,0.027147,-0.350008,0.0
,,,,,,,,,,,,,,,,,,,,882.0,151650170.0,0.996018,-0.004624,-0.00712,0.08875,0.013972,0.024372,-0.3532,0.0
,,,,,,,,,,,,,,,,,,,,883.0,151666837.0,0.996018,-0.004633,-0.007107,0.088749,-0.005872,0.026789,-0.34323,0.0
,,,,,,,,,,,,,,,,,,,,884.0,151683504.0,0.996017,-0.004631,-0.007103,0.088759,-0.021838,0.008591,-0.358753,0.0
,,,,,,,,,,,,,,,,,,,,885.0,151700171.0,0.996019,-0.004629,-0.007104,0.088739,-0.000983,0.012758,-0.363605,0.0
,,,,,,,,,,,,,,,,,,,,886.0,151716838.0,0.996019,-0.004634,-0.007104,0.088738,0.004124,-0.012412,-0.363509,0.0
,,,,,,,,,,,,,,,,,,,,887.0,151733505.0,0.996019,-0.004634,-0.007102,0.088741,-0.01751,0.00015,-0.379882,0.0
,,,,,,,,,,,,,,,,,,,,888.0,151750172.0,0.996019,-0.004627,-0.007099,0.088737,0.004299,0.015541,-0.343261,0.0
,,,,,,,,,,,,,,,,,,,,889.0,151766839.0,0.996018,-0.004627,-0.007096,0.088747,-0.004996,0.030261,-0.342717,0.0
,,,,,,,,,,,,,,,,,,,,890.0,151783506.0,0.996018,-0.004631,-0.007099,0.088748,0.003953,0.039942,-0.364559,0.0
,,,,,,,,,,,,,,,,,,,,891.0,151800173.0,0.996017,-0.004634,-0.007106,0.088757,0.00774,0.03258,-0.361208,0.0
,,,,,,,,,,,,,,,,,,,,892.0,151816840.0,0.996017,-0.00464,-0.007114,0.088758,-0.000834,0.031529,-0.353116,0.0
,,,,,,,,,,,,,,,,,,,,893.0,151833507.0,0.996018,-0.00463,-0.007124,0.088753,0.000806,0.00319,-0.368755,0.0
,,,,,,,,,,,,,,,,,,,,894.0,151850174.0,0.996017,-0.004647,-0.007134,0.088753,0.000975,-0.005706,-0.380128,0.0
,,,,,,,,,,,,,,,,,,,,895.0,151866841.0,0.995977,-0.004606,-0.007137,0.089206,0.352683,0.113455,-0.337568,0.0
,,,,,,,,,,,,,,,,,,,,896.0,151883508.0,0.994696,-0.004958,-0.006982,0.102505,3.400876,0.580252,-0.347266,0.0
,,,,,,,,,,,,,,,,,,,,897.0,151900175.0,0.992617,-0.004936,-0.006954,0.120991,1.590785,0.346295,-0.308359,0.0
,,,,,,,,,,,,,,,,,,,,898.0,151916842.0,0.98978,-0.005074,-0.006846,0.142347,-0.529717,0.138321,-0.323228,0.0
,,,,,,,,,,,,,,,,,,,,899.0,151933509.0,0.986969,-0.005221,-0.006652,0.16069,-0.620246,0.090045,-0.364112,0.0
,,,,,,,,,,,,,,,,,,,,900.0,151950176.0,0.984056,-0.005493,-0.006436,0.17766,-0.909426,-0.001616,-0.420373,0.0
,,,,,,,,,,,,,,,,,,,,901.0,151966843.0,0.982271,-0.00542,-0.006285,0.187285,-2.493568,-1.528289,-0.449936,0.0
,,,,,,,,,,,,,,,,,,,,902.0,151983510.0,0.981626,-0.005704,-0.006133,0.190631,-0.488755,0.501333,-0.420111,0.0
,,,,,,,,,,,,,,,,,,,,903.0,152000177.0,0.981522,-0.009125,-0.005475,0.191056,0.979809,-0.535974,1.187524,0.0
,,,,,,,,,,,,,,,,,,,,904.0,152016844.0,0.981897,-0.022395,0.001901,0.188077,-0.380394,0.845626,0.821219,0.0
,,,,,,,,,,,,,,,,,,,,905.0,152033511.0,0.984193,-0.032096,0.014688,0.173549,-0.506856,-0.751237,-0.178521,0.0
,,,,,,,,,,,,,,,,,,,,906.0,152050178.0,0.986012,-0.038792,0.028683,0.159542,1.759947,-0.397518,0.85943,0.0
,,,,,,,,,,,,,,,,,,,,907.0,152066845.0,0.985552,-0.040472,0.026723,0.16228,-1.587356,2.479238,2.168533,0.0
,,,,,,,,,,,,,,,,,,,,908.0,152083512.0,0.984915,-0.041107,0.020963,0.166774,-1.489906,0.003816,2.140482,0.0
,,,,,,,,,,,,,,,,,,,,909.0,152100179.0,0.984994,-0.044496,0.016408,0.165945,-0.284225,-0.522193,3.21274,0.0
,,,,,,,,,,,,,,,,,,,,910.0,152116846.0,0.985785,-0.047852,0.008631,0.160825,0.050597,-0.492175,3.853362,0.0
,,,,,,,,,,,,,,,,,,,,911.0,152133513.0,0.986926,-0.050234,0.001738,0.153137,0.170685,-0.112873,4.488929,0.0
,,,,,,,,,,,,,,,,,,,,912.0,152150180.0,0.988432,-0.048599,-0.001679,0.143657,-0.438943,-0.113121,4.072107,0.0
,,,,,,,,,,,,,,,,,,,,913.0,152166847.0,0.990341,-0.043312,-7.6e-05,0.131716,-0.552695,-0.080687,3.501137,0.0
,,,,,,,,,,,,,,,,,,,,914.0,152183514.0,0.992012,-0.03647,0.002288,0.120731,-0.020836,-0.22821,3.026432,0.0
,,,,,,,,,,,,,,,,,,,,915.0,152200181.0,0.993159,-0.031432,-0.001631,0.112451,-0.535986,-0.288307,2.349409,0.0
,,,,,,,,,,,,,,,,,,,,916.0,152216848.0,0.993789,-0.029723,-0.012754,0.106473,-0.877447,0.114299,2.120997,0.0
,,,,,,,,,,,,,,,,,,,,917.0,152233515.0,0.993781,-0.02928,-0.029668,0.103258,-1.259822,0.45174,2.481255,0.0
,,,,,,,,,,,,,,,,,,,,918.0,152250182.0,0.993635,-0.028018,-0.047092,0.09842,-2.452221,0.255311,2.704342,0.0
,,,,,,,,,,,,,,,,,,,,919.0,152266849.0,0.993726,-0.024562,-0.061039,0.090439,-2.54804,0.529319,2.278031,0.0
,,,,,,,,,,,,,,,,,,,,920.0,152283516.0,0.993847,-0.01916,-0.072594,0.081434,-2.899923,0.669771,1.844576,0.0
,,,,,,,,,,,,,,,,,,,,921.0,152300183.0,0.993536,-0.013131,-0.085502,0.073505,-2.642904,1.023451,1.433224,0.0
,,,,,,,,,,,,,,,,,,,,922.0,152316850.0,0.99235,-0.004702,-0.101772,0.069723,-2.40765,0.952583,0.778276,0.0
,,,,,,,,,,,,,,,,,,,,923.0,152333517.0,0.990963,0.006918,-0.11552,0.067826,-2.487816,0.291456,-0.347178,0.0
,,,,,,,,,,,,,,,,,,,,924.0,152350184.0,0.989721,0.022032,-0.124515,0.066809,-1.944656,-0.046553,-1.229518,0.0
,,,,,,,,,,,,,,,,,,,,925.0,152366851.0,0.988533,0.041163,-0.128312,0.068141,0.017462,-0.76812,-2.308046,0.0
,,,,,,,,,,,,,,,,,,,,926.0,152383518.0,0.987046,0.063953,-0.127831,0.072871,1.728712,-1.532528,-3.818927,0.0
,,,,,,,,,,,,,,,,,,,,927.0,152400185.0,0.985334,0.088088,-0.123462,0.078193,2.753155,-1.940343,-5.809081,0.0
,,,,,,,,,,,,,,,,,,,,928.0,152416852.0,0.983706,0.109127,-0.116997,0.082005,4.045346,-1.209513,-7.643507,0.0
,,,,,,,,,,,,,,,,,,,,929.0,152433519.0,0.981629,0.125826,-0.115458,0.085104,5.398531,-0.793801,-9.303138,0.0
,,,,,,,,,,,,,,,,,,,,930.0,152450186.0,0.979589,0.136512,-0.118723,0.087612,5.138735,-0.135243,-9.839415,0.0
,,,,,,,,,,,,,,,,,,,,931.0,152466853.0,0.978467,0.141022,-0.122637,0.087613,4.076871,0.220425,-9.464537,0.0
,,,,,,,,,,,,,,,,,,,,932.0,152483520.0,0.978158,0.140116,-0.127319,0.085814,4.05411,0.523555,-7.934765,0.0
,,,,,,,,,,,,,,,,,,,,933.0,152500187.0,0.977407,0.135621,-0.13792,0.085206,4.512326,0.330287,-6.133346,0.0
,,,,,,,,,,,,,,,,,,,,934.0,152516854.0,0.976067,0.129887,-0.152416,0.08481,3.880062,-0.27369,-6.098174,0.0
,,,,,,,,,,,,,,,,,,,,935.0,152533521.0,0.975762,0.122936,-0.161273,0.082258,2.824141,-0.000778,-6.339167,0.0
,,,,,,,,,,,,,,,,,,,,936.0,152550188.0,0.97692,0.113312,-0.163487,0.077846,2.441347,0.409972,-6.378185,0.0
,,,,,,,,,,,,,,,,,,,,937.0,152566855.0,0.978551,0.099888,-0.164074,0.074434,0.775564,0.681358,-5.182118,0.0
,,,,,,,,,,,,,,,,,,,,938.0,152583522.0,0.97999,0.084202,-0.163716,0.075684,-0.992454,1.129907,-2.865044,0.0
,,,,,,,,,,,,,,,,,,,,939.0,152600189.0,0.98121,0.069492,-0.160918,0.080645,-2.477025,0.890545,-1.007167,0.0
,,,,,,,,,,,,,,,,,,,,940.0,152616856.0,0.982762,0.057788,-0.155128,0.082313,-0.530251,-0.336045,-0.921079,0.0
,,,,,,,,,,,,,,,,,,,,941.0,152633523.0,0.984589,0.048544,-0.147093,0.081191,1.390657,-0.695231,-2.23315,0.0
,,,,,,,,,,,,,,,,,,,,942.0,152650190.0,0.986709,0.037655,-0.137289,0.078349,0.830621,-0.904107,-2.911004,0.0
,,,,,,,,,,,,,,,,,,,,943.0,152666857.0,0.988454,0.023142,-0.129946,0.074413,-0.705012,-0.202668,-1.607606,0.0
,,,,,,,,,,,,,,,,,,,,944.0,152683524.0,0.98916,0.007213,-0.127415,0.072637,-1.457375,0.022565,-0.066087,0.0
,,,,,,,,,,,,,,,,,,,,945.0,152700191.0,0.989543,-0.006197,-0.125068,0.07159,-1.798059,0.105873,1.358494,0.0
,,,,,,,,,,,,,,,,,,,,946.0,152716858.0,0.990274,-0.014919,-0.119154,0.070269,-2.088014,0.412546,2.141678,0.0
,,,,,,,,,,,,,,,,,,,,947.0,152733525.0,0.99152,-0.020272,-0.109073,0.067673,-2.115324,0.347497,2.006227,0.0
,,,,,,,,,,,,,,,,,,,,948.0,152750192.0,0.992716,-0.02309,-0.098514,0.065397,-1.345768,0.667051,2.053393,0.0
,,,,,,,,,,,,,,,,,,,,949.0,152766859.0,0.993362,-0.025194,-0.091173,0.065456,-0.518443,-0.095818,1.303776,0.0
,,,,,,,,,,,,,,,,,,,,950.0,152783526.0,0.993498,-0.027248,-0.087593,0.067429,-1.019248,0.378144,1.270458,0.0
,,,,,,,,,,,,,,,,,,,,951.0,152800193.0,0.993577,-0.028684,-0.083945,0.070253,-1.036685,0.237236,1.031489,0.0
,,,,,,,,,,,,,,,,,,,,952.0,152816860.0,0.993779,-0.029503,-0.079196,0.072528,-1.437084,0.110279,0.963114,0.0
,,,,,,,,,,,,,,,,,,,,953.0,152833527.0,0.994038,-0.03018,-0.074054,0.074117,-1.174806,-0.046073,0.640405,0.0
,,,,,,,,,,,,,,,,,,,,954.0,152850194.0,0.994479,-0.031031,-0.066834,0.07471,-0.335104,-0.437299,0.615521,0.0
,,,,,,,,,,,,,,,,,,,,955.0,152866861.0,0.994875,-0.033133,-0.059789,0.074507,0.340578,-0.509639,0.839293,0.0
,,,,,,,,,,,,,,,,,,,,956.0,152883528.0,0.994872,-0.03551,-0.057119,0.075543,0.529033,-0.206464,1.026309,0.0
,,,,,,,,,,,,,,,,,,,,957.0,152900195.0,0.994728,-0.037356,-0.055874,0.077458,-0.2243,0.153402,1.470572,0.0
,,,,,,,,,,,,,,,,,,,,958.0,152916862.0,0.994657,-0.038337,-0.053866,0.079283,-1.368419,0.48182,1.335741,0.0
,,,,,,,,,,,,,,,,,,,,959.0,152933529.0,0.994767,-0.039094,-0.05042,0.079801,-0.948813,0.217789,1.30822,0.0
,,,,,,,,,,,,,,,,,,,,960.0,152950196.0,0.995092,-0.03922,-0.045005,0.078915,-0.04726,0.02399,1.086106,0.0
,,,,,,,,,,,,,,,,,,,,961.0,152966863.0,0.995296,-0.038954,-0.040819,0.078759,0.221816,0.140391,1.051861,0.0
,,,,,,,,,,,,,,,,,,,,962.0,152983530.0,0.995376,-0.038782,-0.037567,0.079445,0.385193,-0.194834,0.647275,0.0
,,,,,,,,,,,,,,,,,,,,963.0,153000197.0,0.995289,-0.040056,-0.035874,0.080672,0.245154,-0.34371,0.166835,0.0
,,,,,,,,,,,,,,,,,,,,964.0,153016864.0,0.99512,-0.042922,-0.034881,0.081718,-0.116011,-0.318142,0.420317,0.0
,,,,,,,,,,,,,,,,,,,,965.0,153033531.0,0.994792,-0.046868,-0.035556,0.083239,-0.422271,0.277048,0.974011,0.0
,,,,,,,,,,,,,,,,,,,,966.0,153050198.0,0.994483,-0.04999,-0.036828,0.084545,-0.342602,0.369012,1.647592,0.0
,,,,,,,,,,,,,,,,,,,,967.0,153066865.0,0.994272,-0.050911,-0.039438,0.085297,0.03435,1.22329,3.134553,0.0
,,,,,,,,,,,,,,,,,,,,968.0,153083532.0,0.994471,-0.047265,-0.037875,0.085791,0.013125,0.597887,1.938583,0.0
,,,,,,,,,,,,,,,,,,,,969.0,153100199.0,0.995069,-0.041869,-0.032112,0.083983,0.573444,0.007394,0.356921,0.0
,,,,,,,,,,,,,,,,,,,,970.0,153116866.0,0.995424,-0.037548,-0.028876,0.082994,1.015561,-0.95161,-1.223681,0.0
,,,,,,,,,,,,,,,,,,,,971.0,153133533.0,0.995447,-0.035627,-0.027503,0.084023,0.62969,-0.356551,-1.086654,0.0
,,,,,,,,,,,,,,,,,,,,972.0,153150200.0,0.9955,-0.034245,-0.021758,0.085641,-0.125577,-0.087365,-0.336666,0.0
,,,,,,,,,,,,,,,,,,,,973.0,153166867.0,0.995708,-0.028535,-0.01497,0.086756,0.278646,-0.081201,0.959707,0.0
,,,,,,,,,,,,,,,,,,,,974.0,153183534.0,0.995705,-0.02554,-0.015044,0.087709,0.242071,-0.252494,0.247889,0.0
,,,,,,,,,,,,,,,,,,,,975.0,153200201.0,0.995763,-0.022947,-0.015594,0.087666,0.022245,-0.029986,-0.323174,0.0
,,,,,,,,,,,,,,,,,,,,976.0,153216868.0,0.995779,-0.019841,-0.016057,0.088165,-0.007103,-0.00362,-0.575957,0.0
,,,,,,,,,,,,,,,,,,,,977.0,153233535.0,0.995755,-0.016624,-0.015818,0.089135,0.017095,0.085072,-0.354395,0.0
,,,,,,,,,,,,,,,,,,,,978.0,153250202.0,0.995708,-0.013968,-0.015694,0.090133,-0.040574,0.062104,-0.187462,0.0
,,,,,,,,,,,,,,,,,,,,979.0,153266869.0,0.995663,-0.011754,-0.015774,0.090927,0.022029,0.019518,-0.308657,0.0
,,,,,,,,,,,,,,,,,,,,980.0,153283536.0,0.995605,-0.010032,-0.015855,0.091755,0.022845,0.07098,-0.27595,0.0
,,,,,,,,,,,,,,,,,,,,981.0,153300203.0,0.995531,-0.008839,-0.016096,0.092636,0.142011,0.004614,-0.279959,0.0
,,,,,,,,,,,,,,,,,,,,982.0,153316870.0,0.995467,-0.008086,-0.016789,0.093268,0.165659,0.013585,-0.286168,0.0
,,,,,,,,,,,,,,,,,,,,983.0,153333537.0,0.995418,-0.006469,-0.01848,0.093598,0.040168,0.026096,-0.326226,0.0
,,,,,,,,,,,,,,,,,,,,984.0,153350204.0,0.995374,-0.005504,-0.019879,0.093832,-0.029815,0.007715,-0.308631,0.0
,,,,,,,,,,,,,,,,,,,,985.0,153366871.0,0.995338,-0.005275,-0.020826,0.094027,-0.104632,0.02173,-0.436703,0.0
,,,,,,,,,,,,,,,,,,,,986.0,153383538.0,0.995287,-0.005211,-0.021374,0.094447,-0.115472,0.041105,-0.414869,0.0
,,,,,,,,,,,,,,,,,,,,987.0,153400205.0,0.995224,-0.005014,-0.021861,0.095009,0.06137,0.045849,-0.327214,0.0
,,,,,,,,,,,,,,,,,,,,988.0,153416872.0,0.99517,-0.005047,-0.022416,0.095437,0.061598,0.063367,-0.341238,0.0
,,,,,,,,,,,,,,,,,,,,989.0,153433539.0,0.995144,-0.005101,-0.023316,0.095489,0.077119,0.012693,-0.279226,0.0
,,,,,,,,,,,,,,,,,,,,990.0,153450206.0,0.99513,-0.004956,-0.024524,0.095348,0.005676,0.011495,-0.404983,0.0
,,,,,,,,,,,,,,,,,,,,991.0,153466873.0,0.995127,-0.004797,-0.025591,0.095101,-0.046998,0.024796,-0.381342,0.0
,,,,,,,,,,,,,,,,,,,,992.0,153483540.0,0.995183,-0.004715,-0.026376,0.094302,-0.053824,0.058652,-0.405033,0.0
,,,,,,,,,,,,,,,,,,,,993.0,153500207.0,0.99535,-0.00468,-0.026921,0.092364,-0.03431,0.101006,-0.355282,0.0
,,,,,,,,,,,,,,,,,,,,994.0,153516874.0,0.995515,-0.004785,-0.027372,0.090434,-0.021227,0.023823,-0.374425,0.0
,,,,,,,,,,,,,,,,,,,,995.0,153533541.0,0.995698,-0.004825,-0.027739,0.088277,-0.011746,0.020521,-0.351495,0.0
,,,,,,,,,,,,,,,,,,,,996.0,153550208.0,0.995866,-0.004905,-0.027898,0.086312,-0.015272,-0.020151,-0.331585,0.0
,,,,,,,,,,,,,,,,,,,,997.0,153566875.0,0.996023,-0.004987,-0.027967,0.084449,0.003946,-0.03592,-0.403631,0.0
,,,,,,,,,,,,,,,,,,,,998.0,153583542.0,0.996119,-0.00494,-0.028148,0.083247,0.034837,-0.0479,-0.35063,0.0
,,,,,,,,,,,,,,,,,,,,999.0,153600209.0,0.996151,-0.004895,-0.028311,0.082807,-0.024331,-0.070084,-0.397093,0.0
,,,,,,,,,,,,,,,,,,,,1000.0,153616876.0,0.996147,-0.004694,-0.028467,0.082819,0.009827,-0.01994,-0.368414,0.0
,,,,,,,,,,,,,,,,,,,,1001.0,153633543.0,0.996121,-0.004367,-0.028711,0.08306,0.029948,0.019272,-0.355444,0.0
,,,,,,,,,,,,,,,,,,,,1002.0,153650210.0,0.996085,-0.004195,-0.028947,0.083418,0.036195,0.023206,-0.342593,0.0
,,,,,,,,,,,,,,,,,,,,1003.0,153666877.0,0.996051,-0.004285,-0.029115,0.083768,0.023511,0.022794,-0.340863,0.0
,,,,,,,,,,,,,,,,,,,,1004.0,153683544.0,0.996021,-0.004384,-0.029257,0.084063,0.017181,0.007731,-0.384394,0.0
,,,,,,,,,,,,,,,,,,,,1005.0,153700211.0,0.995987,-0.004154,-0.029493,0.0844,0.026377,0.013082,-0.362568,0.0
,,,,,,,,,,,,,,,,,,,,1006.0,153716878.0,0.995926,-0.003422,-0.029852,0.08502,0.031371,-0.041793,-0.362169,0.0
,,,,,,,,,,,,,,,,,,,,1007.0,153733545.0,0.995846,-0.003092,-0.030028,0.085902,0.031808,0.005765,-0.319559,0.0
,,,,,,,,,,,,,,,,,,,,1008.0,153750212.0,0.995724,-0.002744,-0.03031,0.087225,0.027372,0.027062,-0.346286,0.0
,,,,,,,,,,,,,,,,,,,,1009.0,153766879.0,0.995521,-0.002704,-0.030805,0.089346,0.16143,0.068179,-0.308228,0.0
,,,,,,,,,,,,,,,,,,,,1010.0,153783546.0,0.995278,-0.002942,-0.031484,0.091769,0.10386,0.055059,-0.253696,0.0
,,,,,,,,,,,,,,,,,,,,1011.0,153800213.0,0.994969,-0.003758,-0.03201,0.094856,0.046196,-0.012334,-0.427972,0.0
,,,,,,,,,,,,,,,,,,,,1012.0,153816880.0,0.994693,-0.004547,-0.03169,0.097785,-0.092934,-0.05878,-0.464184,0.0
,,,,,,,,,,,,,,,,,,,,1013.0,153833547.0,0.994384,-0.006424,-0.030832,0.101041,-0.001472,0.131842,-0.272214,0.0
,,,,,,,,,,,,,,,,,,,,1014.0,153850214.0,0.993988,-0.00354,-0.031072,0.104925,-1.140257,0.639647,-1.206127,0.0
,,,,,,,,,,,,,,,,,,,,1015.0,153866881.0,0.993926,-0.009145,-0.026797,0.106347,-0.075219,-0.182321,0.338247,0.0
,,,,,,,,,,,,,,,,,,,,1016.0,153883548.0,0.993972,-0.007775,-0.025365,0.106375,0.815713,-0.423322,-0.787805,0.0
,,,,,,,,,,,,,,,,,,,,1017.0,153900215.0,0.994099,-0.003749,-0.016449,0.107159,0.566302,0.276716,-2.624547,0.0
,,,,,,,,,,,,,,,,,,,,1018.0,153916882.0,0.994321,-0.004969,-0.006824,0.106092,-0.290431,-0.267745,2.376077,0.0
,,,,,,,,,,,,,,,,,,,,1019.0,153933549.0,0.994323,-0.004942,-0.006856,0.106069,-0.031369,-0.008997,-0.34223,0.0
,,,,,,,,,,,,,,,,,,,,1020.0,153950216.0,0.994319,-0.004949,-0.006857,0.106107,0.006932,0.012245,-0.356334,0.0
,,,,,,,,,,,,,,,,,,,,1021.0,153966883.0,0.994301,-0.004942,-0.006807,0.106273,0.015266,0.051571,-0.362459,0.0
,,,,,,,,,,,,,,,,,,,,1022.0,153983550.0,0.994219,-0.004987,-0.006888,0.107033,0.02544,0.094657,-0.351263,0.0
,,,,,,,,,,,,,,,,,,,,1023.0,154000217.0,0.99395,-0.005074,-0.006549,0.109517,0.457178,0.507871,-0.354553,0.0
,,,,,,,,,,,,,,,,,,,,1024.0,154016884.0,0.993207,-0.005086,-0.006608,0.116059,-0.337273,-0.368343,-0.393136,0.0
,,,,,,,,,,,,,,,,,,,,1025.0,154033551.0,0.993162,-0.00506,-0.006626,0.116445,-0.129677,-0.157511,-0.355022,0.0
,,,,,,,,,,,,,,,,,,,,1026.0,154050218.0,0.993162,-0.005056,-0.006627,0.116445,0.005118,0.000384,-0.351171,0.0
,,,,,,,,,,,,,,,,,,,,1027.0,154066885.0,0.993161,-0.005052,-0.006626,0.116451,0.008422,0.016946,-0.352531,0.0
,,,,,,,,,,,,,,,,,,,,1028.0,154083552.0,0.993163,-0.005051,-0.006625,0.116442,0.006975,0.015177,-0.367748,0.0
,,,,,,,,,,,,,,,,,,,,1029.0,154100219.0,0.993164,-0.005044,-0.006619,0.116435,-0.00866,0.022758,-0.376741,0.0
,,,,,,,,,,,,,,,,,,,,1030.0,154116886.0,0.993162,-0.00504,-0.006624,0.116448,-0.018567,0.03024,-0.360831,0.0
,,,,,,,,,,,,,,,,,,,,1031.0,154133553.0,0.993161,-0.005038,-0.006634,0.116452,-0.032113,0.028787,-0.35225,0.0
,,,,,,,,,,,,,,,,,,,,1032.0,154150220.0,0.993162,-0.00503,-0.006637,0.11645,-0.028817,0.015023,-0.343407,0.0
,,,,,,,,,,,,,,,,,,,,1033.0,154166887.0,0.993162,-0.005027,-0.006648,0.11645,-0.010154,0.02868,-0.357704,0.0
,,,,,,,,,,,,,,,,,,,,1034.0,154183554.0,0.993161,-0.005027,-0.006656,0.116454,-0.012571,0.022374,-0.364414,0.0
,,,,,,,,,,,,,,,,,,,,1035.0,154200221.0,0.993161,-0.005032,-0.006655,0.116452,0.001543,0.017393,-0.360633,0.0
,,,,,,,,,,,,,,,,,,,,1036.0,154216888.0,0.993162,-0.005031,-0.00666,0.116447,0.009919,0.02476,-0.359936,0.0
,,,,,,,,,,,,,,,,,,,,1037.0,154233555.0,0.993163,-0.005027,-0.006665,0.116439,0.008196,0.018187,-0.35779,0.0
,,,,,,,,,,,,,,,,,,,,1038.0,154250222.0,0.993162,-0.005026,-0.006671,0.116446,0.023295,0.011297,-0.370725,0.0
,,,,,,,,,,,,,,,,,,,,1039.0,154266889.0,0.993162,-0.005028,-0.006677,0.116448,0.027893,-0.002357,-0.359465,0.0
,,,,,,,,,,,,,,,,,,,,1040.0,154283556.0,0.993163,-0.005029,-0.006677,0.11644,0.02079,0.004301,-0.341853,0.0
,,,,,,,,,,,,,,,,,,,,1041.0,154300223.0,0.993164,-0.005032,-0.00668,0.116429,0.010091,0.015525,-0.342234,0.0
,,,,,,,,,,,,,,,,,,,,1042.0,154316890.0,0.993164,-0.005033,-0.006675,0.116428,-0.010332,0.032343,-0.36245,0.0
,,,,,,,,,,,,,,,,,,,,1043.0,154333557.0,0.993163,-0.005024,-0.006676,0.11644,-0.007486,0.044189,-0.363529,0.0
,,,,,,,,,,,,,,,,,,,,1044.0,154350224.0,0.99316,-0.005088,-0.006624,0.116462,-0.107738,-0.049072,-0.378383,0.0
,,,,,,,,,,,,,,,,,,,,1045.0,154366891.0,0.993671,-0.004997,-0.00669,0.112023,-0.577165,-0.318291,-0.361115,0.0
,,,,,,,,,,,,,,,,,,,,1046.0,154383558.0,0.994114,-0.004933,-0.006705,0.108019,5.19049,-0.110193,-0.31475,0.0
,,,,,,,,,,,,,,,,,,,,1047.0,154400225.0,0.993994,-0.004343,-0.00832,0.10903,-0.771445,0.314975,0.05402,0.0
,,,,,,,,,,,,,,,,,,,,1048.0,154416892.0,0.99429,-0.00405,-0.012707,0.105878,-1.395319,1.02122,-0.086912,0.0
,,,,,,,,,,,,,,,,,,,,1049.0,154433559.0,0.99486,-0.004122,-0.018524,0.099469,-0.105325,0.215655,-0.161918,0.0
,,,,,,,,,,,,,,,,,,,,1050.0,154450226.0,0.995727,-0.005935,-0.01744,0.090488,2.808033,-0.973424,-1.433529,0.0
,,,,,,,,,,,,,,,,,,,,1051.0,154466893.0,0.996419,-0.005273,-0.016771,0.082705,2.701835,0.573076,0.089808,0.0
,,,,,,,,,,,,,,,,,,,,1052.0,154483560.0,0.99699,-0.003849,-0.017199,0.075505,1.112917,-0.052872,-0.214278,0.0
,,,,,,,,,,,,,,,,,,,,1053.0,154500227.0,0.997123,-0.002788,-0.017967,0.07359,1.764594,0.202793,-0.123201,0.0
,,,,,,,,,,,,,,,,,,,,1054.0,154516894.0,0.997145,-0.001162,-0.019262,0.073001,-0.30709,-0.663801,-0.71743,0.0
,,,,,,,,,,,,,,,,,,,,1055.0,154533561.0,0.997437,-0.003534,-0.017785,0.069219,1.987297,-0.16695,0.112967,0.0
,,,,,,,,,,,,,,,,,,,,1056.0,154550228.0,0.997543,-0.001252,-0.020472,0.066994,-1.423822,-0.20886,-0.93042,0.0
,,,,,,,,,,,,,,,,,,,,1057.0,154566895.0,0.997583,-0.004991,-0.020681,0.066156,3.480942,-0.232013,1.200722,0.0
,,,,,,,,,,,,,,,,,,,,1058.0,154583562.0,0.997058,-0.006936,-0.024151,0.072413,1.235626,-1.46768,-1.576128,0.0
,,,,,,,,,,,,,,,,,,,,1059.0,154600229.0,0.997003,-0.006869,-0.027623,0.071942,-0.312781,0.522669,0.948036,0.0
,,,,,,,,,,,,,,,,,,,,1060.0,154616896.0,0.996485,-0.011965,-0.028649,0.0778,1.274791,-0.83233,-0.578859,0.0
,,,,,,,,,,,,,,,,,,,,1061.0,154633563.0,0.996073,-0.012081,-0.031287,0.081941,-1.634239,1.043732,0.022884,0.0
,,,,,,,,,,,,,,,,,,,,1062.0,154650230.0,0.996107,-0.012051,-0.030373,0.081878,-0.767054,-0.353287,-0.786326,0.0
,,,,,,,,,,,,,,,,,,,,1063.0,154666897.0,0.996616,-0.012839,-0.024791,0.077311,-0.344502,-0.533195,-1.115357,0.0
,,,,,,,,,,,,,,,,,,,,1064.0,154683564.0,0.997173,-0.01557,-0.01965,0.070836,-0.062575,-0.422107,-0.96579,0.0
,,,,,,,,,,,,,,,,,,,,1065.0,154700231.0,0.997382,-0.021724,-0.019726,0.066093,-0.786354,-0.223652,-0.851061,0.0
,,,,,,,,,,,,,,,,,,,,1066.0,154716898.0,0.996936,-0.029774,-0.02853,0.066474,-1.736824,0.833802,0.194901,0.0
,,,,,,,,,,,,,,,,,,,,1067.0,154733565.0,0.996221,-0.036896,-0.038577,0.068513,-1.994286,1.29188,0.949025,0.0
,,,,,,,,,,,,,,,,,,,,1068.0,154750232.0,0.995731,-0.040438,-0.044429,0.070073,-1.649719,1.225264,0.946973,0.0
,,,,,,,,,,,,,,,,,,,,1069.0,154766899.0,0.995792,-0.040422,-0.044038,0.069463,-1.52395,0.557942,0.200893,0.0
,,,,,,,,,,,,,,,,,,,,1070.0,154783566.0,0.996406,-0.038451,-0.03784,0.065307,-1.14054,-0.19702,-1.227111,0.0
,,,,,,,,,,,,,,,,,,,,1071.0,154800233.0,0.996969,-0.036381,-0.030944,0.061413,-1.124239,-0.458934,-2.066607,0.0
,,,,,,,,,,,,,,,,,,,,1072.0,154816900.0,0.99716,-0.036541,-0.027234,0.059962,-1.371488,-0.437113,-2.322956,0.0
,,,,,,,,,,,,,,,,,,,,1073.0,154833567.0,0.996901,-0.03857,-0.029443,0.061917,-1.552195,-0.364457,-1.746143,0.0
,,,,,,,,,,,,,,,,,,,,1074.0,154850234.0,0.996658,-0.041204,-0.030818,0.06344,-1.110004,-0.479227,-0.81465,0.0
,,,,,,,,,,,,,,,,,,,,1075.0,154866901.0,0.996634,-0.042908,-0.02956,0.063299,-1.134966,-0.625754,-0.366007,0.0
,,,,,,,,,,,,,,,,,,,,1076.0,154883568.0,0.996876,-0.043886,-0.025215,0.060639,-1.406982,-0.95596,-0.422857,0.0
,,,,,,,,,,,,,,,,,,,,1077.0,154900235.0,0.99731,-0.044817,-0.018363,0.055023,-2.169622,-1.030226,-0.543517,0.0
,,,,,,,,,,,,,,,,,,,,1078.0,154916902.0,0.99793,-0.044964,-0.005503,0.04566,-2.436854,-0.62671,0.343006,0.0
,,,,,,,,,,,,,,,,,,,,1079.0,154933569.0,0.998895,-0.02982,0.004044,0.036092,-2.171064,0.872651,0.074232,0.0
,,,,,,,,,,,,,,,,,,,,1080.0,154950236.0,0.999182,-0.02282,0.006814,0.032694,-1.359556,-0.765291,1.663578,0.0
,,,,,,,,,,,,,,,,,,,,1081.0,154966903.0,0.999225,-0.025684,0.011574,0.027497,-1.363276,-0.428717,0.701773,0.0
,,,,,,,,,,,,,,,,,,,,1082.0,154983570.0,0.9993,-0.025459,0.018024,0.020662,-0.987155,-0.350717,-0.476816,0.0
,,,,,,,,,,,,,,,,,,,,1083.0,155000237.0,0.999279,-0.024758,0.024969,0.014303,-0.400029,-0.88839,-0.964417,0.0
,,,,,,,,,,,,,,,,,,,,1084.0,155016904.0,0.999261,-0.024331,0.02677,0.013007,-0.60735,-0.377981,-0.756771,0.0
,,,,,,,,,,,,,,,,,,,,1085.0,155033571.0,0.999268,-0.024309,0.026389,0.013266,-1.264162,-0.064506,-0.726758,0.0
,,,,,,,,,,,,,,,,,,,,1086.0,155050238.0,0.999274,-0.024254,0.025987,0.013686,-0.923511,0.435786,0.058008,0.0
,,,,,,,,,,,,,,,,,,,,1087.0,155066905.0,0.999281,-0.025076,0.02316,0.016504,-0.612067,0.937357,0.206269,0.0
,,,,,,,,,,,,,,,,,,,,1088.0,155083572.0,0.999289,-0.025141,0.018472,0.02116,-0.801538,0.578978,0.026427,0.0
,,,,,,,,,,,,,,,,,,,,1089.0,155100239.0,0.999226,-0.024794,0.014551,0.026846,-1.593322,0.834323,-0.426977,0.0
,,,,,,,,,,,,,,,,,,,,1090.0,155116906.0,0.99914,-0.023644,0.01432,0.030909,-1.309381,0.417311,-0.578347,0.0
,,,,,,,,,,,,,,,,,,,,1091.0,155133573.0,0.99904,-0.022682,0.01577,0.034011,-0.439684,0.401113,-0.407772,0.0
,,,,,,,,,,,,,,,,,,,,1092.0,155150240.0,0.998954,-0.021728,0.015745,0.037021,0.33539,0.545876,-0.352591,0.0
,,,,,,,,,,,,,,,,,,,,1093.0,155166907.0,0.998867,-0.020155,0.014594,0.040572,0.827214,0.532013,-0.38309,0.0
,,,,,,,,,,,,,,,,,,,,1094.0,155183574.0,0.998741,-0.018374,0.013406,0.044708,0.967179,0.762116,-0.52828,0.0
,,,,,,,,,,,,,,,,,,,,1095.0,155200241.0,0.998579,-0.016187,0.01101,0.049574,1.319838,0.258051,-0.79169,0.0
,,,,,,,,,,,,,,,,,,,,1096.0,155216908.0,0.998447,-0.014068,0.009365,0.053088,1.751764,0.033862,-0.804903,0.0
,,,,,,,,,,,,,,,,,,,,1097.0,155233575.0,0.998456,-0.011437,0.009604,0.053501,2.381762,-0.208215,-0.803041,0.0
,,,,,,,,,,,,,,,,,,,,1098.0,155250242.0,0.99847,-0.008665,0.010567,0.053588,2.215048,-0.076999,-0.760601,0.0
,,,,,,,,,,,,,,,,,,,,1099.0,155266909.0,0.998442,-0.00615,0.010231,0.054506,1.320093,0.268325,-0.780146,0.0
,,,,,,,,,,,,,,,,,,,,1100.0,155283576.0,0.998375,-0.003962,0.009854,0.055988,2.034139,0.459903,-0.535603,0.0
,,,,,,,,,,,,,,,,,,,,1101.0,155300243.0,0.998248,-0.001542,0.010122,0.058274,2.432469,0.089354,-0.533786,0.0
,,,,,,,,,,,,,,,,,,,,1102.0,155316910.0,0.99808,0.000143,0.009954,0.061129,2.726613,0.141986,-0.68908,0.0
,,,,,,,,,,,,,,,,,,,,1103.0,155333577.0,0.997896,0.001778,0.007509,0.064368,2.320798,-0.04366,-0.250536,0.0
,,,,,,,,,,,,,,,,,,,,1104.0,155350244.0,0.99772,0.003645,0.002151,0.067364,1.659987,-0.073567,0.080685,0.0
,,,,,,,,,,,,,,,,,,,,1105.0,155366911.0,0.997579,0.006427,-0.003187,0.069175,0.797478,0.331642,0.239763,0.0
,,,,,,,,,,,,,,,,,,,,1106.0,155383578.0,0.99751,0.00862,-0.005986,0.069736,1.009601,0.559771,0.93877,0.0
,,,,,,,,,,,,,,,,,,,,1107.0,155400245.0,0.997522,0.011946,-0.005058,0.069155,1.327518,-0.04794,-0.389546,0.0
,,,,,,,,,,,,,,,,,,,,1108.0,155416912.0,0.997555,0.01573,-0.003913,0.067986,1.20019,0.261514,0.467045,0.0
,,,,,,,,,,,,,,,,,,,,1109.0,155433579.0,0.997572,0.01719,-0.005522,0.06727,1.945542,0.407393,0.258351,0.0
,,,,,,,,,,,,,,,,,,,,1110.0,155450246.0,0.997407,0.018371,-0.010317,0.068815,1.969068,-0.227862,-0.223862,0.0
,,,,,,,,,,,,,,,,,,,,1111.0,155466913.0,0.997008,0.020095,-0.016477,0.072796,0.993314,0.412306,-0.60827,0.0
,,,,,,,,,,,,,,,,,,,,1112.0,155483580.0,0.996631,0.021421,-0.020192,0.076555,-0.160691,0.271945,-1.232556,0.0
,,,,,,,,,,,,,,,,,,,,1113.0,155500247.0,0.996626,0.020365,-0.021641,0.076505,-0.354014,-0.098713,-1.675318,0.0
,,,,,,,,,,,,,,,,,,,,1114.0,155516914.0,0.996728,0.01835,-0.023847,0.075027,0.107812,0.088115,-0.859106,0.0
,,,,,,,,,,,,,,,,,,,,1115.0,155533581.0,0.997112,0.018237,-0.02388,0.069747,-0.335485,0.219534,-0.041449,0.0
,,,,,,,,,,,,,,,,,,,,1116.0,155550248.0,0.997616,0.017023,-0.020901,0.063522,-0.330567,0.059348,-0.009004,0.0
,,,,,,,,,,,,,,,,,,,,1117.0,155566915.0,0.997737,0.014561,-0.020777,0.062261,-1.625744,0.67898,0.145728,0.0
,,,,,,,,,,,,,,,,,,,,1118.0,155583582.0,0.997844,0.010507,-0.018515,0.062085,-0.634442,0.420931,-0.447506,0.0
,,,,,,,,,,,,,,,,,,,,1119.0,155600249.0,0.99791,-0.001138,-0.016187,0.062556,0.245023,-0.087685,-0.151679,0.0
,,,,,,,,,,,,,,,,,,,,1120.0,155616916.0,0.998176,-0.005556,-0.005577,0.059855,-2.33619,-1.684054,-0.287796,0.0
,,,,,,,,,,,,,,,,,,,,1121.0,155633583.0,0.99882,-0.005745,-0.005768,0.047873,-2.123474,-0.521885,-0.436919,0.0
,,,,,,,,,,,,,,,,,,,,1122.0,155650250.0,0.99947,-0.005594,-0.005637,0.031568,-1.116877,-0.463196,-0.359714,0.0
,,,,,,,,,,,,,,,,,,,,1123.0,155666917.0,0.999873,-0.00542,-0.005549,0.013907,-1.012319,-0.216264,-0.423831,0.0
,,,,,,,,,,,,,,,,,,,,1124.0,155683584.0,0.999957,-0.005094,-0.005221,-0.005731,-1.656601,-0.056649,-0.360717,0.0
,,,,,,,,,,,,,,,,,,,,1125.0,155700251.0,0.999253,-0.004648,-0.005382,-0.03799,-1.62955,-0.115409,-0.437425,0.0
,,,,,,,,,,,,,,,,,,,,1126.0,155716918.0,0.997891,-0.004381,-0.005407,-0.064538,1.543345,0.084075,-0.366936,0.0
,,,,,,,,,,,,,,,,,,,,1127.0,155733585.0,0.997303,-0.004264,-0.005438,-0.07307,1.235919,-0.108222,-0.302803,0.0
,,,,,,,,,,,,,,,,,,,,1128.0,155750252.0,0.997312,-0.004253,-0.005455,-0.072947,0.02011,-0.006339,-0.345665,0.0
,,,,,,,,,,,,,,,,,,,,1129.0,155766919.0,0.997312,-0.00426,-0.005461,-0.072943,0.019122,-0.00126,-0.352103,0.0
,,,,,,,,,,,,,,,,,,,,1130.0,155783586.0,0.997312,-0.004253,-0.005459,-0.07294,0.009867,-0.005832,-0.357215,0.0
,,,,,,,,,,,,,,,,,,,,1131.0,155800253.0,0.997312,-0.004255,-0.005458,-0.072942,-0.00081,-0.000224,-0.367847,0.0
,,,,,,,,,,,,,,,,,,,,1132.0,155816920.0,0.997313,-0.004253,-0.005449,-0.072936,-0.011384,-0.010657,-0.365561,0.0
,,,,,,,,,,,,,,,,,,,,1133.0,155833587.0,0.997313,-0.004249,-0.005458,-0.072936,-0.003811,-0.024197,-0.353907,0.0
,,,,,,,,,,,,,,,,,,,,1134.0,155850254.0,0.997312,-0.00425,-0.005464,-0.072946,0.000468,-0.034928,-0.356735,0.0
,,,,,,,,,,,,,,,,,,,,1135.0,155866921.0,0.997311,-0.004248,-0.005456,-0.072954,-0.017864,-0.024844,-0.339807,0.0
,,,,,,,,,,,,,,,,,,,,1136.0,155883588.0,0.997312,-0.004251,-0.005461,-0.072951,-0.00466,-0.005795,-0.364928,0.0
,,,,,,,,,,,,,,,,,,,,1137.0,155900255.0,0.997312,-0.004254,-0.005468,-0.072939,0.009455,-0.005811,-0.373722,0.0
,,,,,,,,,,,,,,,,,,,,1138.0,155916922.0,0.997313,-0.004255,-0.005466,-0.072929,0.015779,-0.008363,-0.367912,0.0
,,,,,,,,,,,,,,,,,,,,1139.0,155933589.0,0.997316,-0.004232,-0.005475,-0.07289,0.123396,-0.00892,-0.373751,0.0
,,,,,,,,,,,,,,,,,,,,1140.0,155950256.0,0.998491,-0.004768,-0.006026,-0.054385,4.079348,-0.064937,-0.193884,0.0
,,,,,,,,,,,,,,,,,,,,1141.0,155966923.0,0.999748,-0.005583,-0.007027,-0.020564,-0.462225,-2.252259,-1.215392,0.0
,,,,,,,,,,,,,,,,,,,,1142.0,155983590.0,0.999787,-0.005565,-0.01138,-0.016306,-3.112411,-2.143158,1.827168,0.0
,,,,,,,,,,,,,,,,,,,,1143.0,156000257.0,0.999125,-0.003893,-0.019539,-0.036763,-0.136312,0.358263,-1.030401,0.0
,,,,,,,,,,,,,,,,,,,,1144.0,156016924.0,0.998647,-0.00487,-0.034783,-0.038354,1.554133,4.418825,2.071375,0.0
,,,,,,,,,,,,,,,,,,,,1145.0,156033591.0,0.997178,-0.007085,-0.071372,-0.022161,-0.945063,0.884662,1.869249,0.0
,,,,,,,,,,,,,,,,,,,,1146.0,156050258.0,0.992604,-0.008921,-0.121038,-0.002784,0.839501,-0.514613,1.021209,0.0
,,,,,,,,,,,,,,,,,,,,1147.0,156066925.0,0.982663,-0.007704,-0.184299,0.018648,-2.109243,0.976593,0.575202,0.0
,,,,,,,,,,,,,,,,,,,,1148.0,156083592.0,0.966237,-0.005393,-0.256406,0.02475,-4.017666,-0.469427,-1.679734,0.0
,,,,,,,,,,,,,,,,,,,,1149.0,156100259.0,0.94529,0.013655,-0.324607,0.029509,-1.355856,0.098155,0.609245,0.0
,,,,,,,,,,,,,,,,,,,,1150.0,156116926.0,0.919171,0.015283,-0.392178,0.032984,-0.729774,-0.324252,-2.747497,0.0
,,,,,,,,,,,,,,,,,,,,1151.0,156133593.0,0.896174,0.002761,-0.442592,0.031249,3.575201,0.667118,-2.766807,0.0
,,,,,,,,,,,,,,,,,,,,1152.0,156150260.0,0.894361,-0.001709,-0.445841,0.036613,6.319513,0.107927,-2.450401,0.0
,,,,,,,,,,,,,,,,,,,,1153.0,156166927.0,0.897597,0.000212,-0.437876,0.050834,1.486458,0.908305,-0.185019,0.0
,,,,,,,,,,,,,,,,,,,,1154.0,156183594.0,0.900564,0.004743,-0.428692,0.07201,-0.45651,-0.063803,-0.108605,0.0
,,,,,,,,,,,,,,,,,,,,1155.0,156200261.0,0.90322,0.007472,-0.419974,0.08809,-0.274952,-1.088446,-0.301979,0.0
,,,,,,,,,,,,,,,,,,,,1156.0,156216928.0,0.907127,0.011305,-0.408862,0.099123,1.094803,-0.466999,-0.978904,0.0
,,,,,,,,,,,,,,,,,,,,1157.0,156233595.0,0.912806,0.015135,-0.393283,0.109018,0.051852,-0.137488,-0.143118,0.0
,,,,,,,,,,,,,,,,,,,,1158.0,156250262.0,0.917592,0.016969,-0.379817,0.116091,-1.066139,-0.290478,0.074517,0.0
,,,,,,,,,,,,,,,,,,,,1159.0,156266929.0,0.921002,0.015011,-0.370367,0.11983,-0.609764,0.45204,0.147379,0.0
,,,,,,,,,,,,,,,,,,,,1160.0,156283596.0,0.926198,0.013678,-0.355905,0.1237,1.350428,-0.302056,-1.34563,0.0
,,,,,,,,,,,,,,,,,,,,1161.0,156300263.0,0.931806,0.014455,-0.339291,0.128102,0.086558,0.280494,0.02798,0.0
,,,,,,,,,,,,,,,,,,,,1162.0,156316930.0,0.937331,0.015335,-0.322673,0.130605,0.469877,-0.74909,-0.873121,0.0
,,,,,,,,,,,,,,,,,,,,1163.0,156333597.0,0.944599,0.019439,-0.299969,0.131808,1.124837,0.023267,-0.87371,0.0
,,,,,,,,,,,,,,,,,,,,1164.0,156350264.0,0.954241,0.017086,-0.268124,0.131309,-0.013358,-0.448215,-1.288872,0.0
,,,,,,,,,,,,,,,,,,,,1165.0,156366931.0,0.964179,0.013605,-0.232615,0.126745,0.017203,-0.159745,-0.431535,0.0
,,,,,,,,,,,,,,,,,,,,1166.0,156383598.0,0.972804,0.009945,-0.196188,0.122731,0.51635,-0.171959,-0.516803,0.0
,,,,,,,,,,,,,,,,,,,,1167.0,156400265.0,0.979079,0.008834,-0.162474,0.122182,0.602672,0.520877,0.339198,0.0
,,,,,,,,,,,,,,,,,,,,1168.0,156416932.0,0.983193,0.005045,-0.133557,0.124377,0.355351,-0.030991,-0.327244,0.0
,,,,,,,,,,,,,,,,,,,,1169.0,156433599.0,0.986446,0.004305,-0.099994,0.130026,0.005864,0.63038,-1.526585,0.0
,,,,,,,,,,,,,,,,,,,,1170.0,156450266.0,0.989432,-0.000624,-0.057157,0.133256,-1.003767,-0.037168,-1.936347,0.0
,,,,,,,,,,,,,,,,,,,,1171.0,156466933.0,0.991354,-0.006683,-0.006262,0.130896,-2.331868,-1.149666,3.566569,0.0
,,,,,,,,,,,,,,,,,,,,1172.0,156483600.0,0.991656,-0.006842,-0.003841,0.128674,-0.447403,1.319086,1.85246,0.0
,,,,,,,,,,,,,,,,,,,,1173.0,156500267.0,0.991514,-0.006633,-0.002115,0.129812,4.219763,0.376116,-0.303645,0.0
,,,,,,,,,,,,,,,,,,,,1174.0,156516934.0,0.990409,-0.006537,0.004222,0.137946,1.70036,-1.672171,0.436127,0.0
,,,,,,,,,,,,,,,,,,,,1175.0,156533601.0,0.99024,-0.008501,0.025125,0.136823,-1.541885,-0.573757,0.462145,0.0
,,,,,,,,,,,,,,,,,,,,1176.0,156550268.0,0.989903,-0.010981,0.055482,0.129974,-1.14885,0.131755,-0.201721,0.0
,,,,,,,,,,,,,,,,,,,,1177.0,156566935.0,0.98646,-0.014756,0.092251,0.134794,-0.845198,0.338004,-0.135282,0.0
,,,,,,,,,,,,,,,,,,,,1178.0,156583602.0,0.980892,-0.019281,0.136274,0.137506,-2.493984,0.947328,0.144719,0.0
,,,,,,,,,,,,,,,,,,,,1179.0,156600269.0,0.972455,-0.022569,0.187781,0.136237,0.133519,-0.483026,-1.039924,0.0
,,,,,,,,,,,,,,,,,,,,1180.0,156616936.0,0.963636,-0.020309,0.229901,0.134678,0.01483,0.209986,-0.899628,0.0
,,,,,,,,,,,,,,,,,,,,1181.0,156633603.0,0.956018,-0.01512,0.261101,0.132768,-0.497774,0.344658,-0.933058,0.0
,,,,,,,,,,,,,,,,,,,,1182.0,156650270.0,0.950952,-0.009203,0.28183,0.127193,-0.702897,0.808309,-0.655726,0.0
,,,,,,,,,,,,,,,,,,,,1183.0,156666937.0,0.947582,-0.005614,0.297216,0.117131,-0.157377,0.676082,-0.063834,0.0
,,,,,,,,,,,,,,,,,,,,1184.0,156683604.0,0.938631,1e-05,0.327457,0.108374,0.731701,-0.587181,-0.171043,0.0
,,,,,,,,,,,,,,,,,,,,1185.0,156700271.0,0.926843,0.011014,0.361003,0.102561,-0.890186,-0.239151,-0.50644,0.0
,,,,,,,,,,,,,,,,,,,,1186.0,156716938.0,0.915663,0.014986,0.389796,0.09693,0.315985,-0.333828,-0.305102,0.0
,,,,,,,,,,,,,,,,,,,,1187.0,156733605.0,0.904234,0.011064,0.416201,0.09495,0.524671,-0.113431,-0.189123,0.0
,,,,,,,,,,,,,,,,,,,,1188.0,156750272.0,0.893652,0.001178,0.438733,0.094334,0.009941,-0.056721,-0.420408,0.0
,,,,,,,,,,,,,,,,,,,,1189.0,156766939.0,0.885367,-0.012462,0.455432,0.092475,-0.695846,0.222388,-0.377427,0.0
,,,,,,,,,,,,,,,,,,,,1190.0,156783606.0,0.88057,-0.02552,0.465114,0.087262,-1.188506,0.306484,-0.31938,0.0
,,,,,,,,,,,,,,,,,,,,1191.0,156800273.0,0.879579,-0.035428,0.467889,0.078523,-0.990932,-0.017746,-0.300312,0.0
,,,,,,,,,,,,,,,,,,,,1192.0,156816940.0,0.880327,-0.041795,0.467404,0.069357,-0.592667,0.002836,-0.233009,0.0
,,,,,,,,,,,,,,,,,,,,1193.0,156833607.0,0.882327,-0.049211,0.463959,0.061802,-0.295922,-0.379341,-0.483661,0.0
,,,,,,,,,,,,,,,,,,,,1194.0,156850274.0,0.884632,-0.050729,0.460123,0.056035,-0.486847,-0.308897,-0.549546,0.0
,,,,,,,,,,,,,,,,,,,,1195.0,156866941.0,0.887703,-0.050853,0.454581,0.052474,-0.689002,-0.069728,-0.521189,0.0
,,,,,,,,,,,,,,,,,,,,1196.0,156883608.0,0.893737,-0.049647,0.443134,0.049006,-0.976967,0.060517,-0.567835,0.0
,,,,,,,,,,,,,,,,,,,,1197.0,156900275.0,0.905511,-0.046602,0.419386,0.044646,-1.024523,0.131976,-0.833283,0.0
,,,,,,,,,,,,,,,,,,,,1198.0,156916942.0,0.922525,-0.042528,0.381598,0.039026,-0.678919,0.16681,-0.39723,0.0
,,,,,,,,,,,,,,,,,,,,1199.0,156933609.0,0.941052,-0.033044,0.335355,0.029445,-0.740141,-0.267872,-1.196852,0.0
,,,,,,,,,,,,,,,,,,,,1200.0,156950276.0,0.959975,-0.025268,0.278129,0.021283,-0.138342,-0.195911,-1.330681,0.0
,,,,,,,,,,,,,,,,,,,,1201.0,156966943.0,0.977646,-0.020552,0.207829,0.024339,2.078389,-0.519295,-1.074916,0.0
,,,,,,,,,,,,,,,,,,,,1202.0,156983610.0,0.989738,-0.01413,0.139744,0.026284,-0.233073,-1.764992,-0.185566,0.0
,,,,,,,,,,,,,,,,,,,,1203.0,157000277.0,0.996454,-0.009502,0.077472,0.031416,0.171963,-0.542631,-0.291431,0.0
,,,,,,,,,,,,,,,,,,,,1204.0,157016944.0,0.998972,-0.006781,0.017825,0.041124,-0.675701,0.055858,-0.000733,0.0
,,,,,,,,,,,,,,,,,,,,1205.0,157033611.0,0.998766,-0.005872,-0.005861,0.048971,0.728732,2.32509,2.584315,0.0
,,,,,,,,,,,,,,,,,,,,1206.0,157050278.0,0.99877,-0.005893,-0.005918,0.048883,-0.00762,0.055063,-0.348021,0.0
,,,,,,,,,,,,,,,,,,,,1207.0,157066945.0,0.998783,-0.005897,-0.006,0.048595,0.014555,-0.003368,-0.374899,0.0
,,,,,,,,,,,,,,,,,,,,1208.0,157083612.0,0.998777,-0.00584,-0.005928,0.048746,0.058256,0.047458,-0.352168,0.0
,,,,,,,,,,,,,,,,,,,,1209.0,157100279.0,0.998648,-0.005374,-0.006103,0.051345,0.31237,0.280608,-0.304289,0.0
,,,,,,,,,,,,,,,,,,,,1210.0,157116946.0,0.998379,-0.006028,-0.00594,0.056288,0.077012,0.060755,-0.429547,0.0
,,,,,,,,,,,,,,,,,,,,1211.0,157133613.0,0.998253,-0.006063,-0.005934,0.058472,-0.413059,-0.379691,-0.350319,0.0
,,,,,,,,,,,,,,,,,,,,1212.0,157150280.0,0.998254,-0.006067,-0.005939,0.058461,-0.002017,0.001831,-0.37534,0.0
,,,,,,,,,,,,,,,,,,,,1213.0,157166947.0,0.998254,-0.006061,-0.005935,0.058454,-0.006459,0.027267,-0.368075,0.0
,,,,,,,,,,,,,,,,,,,,1214.0,157183614.0,0.998254,-0.006056,-0.005934,0.058454,-0.00523,0.023578,-0.370475,0.0
,,,,,,,,,,,,,,,,,,,,1215.0,157200281.0,0.998255,-0.00605,-0.005927,0.058437,0.00169,0.030923,-0.364614,0.0
,,,,,,,,,,,,,,,,,,,,1216.0,157216948.0,0.998255,-0.006044,-0.005924,0.058436,-0.012515,0.024671,-0.374971,0.0
,,,,,,,,,,,,,,,,,,,,1217.0,157233615.0,0.998256,-0.006046,-0.005924,0.05842,-0.001988,0.007018,-0.384473,0.0
,,,,,,,,,,,,,,,,,,,,1218.0,157250282.0,0.998257,-0.00604,-0.00593,0.05841,-0.006484,-0.002241,-0.365772,0.0
,,,,,,,,,,,,,,,,,,,,1219.0,157266949.0,0.998257,-0.006038,-0.005929,0.058411,-0.003206,-0.010696,-0.36306,0.0
,,,,,,,,,,,,,,,,,,,,1220.0,157283616.0,0.998257,-0.00604,-0.005932,0.058404,0.001836,-0.000986,-0.363772,0.0
,,,,,,,,,,,,,,,,,,,,1221.0,157300283.0,0.998257,-0.006047,-0.005934,0.058407,0.003827,0.00447,-0.379432,0.0
,,,,,,,,,,,,,,,,,,,,1222.0,157316950.0,0.998257,-0.006041,-0.005929,0.058405,-0.003287,0.007103,-0.360815,0.0
,,,,,,,,,,,,,,,,,,,,1223.0,157333617.0,0.998257,-0.006045,-0.005924,0.058401,-0.004852,0.03919,-0.380363,0.0
,,,,,,,,,,,,,,,,,,,,1224.0,157350284.0,0.998258,-0.006034,-0.005919,0.0584,0.007883,0.019826,-0.357429,0.0
,,,,,,,,,,,,,,,,,,,,1225.0,157366951.0,0.998258,-0.006032,-0.005917,0.058392,0.012546,0.011292,-0.342666,0.0
,,,,,,,,,,,,,,,,,,,,1226.0,157383618.0,0.998259,-0.006032,-0.005904,0.058379,-0.001774,0.008818,-0.350451,0.0
,,,,,,,,,,,,,,,,,,,,1227.0,157400285.0,0.99826,-0.006024,-0.005903,0.058361,0.002637,-0.003418,-0.369505,0.0
,,,,,,,,,,,,,,,,,,,,1228.0,157416952.0,0.99826,-0.006021,-0.005909,0.058354,0.00295,-0.003458,-0.40751,0.0
,,,,,,,,,,,,,,,,,,,,1229.0,157433619.0,0.99826,-0.00603,-0.005901,0.058355,0.002517,0.01129,-0.295781,0.0
,,,,,,,,,,,,,,,,,,,,1230.0,157450286.0,0.998114,-0.006185,-0.006139,0.060771,-1.396683,0.526547,-0.165691,0.0
,,,,,,,,,,,,,,,,,,,,1231.0,157466953.0,0.997524,-0.006059,-0.005868,0.069825,-3.587831,-0.331867,-0.645283,0.0
,,,,,,,,,,,,,,,,,,,,1232.0,157483620.0,0.99682,-0.001075,-0.004921,0.07953,7.428632,-3.059228,-0.429315,0.0
,,,,,,,,,,,,,,,,,,,,1233.0,157500287.0,0.996008,0.000862,-0.003312,0.0892,-1.596376,0.655163,-0.079438,0.0
,,,,,,,,,,,,,,,,,,,,1234.0,157516954.0,0.995127,0.010526,-0.004256,0.097952,0.050387,0.106223,-0.230541,0.0
,,,,,,,,,,,,,,,,,,,,1235.0,157533621.0,0.993452,0.025433,-0.003894,0.111313,0.915632,-0.456098,0.401167,0.0
,,,,,,,,,,,,,,,,,,,,1236.0,157550288.0,0.991397,0.048284,-0.003338,0.121613,-1.034858,0.706873,-0.624827,0.0
,,,,,,,,,,,,,,,,,,,,1237.0,157566955.0,0.988443,0.080327,0.004735,0.128478,-0.339665,0.612351,0.363923,0.0
,,,,,,,,,,,,,,,,,,,,1238.0,157583622.0,0.983687,0.121864,0.017829,0.131117,-0.031605,0.272188,-0.250232,0.0
,,,,,,,,,,,,,,,,,,,,1239.0,157600289.0,0.976103,0.172965,0.028266,0.128479,0.325996,0.636195,-0.43846,0.0
,,,,,,,,,,,,,,,,,,,,1240.0,157616956.0,0.96474,0.23072,0.036496,0.1213,-0.140746,0.086852,-0.188149,0.0
,,,,,,,,,,,,,,,,,,,,1241.0,157633623.0,0.951864,0.282214,0.044245,0.11114,-0.528814,0.218835,-0.17112,0.0
,,,,,,,,,,,,,,,,,,,,1242.0,157650290.0,0.938773,0.326647,0.044965,0.099922,-0.573624,1.306514,-1.373241,0.0
,,,,,,,,,,,,,,,,,,,,1243.0,157666957.0,0.924152,0.37141,0.034938,0.082325,-0.7922,0.232809,-0.246119,0.0
,,,,,,,,,,,,,,,,,,,,1244.0,157683624.0,0.909461,0.411734,0.025525,0.052005,-2.02674,-0.111956,0.935901,0.0
,,,,,,,,,,,,,,,,,,,,1245.0,157700291.0,0.897221,0.440264,0.02797,0.019488,-0.422218,-0.729575,1.044841,0.0
,,,,,,,,,,,,,,,,,,,,1246.0,157716958.0,0.885119,0.463534,0.040881,-0.005395,1.034773,1.161462,0.516234,0.0
,,,,,,,,,,,,,,,,,,,,1247.0,157733625.0,0.868912,0.490813,0.059555,-0.023384,1.786674,-0.293408,-0.386617,0.0
,,,,,,,,,,,,,,,,,,,,1248.0,157750292.0,0.852339,0.515558,0.080017,-0.036268,2.163253,-1.046241,-1.121758,0.0
,,,,,,,,,,,,,,,,,,,,1249.0,157766959.0,0.839029,0.534661,0.091791,-0.041742,1.868002,-0.113552,-1.742023,0.0
,,,,,,,,,,,,,,,,,,,,1250.0,157783626.0,0.830971,0.547002,0.092594,-0.041258,-0.814492,0.193755,-0.359233,0.0
,,,,,,,,,,,,,,,,,,,,1251.0,157800293.0,0.829095,0.549608,0.092945,-0.043527,-2.671976,2.002795,0.499687,0.0
,,,,,,,,,,,,,,,,,,,,1252.0,157816960.0,0.827817,0.550659,0.096209,-0.047308,-2.042747,2.912886,0.991026,0.0
,,,,,,,,,,,,,,,,,,,,1253.0,157833627.0,0.824255,0.554198,0.103594,-0.052323,-1.033718,1.806053,0.41761,0.0
,,,,,,,,,,,,,,,,,,,,1254.0,157850294.0,0.818799,0.559301,0.115001,-0.059377,0.723304,-0.087829,-0.852997,0.0
,,,,,,,,,,,,,,,,,,,,1255.0,157866961.0,0.815234,0.56206,0.123768,-0.064528,1.439366,-0.765836,-2.037394,0.0
,,,,,,,,,,,,,,,,,,,,1256.0,157883628.0,0.815668,0.560164,0.128468,-0.066319,0.859928,-0.376082,-1.949419,0.0
,,,,,,,,,,,,,,,,,,,,1257.0,157900295.0,0.821742,0.551845,0.127367,-0.063123,0.55328,-0.129421,-1.968704,0.0
,,,,,,,,,,,,,,,,,,,,1258.0,157916962.0,0.833524,0.535742,0.122425,-0.056834,-0.858872,0.294213,-1.660132,0.0
,,,,,,,,,,,,,,,,,,,,1259.0,157933629.0,0.848407,0.514047,0.115729,-0.050673,-0.460698,0.72327,-0.8664,0.0
,,,,,,,,,,,,,,,,,,,,1260.0,157950296.0,0.862728,0.492216,0.107711,-0.042677,-0.346339,1.415838,0.223818,0.0
,,,,,,,,,,,,,,,,,,,,1261.0,157966963.0,0.875255,0.471319,0.102622,-0.03545,-0.158141,0.614349,2.0064,0.0
,,,,,,,,,,,,,,,,,,,,1262.0,157983630.0,0.890209,0.443665,0.100025,-0.026178,0.120265,-0.136659,1.061415,0.0
,,,,,,,,,,,,,,,,,,,,1263.0,158000297.0,0.90193,0.420679,0.095127,-0.022403,0.350672,0.414175,-0.569021,0.0
,,,,,,,,,,,,,,,,,,,,1264.0,158016964.0,0.915416,0.392969,0.085479,-0.016816,-0.131553,-0.285961,-0.841483,0.0
,,,,,,,,,,,,,,,,,,,,1265.0,158033631.0,0.932495,0.354385,0.069,-0.010184,-0.822628,0.017651,-0.603456,0.0
,,,,,,,,,,,,,,,,,,,,1266.0,158050298.0,0.948298,0.313179,0.051404,-0.002837,0.168694,0.814861,-0.02477,0.0
,,,,,,,,,,,,,,,,,,,,1267.0,158066965.0,0.960681,0.274665,0.039955,0.007372,0.254989,1.125227,0.093006,0.0
,,,,,,,,,,,,,,,,,,,,1268.0,158083632.0,0.969962,0.240297,0.033999,0.016617,0.300442,0.558194,-0.023952,0.0
,,,,,,,,,,,,,,,,,,,,1269.0,158100299.0,0.977112,0.209567,0.026858,0.024744,-0.04109,-0.952594,0.073232,0.0
,,,,,,,,,,,,,,,,,,,,1270.0,158116966.0,0.98491,0.169448,0.022681,0.02694,-1.08809,-0.647648,0.130451,0.0
,,,,,,,,,,,,,,,,,,,,1271.0,158133633.0,0.991622,0.124825,0.018712,0.027485,-0.422356,0.31213,-0.282811,0.0
,,,,,,,,,,,,,,,,,,,,1272.0,158150300.0,0.996184,0.081324,0.014921,0.027943,0.251976,0.02704,0.390284,0.0
,,,,,,,,,,,,,,,,,,,,1273.0,158166967.0,0.998878,0.03696,0.009736,0.027966,0.495306,-0.493767,0.106454,0.0
,,,,,,,,,,,,,,,,,,,,1274.0,158183634.0,0.999609,-0.009142,0.005666,0.025829,-0.279317,-0.171336,0.144851,0.0
,,,,,,,,,,,,,,,,,,,,1275.0,158200301.0,0.998145,-0.056533,-0.000842,0.022578,0.372993,-0.057765,0.154892,0.0
,,,,,,,,,,,,,,,,,,,,1276.0,158216968.0,0.994774,-0.09935,-0.010215,0.021227,0.521861,-0.160521,-0.183791,0.0
,,,,,,,,,,,,,,,,,,,,1277.0,158233635.0,0.990888,-0.133203,-0.012619,0.015485,-1.413245,0.828344,1.17478,0.0
,,,,,,,,,,,,,,,,,,,,1278.0,158250302.0,0.986312,-0.164049,-0.014603,0.007999,0.231231,0.317603,0.340767,0.0
,,,,,,,,,,,,,,,,,,,,1279.0,158266969.0,0.980787,-0.193761,-0.022293,0.004165,0.433451,-0.129429,-0.204289,0.0
,,,,,,,,,,,,,,,,,,,,1280.0,158283636.0,0.974342,-0.222676,-0.032776,0.000184,0.560406,-0.243587,-0.532216,0.0
,,,,,,,,,,,,,,,,,,,,1281.0,158300303.0,0.965687,-0.255943,-0.043892,-0.003985,-0.046772,0.244215,0.034162,0.0
,,,,,,,,,,,,,,,,,,,,1282.0,158316970.0,0.95437,-0.293909,-0.052402,-0.007018,-0.135251,0.297518,-0.607681,0.0
,,,,,,,,,,,,,,,,,,,,1283.0,158333637.0,0.943786,-0.324711,-0.061712,-0.004812,0.326931,-0.167841,-1.330136,0.0
,,,,,,,,,,,,,,,,,,,,1284.0,158350304.0,0.935764,-0.345484,-0.070612,0.00042,0.431314,-0.428988,-1.160895,0.0
,,,,,,,,,,,,,,,,,,,,1285.0,158366971.0,0.929112,-0.361201,-0.078924,0.00747,0.400912,-0.298601,-0.818048,0.0
,,,,,,,,,,,,,,,,,,,,1286.0,158383638.0,0.923166,-0.374272,-0.086276,0.015578,-0.168868,-0.089845,-0.527458,0.0
,,,,,,,,,,,,,,,,,,,,1287.0,158400305.0,0.91743,-0.386361,-0.092517,0.022109,-0.229623,-0.165067,-0.412199,0.0
,,,,,,,,,,,,,,,,,,,,1288.0,158416972.0,0.912339,-0.39673,-0.097369,0.027622,0.164884,-0.313742,-0.619468,0.0
,,,,,,,,,,,,,,,,,,,,1289.0,158433639.0,0.908627,-0.403907,-0.100725,0.033316,0.67701,-0.655273,-0.823596,0.0
,,,,,,,,,,,,,,,,,,,,1290.0,158450306.0,0.906286,-0.408047,-0.102959,0.039278,0.402208,-0.8715,-0.773504,0.0
,,,,,,,,,,,,,,,,,,,,1291.0,158466973.0,0.904381,-0.412073,-0.102289,0.042754,0.014139,-0.709178,-0.425817,0.0
,,,,,,,,,,,,,,,,,,,,1292.0,158483640.0,0.902633,-0.416069,-0.10067,0.044788,-0.133628,-0.228728,-0.096066,0.0
,,,,,,,,,,,,,,,,,,,,1293.0,158500307.0,0.901261,-0.419181,-0.099151,0.046742,-0.17009,-0.121164,-0.271555,0.0
,,,,,,,,,,,,,,,,,,,,1294.0,158516974.0,0.900554,-0.420407,-0.098809,0.049968,0.057336,-0.196811,-0.36232,0.0
,,,,,,,,,,,,,,,,,,,,1295.0,158533641.0,0.900721,-0.419381,-0.099311,0.054385,0.378223,-0.506589,-0.497076,0.0
,,,,,,,,,,,,,,,,,,,,1296.0,158550308.0,0.901589,-0.416686,-0.09999,0.059269,0.513949,-0.696801,-0.401023,0.0
,,,,,,,,,,,,,,,,,,,,1297.0,158566975.0,0.902958,-0.41335,-0.099603,0.062361,0.320431,-0.604709,-0.603656,0.0
,,,,,,,,,,,,,,,,,,,,1298.0,158583642.0,0.905849,-0.406969,-0.097406,0.065776,0.317845,-0.643439,-1.010015,0.0
,,,,,,,,,,,,,,,,,,,,1299.0,158600309.0,0.91082,-0.395849,-0.092628,0.071622,0.11382,-0.334333,-0.961471,0.0
,,,,,,,,,,,,,,,,,,,,1300.0,158616976.0,0.916106,-0.383011,-0.087226,0.080284,-0.062051,-0.114787,-0.324901,0.0
,,,,,,,,,,,,,,,,,,,,1301.0,158633643.0,0.921286,-0.369651,-0.083172,0.08759,-0.607732,-0.441303,-0.53729,0.0
,,,,,,,,,,,,,,,,,,,,1302.0,158650310.0,0.928412,-0.352229,-0.075374,0.091131,0.594909,-1.30798,-0.017615,0.0
,,,,,,,,,,,,,,,,,,,,1303.0,158666977.0,0.938427,-0.326054,-0.067358,0.092231,-0.492362,-0.453585,-0.491835,0.0
,,,,,,,,,,,,,,,,,,,,1304.0,158683644.0,0.947395,-0.300449,-0.060686,0.092139,0.091497,0.04278,-0.054543,0.0
,,,,,,,,,,,,,,,,,,,,1305.0,158700311.0,0.95511,-0.275522,-0.055134,0.093872,0.134482,0.15256,-0.53969,0.0
,,,,,,,,,,,,,,,,,,,,1306.0,158716978.0,0.963371,-0.244851,-0.049055,0.09776,0.991797,-0.732956,-1.655935,0.0
,,,,,,,,,,,,,,,,,,,,1307.0,158733645.0,0.972324,-0.206375,-0.037206,0.103007,0.905019,-0.908561,-1.634945,0.0
,,,,,,,,,,,,,,,,,,,,1308.0,158750312.0,0.98128,-0.159527,-0.02449,0.105074,-0.165779,-1.100121,-1.467138,0.0
,,,,,,,,,,,,,,,,,,,,1309.0,158766979.0,0.988872,-0.099505,-0.019347,0.108893,0.215198,0.187845,-1.054533,0.0
,,,,,,,,,,,,,,,,,,,,1310.0,158783646.0,0.992542,-0.042075,-0.012787,0.113697,-0.733725,1.067463,0.722325,0.0
,,,,,,,,,,,,,,,,,,,,1311.0,158800313.0,0.992573,-0.023467,-0.009882,0.118958,-1.817093,1.950985,5.403097,0.0
,,,,,,,,,,,,,,,,,,,,1312.0,158816980.0,0.992405,-0.019718,-0.011116,0.120915,-1.113581,-0.433657,-0.39115,0.0
,,,,,,,,,,,,,,,,,,,,1313.0,158833647.0,0.992514,-0.013062,-0.0107,0.120962,-0.703939,-0.332057,-1.166443,0.0
,,,,,,,,,,,,,,,,,,,,1314.0,158850314.0,0.993556,-0.006898,-0.007436,0.112893,0.460747,-0.226076,0.837126,0.0
,,,,,,,,,,,,,,,,,,,,1315.0,158866981.0,0.993929,-0.006429,-0.006983,0.109616,0.744142,0.804764,-0.20226,0.0
,,,,,,,,,,,,,,,,,,,,1316.0,158883648.0,0.993971,-0.006415,-0.006781,0.109246,0.203512,0.195148,-0.345022,0.0
,,,,,,,,,,,,,,,,,,,,1317.0,158900315.0,0.993698,-0.006497,-0.006459,0.111719,0.003657,-0.000385,-0.369613,0.0
,,,,,,,,,,,,,,,,,,,,1318.0,158916982.0,0.993368,-0.006409,-0.006764,0.1146,0.221284,0.144057,-0.349697,0.0
,,,,,,,,,,,,,,,,,,,,1319.0,158933649.0,0.992743,-0.00647,-0.0069,0.119882,-0.066574,0.132489,-0.359277,0.0
,,,,,,,,,,,,,,,,,,,,1320.0,158950316.0,0.992665,-0.006472,-0.006897,0.120525,-0.277415,-0.22024,-0.349354,0.0
,,,,,,,,,,,,,,,,,,,,1321.0,158966983.0,0.992667,-0.006466,-0.006896,0.120512,-0.038475,0.054256,-0.356707,0.0
,,,,,,,,,,,,,,,,,,,,1322.0,158983650.0,0.992667,-0.006467,-0.0069,0.120509,-0.040729,0.018555,-0.381112,0.0
,,,,,,,,,,,,,,,,,,,,1323.0,159000317.0,0.992669,-0.00647,-0.0069,0.120499,-0.02867,0.010281,-0.351591,0.0
,,,,,,,,,,,,,,,,,,,,1324.0,159016984.0,0.992669,-0.006459,-0.006896,0.120496,-0.016138,-0.009908,-0.357174,0.0
,,,,,,,,,,,,,,,,,,,,1325.0,159033651.0,0.992669,-0.00645,-0.006897,0.120493,-0.008291,-0.019131,-0.368962,0.0
,,,,,,,,,,,,,,,,,,,,1326.0,159050318.0,0.992669,-0.006442,-0.0069,0.120494,-0.022436,0.004013,-0.387041,0.0
,,,,,,,,,,,,,,,,,,,,1327.0,159066985.0,0.992668,-0.006441,-0.006892,0.120506,-0.008401,0.019599,-0.341499,0.0
,,,,,,,,,,,,,,,,,,,,1328.0,159083652.0,0.992668,-0.006433,-0.00689,0.120505,-0.013242,0.02786,-0.356174,0.0
,,,,,,,,,,,,,,,,,,,,1329.0,159100319.0,0.992671,-0.006432,-0.006892,0.120478,-0.03215,0.048043,-0.343751,0.0
,,,,,,,,,,,,,,,,,,,,1330.0,159116986.0,0.992672,-0.006427,-0.0069,0.120474,-0.024808,0.042594,-0.357286,0.0
,,,,,,,,,,,,,,,,,,,,1331.0,159133653.0,0.992673,-0.006433,-0.006906,0.120461,-0.041757,0.028405,-0.363892,0.0
,,,,,,,,,,,,,,,,,,,,1332.0,159150320.0,0.992673,-0.006435,-0.006895,0.120467,-0.047401,0.011624,-0.352359,0.0
,,,,,,,,,,,,,,,,,,,,1333.0,159166987.0,0.992673,-0.006437,-0.006901,0.120459,-0.039566,-0.016093,-0.367357,0.0
,,,,,,,,,,,,,,,,,,,,1334.0,159183654.0,0.992674,-0.006438,-0.006901,0.120453,-0.049615,-0.002523,-0.355977,0.0
,,,,,,,,,,,,,,,,,,,,1335.0,159200321.0,0.992675,-0.006427,-0.006899,0.120445,-0.032183,0.014379,-0.347679,0.0
,,,,,,,,,,,,,,,,,,,,1336.0,159216988.0,0.992676,-0.006423,-0.006908,0.120439,-0.019884,0.018457,-0.379483,0.0
,,,,,,,,,,,,,,,,,,,,1337.0,159233655.0,0.992677,-0.006419,-0.006902,0.120434,-0.012066,0.035991,-0.377297,0.0
,,,,,,,,,,,,,,,,,,,,1338.0,159250322.0,0.992677,-0.006407,-0.00691,0.12043,-0.001356,0.045179,-0.369821,0.0
,,,,,,,,,,,,,,,,,,,,1339.0,159266989.0,0.992678,-0.006412,-0.006907,0.120422,-0.013412,0.036742,-0.354595,0.0
,,,,,,,,,,,,,,,,,,,,1340.0,159283656.0,0.992678,-0.006401,-0.006903,0.120426,-0.017534,0.022995,-0.364345,0.0
,,,,,,,,,,,,,,,,,,,,1341.0,159300323.0,0.992678,-0.006407,-0.006906,0.120419,-0.021261,0.009785,-0.356815,0.0
,,,,,,,,,,,,,,,,,,,,1342.0,159316990.0,0.992679,-0.006409,-0.006903,0.120417,-0.033394,0.004533,-0.377837,0.0
,,,,,,,,,,,,,,,,,,,,1343.0,159333657.0,0.99268,-0.006406,-0.00691,0.120407,-0.023386,-0.00769,-0.3403,0.0
,,,,,,,,,,,,,,,,,,,,1344.0,159350324.0,0.992679,-0.006402,-0.006915,0.120411,-0.053381,0.010378,-0.351152,0.0
,,,,,,,,,,,,,,,,,,,,1345.0,159366991.0,0.992679,-0.006397,-0.006919,0.120413,-0.049743,0.006929,-0.35966,0.0
,,,,,,,,,,,,,,,,,,,,1346.0,159383658.0,0.99268,-0.006389,-0.006919,0.120408,-0.048134,0.018956,-0.361714,0.0
,,,,,,,,,,,,,,,,,,,,1347.0,159400325.0,0.99268,-0.006379,-0.006914,0.120409,-0.047794,0.037346,-0.346489,0.0
,,,,,,,,,,,,,,,,,,,,1348.0,159416992.0,0.992679,-0.006379,-0.006915,0.120413,-0.013916,0.043224,-0.366138,0.0
,,,,,,,,,,,,,,,,,,,,1349.0,159433659.0,0.992681,-0.006372,-0.006918,0.120398,-0.022181,0.037674,-0.366282,0.0
,,,,,,,,,,,,,,,,,,,,1350.0,159450326.0,0.992681,-0.006375,-0.006915,0.120397,-0.019368,0.010969,-0.370942,0.0
,,,,,,,,,,,,,,,,,,,,1351.0,159466993.0,0.992682,-0.006384,-0.006915,0.120393,0.00536,0.012993,-0.356326,0.0
,,,,,,,,,,,,,,,,,,,,1352.0,159483660.0,0.992683,-0.006379,-0.006915,0.120379,0.003939,-0.017382,-0.346021,0.0
,,,,,,,,,,,,,,,,,,,,1353.0,159500327.0,0.992684,-0.006392,-0.006919,0.120377,-0.008804,-0.013012,-0.36478,0.0
,,,,,,,,,,,,,,,,,,,,1354.0,159516994.0,0.992683,-0.006391,-0.006919,0.120382,-0.013162,-0.000438,-0.36857,0.0
,,,,,,,,,,,,,,,,,,,,1355.0,159533661.0,0.992682,-0.006395,-0.006923,0.12039,-0.023346,0.024441,-0.352854,0.0
,,,,,,,,,,,,,,,,,,,,1356.0,159550328.0,0.992682,-0.006396,-0.006926,0.120394,-0.04411,0.049364,-0.368278,0.0
,,,,,,,,,,,,,,,,,,,,1357.0,159566995.0,0.992682,-0.006392,-0.006922,0.120391,-0.038213,0.036395,-0.35505,0.0
,,,,,,,,,,,,,,,,,,,,1358.0,159583662.0,0.992682,-0.006397,-0.00692,0.120388,-0.065876,0.048372,-0.376278,0.0
,,,,,,,,,,,,,,,,,,,,1359.0,159600329.0,0.992683,-0.006398,-0.006922,0.120379,-0.058206,0.018063,-0.361821,0.0
,,,,,,,,,,,,,,,,,,,,1360.0,159616996.0,0.992684,-0.006395,-0.006919,0.120374,-0.044798,0.03025,-0.357341,0.0
,,,,,,,,,,,,,,,,,,,,1361.0,159633663.0,0.992685,-0.006381,-0.006924,0.120368,-0.021252,-0.017497,-0.35373,0.0
,,,,,,,,,,,,,,,,,,,,1362.0,159650330.0,0.992687,-0.006385,-0.006933,0.120352,-0.015707,-0.013291,-0.35028,0.0
,,,,,,,,,,,,,,,,,,,,1363.0,159666997.0,0.992688,-0.006371,-0.006926,0.120345,-0.009161,-0.016407,-0.370458,0.0
,,,,,,,,,,,,,,,,,,,,1364.0,159683664.0,0.992688,-0.006361,-0.006933,0.120344,0.004746,0.000865,-0.35477,0.0
,,,,,,,,,,,,,,,,,,,,1365.0,159700331.0,0.992686,-0.006368,-0.006936,0.120355,-0.002207,0.028078,-0.347471,0.0
,,,,,,,,,,,,,,,,,,,,1366.0,159716998.0,0.992684,-0.006367,-0.006928,0.120375,-0.015024,0.038093,-0.367681,0.0
,,,,,,,,,,,,,,,,,,,,1367.0,159733665.0,0.992683,-0.00636,-0.006936,0.120383,-0.027171,0.049749,-0.372835,0.0
,,,,,,,,,,,,,,,,,,,,1368.0,159750332.0,0.992684,-0.00636,-0.006942,0.120372,-0.039474,0.047949,-0.365218,0.0
,,,,,,,,,,,,,,,,,,,,1369.0,159766999.0,0.992684,-0.006358,-0.00694,0.120374,-0.051376,0.031794,-0.371075,0.0
,,,,,,,,,,,,,,,,,,,,1370.0,159783666.0,0.992685,-0.006359,-0.006949,0.120368,-0.066442,-0.006142,-0.357354,0.0
,,,,,,,,,,,,,,,,,,,,1371.0,159800333.0,0.992686,-0.006347,-0.006953,0.120357,-0.056998,-0.007383,-0.362679,0.0
,,,,,,,,,,,,,,,,,,,,1372.0,159817000.0,0.992687,-0.006348,-0.006959,0.12035,-0.047001,-0.019604,-0.341108,0.0
,,,,,,,,,,,,,,,,,,,,1373.0,159833667.0,0.992687,-0.006345,-0.006957,0.120352,-0.03143,-0.002498,-0.358259,0.0
,,,,,,,,,,,,,,,,,,,,1374.0,159850334.0,0.992686,-0.006339,-0.006962,0.120354,-0.017744,0.009846,-0.343799,0.0
,,,,,,,,,,,,,,,,,,,,1375.0,159867001.0,0.992685,-0.00633,-0.006968,0.120365,-0.017673,0.025453,-0.344953,0.0
,,,,,,,,,,,,,,,,,,,,1376.0,159883668.0,0.992685,-0.006327,-0.006973,0.120363,0.002171,0.033184,-0.353081,0.0
,,,,,,,,,,,,,,,,,,,,1377.0,159900335.0,0.992686,-0.006329,-0.006963,0.120361,-0.008856,0.038591,-0.361407,0.0
,,,,,,,,,,,,,,,,,,,,1378.0,159917002.0,0.992685,-0.006332,-0.006956,0.120364,-0.013506,0.031761,-0.37384,0.0
,,,,,,,,,,,,,,,,,,,,1379.0,159933669.0,0.992686,-0.006338,-0.006959,0.120361,-0.021244,0.01864,-0.351386,0.0
,,,,,,,,,,,,,,,,,,,,1380.0,159950336.0,0.992685,-0.006352,-0.006958,0.120364,-0.029075,-0.005576,-0.366611,0.0
,,,,,,,,,,,,,,,,,,,,1381.0,159967003.0,0.992685,-0.006357,-0.006968,0.120367,-0.041523,-0.030271,-0.367036,0.0
,,,,,,,,,,,,,,,,,,,,1382.0,159983670.0,0.992684,-0.006358,-0.006971,0.120369,-0.041977,-0.019809,-0.367839,0.0
,,,,,,,,,,,,,,,,,,,,1383.0,160000337.0,0.992684,-0.006356,-0.006975,0.120373,-0.058042,0.002734,-0.354403,0.0
,,,,,,,,,,,,,,,,,,,,1384.0,160017004.0,0.992685,-0.006346,-0.006972,0.120363,-0.059213,0.021088,-0.388062,0.0
,,,,,,,,,,,,,,,,,,,,1385.0,160033671.0,0.992685,-0.006343,-0.006967,0.120363,-0.041362,0.022167,-0.364361,0.0
,,,,,,,,,,,,,,,,,,,,1386.0,160050338.0,0.992685,-0.006331,-0.006957,0.120363,-0.024148,0.031268,-0.36113,0.0
,,,,,,,,,,,,,,,,,,,,1387.0,160067005.0,0.992685,-0.006327,-0.006959,0.120364,-0.016983,0.031829,-0.365699,0.0
,,,,,,,,,,,,,,,,,,,,1388.0,160083672.0,0.992685,-0.00633,-0.006965,0.120365,-0.02255,0.028336,-0.381163,0.0
,,,,,,,,,,,,,,,,,,,,1389.0,160100339.0,0.992686,-0.00633,-0.006959,0.120358,0.000412,0.004607,-0.365485,0.0
,,,,,,,,,,,,,,,,,,,,1390.0,160117006.0,0.992686,-0.006327,-0.006966,0.120356,-0.005817,-0.018485,-0.352233,0.0
,,,,,,,,,,,,,,,,,,,,1391.0,160133673.0,0.992686,-0.006322,-0.006978,0.120354,-0.016224,0.001517,-0.358578,0.0
,,,,,,,,,,,,,,,,,,,,1392.0,160150340.0,0.992687,-0.006327,-0.006982,0.120352,-0.02067,-0.016665,-0.360386,0.0
,,,,,,,,,,,,,,,,,,,,1393.0,160167007.0,0.992687,-0.006335,-0.006973,0.120353,-0.014563,-0.000154,-0.36297,0.0
,,,,,,,,,,,,,,,,,,,,1394.0,160183674.0,0.992687,-0.006342,-0.006959,0.120347,-0.050843,0.02329,-0.346849,0.0
,,,,,,,,,,,,,,,,,,,,1395.0,160200341.0,0.992687,-0.006341,-0.006957,0.120348,-0.046582,0.037218,-0.362125,0.0
,,,,,,,,,,,,,,,,,,,,1396.0,160217008.0,0.992688,-0.006338,-0.006965,0.120344,-0.043783,0.039692,-0.356855,0.0
,,,,,,,,,,,,,,,,,,,,1397.0,160233675.0,0.992687,-0.006336,-0.006973,0.120346,-0.051267,0.038292,-0.343861,0.0
,,,,,,,,,,,,,,,,,,,,1398.0,160250342.0,0.992688,-0.006328,-0.006976,0.120341,-0.038799,0.014039,-0.360516,0.0
,,,,,,,,,,,,,,,,,,,,1399.0,160267009.0,0.992686,-0.006326,-0.006976,0.120357,-0.028985,0.005881,-0.347492,0.0
,,,,,,,,,,,,,,,,,,,,1400.0,160283676.0,0.992686,-0.006333,-0.006966,0.120358,-0.015426,-0.006448,-0.371083,0.0
,,,,,,,,,,,,,,,,,,,,1401.0,160300343.0,0.992686,-0.006329,-0.006967,0.120355,-0.015168,-0.009959,-0.359119,0.0
,,,,,,,,,,,,,,,,,,,,1402.0,160317010.0,0.992685,-0.006327,-0.006961,0.120362,-0.02877,-0.001419,-0.346114,0.0
,,,,,,,,,,,,,,,,,,,,1403.0,160333677.0,0.992685,-0.006322,-0.006958,0.120363,-0.01763,0.016753,-0.359566,0.0
,,,,,,,,,,,,,,,,,,,,1404.0,160350344.0,0.992684,-0.006314,-0.006953,0.120377,-0.024432,0.046333,-0.36581,0.0
,,,,,,,,,,,,,,,,,,,,1405.0,160367011.0,0.992684,-0.006306,-0.006957,0.120374,-0.026031,0.037762,-0.368493,0.0
,,,,,,,,,,,,,,,,,,,,1406.0,160383678.0,0.992682,-0.006299,-0.006952,0.120394,-0.029121,0.037373,-0.366266,0.0
,,,,,,,,,,,,,,,,,,,,1407.0,160400345.0,0.992681,-0.006302,-0.00695,0.120398,-0.04636,0.02303,-0.374867,0.0
,,,,,,,,,,,,,,,,,,,,1408.0,160417012.0,0.992683,-0.006294,-0.006955,0.120387,-0.042392,0.017454,-0.35334,0.0
,,,,,,,,,,,,,,,,,,,,1409.0,160433679.0,0.992683,-0.00629,-0.006962,0.120383,-0.057704,-0.00662,-0.346395,0.0
,,,,,,,,,,,,,,,,,,,,1410.0,160450346.0,0.992684,-0.006303,-0.006958,0.120376,-0.041939,-0.018467,-0.361498,0.0
,,,,,,,,,,,,,,,,,,,,1411.0,160467013.0,0.992683,-0.006297,-0.006956,0.120381,-0.051437,0.001747,-0.373082,0.0
,,,,,,,,,,,,,,,,,,,,1412.0,160483680.0,0.992684,-0.006291,-0.006959,0.120376,-0.025806,0.007368,-0.360504,0.0
,,,,,,,,,,,,,,,,,,,,1413.0,160500347.0,0.992684,-0.006291,-0.006957,0.120379,-0.017422,0.034554,-0.352045,0.0
,,,,,,,,,,,,,,,,,,,,1414.0,160517014.0,0.992683,-0.00629,-0.00696,0.120384,-0.004339,0.034531,-0.359002,0.0
,,,,,,,,,,,,,,,,,,,,1415.0,160533681.0,0.992683,-0.006289,-0.006954,0.120384,-0.018542,0.037561,-0.370705,0.0
,,,,,,,,,,,,,,,,,,,,1416.0,160550348.0,0.992683,-0.006296,-0.006956,0.120385,-0.01273,0.038592,-0.35462,0.0
,,,,,,,,,,,,,,,,,,,,1417.0,160567015.0,0.992683,-0.006307,-0.006957,0.120382,-0.022385,0.006189,-0.350536,0.0
,,,,,,,,,,,,,,,,,,,,1418.0,160583682.0,0.992683,-0.006302,-0.006963,0.120385,-0.04192,-0.019267,-0.387734,0.0
,,,,,,,,,,,,,,,,,,,,1419.0,160600349.0,0.992682,-0.006304,-0.006967,0.120388,-0.020446,-0.00805,-0.354145,0.0
,,,,,,,,,,,,,,,,,,,,1420.0,160617016.0,0.992684,-0.006301,-0.006975,0.120377,-0.044339,0.00471,-0.344831,0.0
,,,,,,,,,,,,,,,,,,,,1421.0,160633683.0,0.992683,-0.006298,-0.006986,0.120381,-0.041821,0.022698,-0.354898,0.0
,,,,,,,,,,,,,,,,,,,,1422.0,160650350.0,0.992684,-0.006295,-0.006982,0.120374,-0.041263,0.032547,-0.38456,0.0
,,,,,,,,,,,,,,,,,,,,1423.0,160667017.0,0.992684,-0.006285,-0.006986,0.120378,-0.037773,0.03188,-0.356578,0.0
,,,,,,,,,,,,,,,,,,,,1424.0,160683684.0,0.992684,-0.006283,-0.006989,0.120378,-0.018011,0.021934,-0.358629,0.0
,,,,,,,,,,,,,,,,,,,,1425.0,160700351.0,0.992684,-0.006278,-0.006993,0.120371,-0.022993,0.013939,-0.366126,0.0
,,,,,,,,,,,,,,,,,,,,1426.0,160717018.0,0.992686,-0.006281,-0.006995,0.12036,-0.017405,-0.011226,-0.370451,0.0
,,,,,,,,,,,,,,,,,,,,1427.0,160733685.0,0.992686,-0.00628,-0.006977,0.120359,0.00051,-0.017642,-0.365923,0.0
,,,,,,,,,,,,,,,,,,,,1428.0,160750352.0,0.992685,-0.006279,-0.006974,0.120365,-0.011764,0.00569,-0.369517,0.0
,,,,,,,,,,,,,,,,,,,,1429.0,160767019.0,0.992685,-0.00629,-0.006968,0.120372,-0.011632,0.024438,-0.350878,0.0
,,,,,,,,,,,,,,,,,,,,1430.0,160783686.0,0.992684,-0.006291,-0.006974,0.120377,-0.024852,0.032631,-0.364327,0.0
,,,,,,,,,,,,,,,,,,,,1431.0,160800353.0,0.992685,-0.006288,-0.006971,0.120365,-0.036662,0.032322,-0.363292,0.0
,,,,,,,,,,,,,,,,,,,,1432.0,160817020.0,0.992686,-0.006292,-0.006968,0.120359,-0.041846,0.038594,-0.352124,0.0
,,,,,,,,,,,,,,,,,,,,1433.0,160833687.0,0.992688,-0.006281,-0.006965,0.120345,-0.03875,0.01857,-0.373551,0.0
,,,,,,,,,,,,,,,,,,,,1434.0,160850354.0,0.99269,-0.00627,-0.006974,0.120329,-0.05625,0.010362,-0.363108,0.0
,,,,,,,,,,,,,,,,,,,,1435.0,160867021.0,0.99269,-0.006271,-0.006979,0.120327,-0.045042,0.008149,-0.361984,0.0
,,,,,,,,,,,,,,,,,,,,1436.0,160883688.0,0.99269,-0.006264,-0.006974,0.120325,-0.03045,0.014147,-0.351901,0.0
,,,,,,,,,,,,,,,,,,,,1437.0,160900355.0,0.992691,-0.006264,-0.006968,0.120321,-0.005477,-0.005459,-0.355627,0.0
,,,,,,,,,,,,,,,,,,,,1438.0,160917022.0,0.99269,-0.006255,-0.006972,0.120326,-0.024213,0.020089,-0.375347,0.0
,,,,,,,,,,,,,,,,,,,,1439.0,160933689.0,0.992691,-0.006264,-0.006974,0.120318,-0.015844,0.020938,-0.355721,0.0
,,,,,,,,,,,,,,,,,,,,1440.0,160950356.0,0.992691,-0.006255,-0.006978,0.120315,-0.022337,0.026205,-0.380699,0.0
,,,,,,,,,,,,,,,,,,,,1441.0,160967023.0,0.992691,-0.006246,-0.006974,0.12032,-0.018874,0.028775,-0.376362,0.0
,,,,,,,,,,,,,,,,,,,,1442.0,160983690.0,0.99269,-0.006246,-0.00698,0.120329,-0.018714,0.026107,-0.359647,0.0
,,,,,,,,,,,,,,,,,,,,1443.0,161000357.0,0.992691,-0.00624,-0.00698,0.120322,-0.02575,0.009297,-0.354961,0.0
,,,,,,,,,,,,,,,,,,,,1444.0,161017024.0,0.992691,-0.006236,-0.006974,0.120323,-0.028345,0.014832,-0.356303,0.0
,,,,,,,,,,,,,,,,,,,,1445.0,161033691.0,0.99269,-0.006241,-0.00697,0.120329,-0.043323,0.007979,-0.344086,0.0
,,,,,,,,,,,,,,,,,,,,1446.0,161050358.0,0.99269,-0.006245,-0.006959,0.120327,-0.041927,0.011158,-0.339956,0.0
,,,,,,,,,,,,,,,,,,,,1447.0,161067025.0,0.99269,-0.00624,-0.006968,0.120327,-0.04035,0.000825,-0.366853,0.0
,,,,,,,,,,,,,,,,,,,,1448.0,161083692.0,0.992689,-0.00624,-0.006969,0.120334,-0.029206,0.018419,-0.345069,0.0
,,,,,,,,,,,,,,,,,,,,1449.0,161100359.0,0.99269,-0.006236,-0.006962,0.120328,-0.020021,0.012795,-0.34199,0.0
,,,,,,,,,,,,,,,,,,,,1450.0,161117026.0,0.99269,-0.006229,-0.006958,0.120328,-0.013631,0.019837,-0.339844,0.0
,,,,,,,,,,,,,,,,,,,,1451.0,161133693.0,0.992691,-0.006219,-0.006963,0.120319,-0.026295,0.020987,-0.353944,0.0
,,,,,,,,,,,,,,,,,,,,1452.0,161150360.0,0.992692,-0.006224,-0.006962,0.120317,-0.012282,0.018643,-0.369207,0.0
,,,,,,,,,,,,,,,,,,,,1453.0,161167027.0,0.992693,-0.006222,-0.006962,0.120307,-0.00985,0.004455,-0.389217,0.0
,,,,,,,,,,,,,,,,,,,,1454.0,161183694.0,0.992692,-0.006217,-0.006963,0.12031,-0.022252,0.006752,-0.358133,0.0
,,,,,,,,,,,,,,,,,,,,1455.0,161200361.0,0.992693,-0.006206,-0.006952,0.12031,-0.022777,-0.000937,-0.362082,0.0
,,,,,,,,,,,,,,,,,,,,1456.0,161217028.0,0.992693,-0.006208,-0.006948,0.12031,-0.042187,-0.009835,-0.35234,0.0
,,,,,,,,,,,,,,,,,,,,1457.0,161233695.0,0.992692,-0.006194,-0.006947,0.120314,-0.040531,0.008558,-0.368771,0.0
,,,,,,,,,,,,,,,,,,,,1458.0,161250362.0,0.992693,-0.006183,-0.006933,0.120307,-0.038457,0.002987,-0.365572,0.0
,,,,,,,,,,,,,,,,,,,,1459.0,161267029.0,0.992692,-0.006188,-0.006924,0.120315,-0.036419,0.018371,-0.373587,0.0
,,,,,,,,,,,,,,,,,,,,1460.0,161283696.0,0.992692,-0.006183,-0.006911,0.120321,-0.028229,0.007754,-0.371555,0.0
,,,,,,,,,,,,,,,,,,,,1461.0,161300363.0,0.992692,-0.006185,-0.006908,0.12032,-0.04042,0.01113,-0.348933,0.0
,,,,,,,,,,,,,,,,,,,,1462.0,161317030.0,0.992692,-0.00618,-0.006913,0.120321,-0.01834,0.007792,-0.358294,0.0
,,,,,,,,,,,,,,,,,,,,1463.0,161333697.0,0.992692,-0.006177,-0.006915,0.120316,-0.019399,-0.000617,-0.372,0.0
,,,,,,,,,,,,,,,,,,,,1464.0,161350364.0,0.992693,-0.006178,-0.006916,0.120308,-0.019564,-0.003398,-0.366579,0.0
,,,,,,,,,,,,,,,,,,,,1465.0,161367031.0,0.992695,-0.00617,-0.006915,0.120297,-0.019384,0.0007,-0.357137,0.0
,,,,,,,,,,,,,,,,,,,,1466.0,161383698.0,0.992697,-0.006171,-0.006919,0.120281,-0.022691,-0.001929,-0.356429,0.0
,,,,,,,,,,,,,,,,,,,,1467.0,161400365.0,0.992696,-0.006165,-0.006925,0.120285,-0.037771,-0.008474,-0.359352,0.0
,,,,,,,,,,,,,,,,,,,,1468.0,161417032.0,0.992696,-0.006166,-0.006925,0.120284,-0.022131,0.009517,-0.362258,0.0
,,,,,,,,,,,,,,,,,,,,1469.0,161433699.0,0.992697,-0.006162,-0.006923,0.120282,-0.019766,0.015168,-0.367933,0.0
,,,,,,,,,,,,,,,,,,,,1470.0,161450366.0,0.992696,-0.006159,-0.006927,0.120285,-0.03883,0.015697,-0.380139,0.0
,,,,,,,,,,,,,,,,,,,,1471.0,161467033.0,0.992695,-0.006163,-0.006921,0.120295,-0.043916,0.018106,-0.329332,0.0
,,,,,,,,,,,,,,,,,,,,1472.0,161483700.0,0.992694,-0.006172,-0.006921,0.120301,-0.037412,0.002685,-0.365114,0.0
,,,,,,,,,,,,,,,,,,,,1473.0,161500367.0,0.992696,-0.006168,-0.006915,0.120291,-0.035142,0.001115,-0.345886,0.0
,,,,,,,,,,,,,,,,,,,,1474.0,161517034.0,0.992695,-0.00617,-0.006911,0.120294,-0.02882,-0.003513,-0.356842,0.0
,,,,,,,,,,,,,,,,,,,,1475.0,161533701.0,0.992696,-0.006167,-0.006915,0.120286,-0.007572,0.023673,-0.346627,0.0
,,,,,,,,,,,,,,,,,,,,1476.0,161550368.0,0.992697,-0.006174,-0.006907,0.120281,-0.015214,0.002432,-0.349508,0.0
,,,,,,,,,,,,,,,,,,,,1477.0,161567035.0,0.992697,-0.006177,-0.006909,0.12028,-0.012884,0.005681,-0.346763,0.0
,,,,,,,,,,,,,,,,,,,,1478.0,161583702.0,0.992699,-0.00618,-0.006905,0.120262,-0.013501,0.007734,-0.354644,0.0
,,,,,,,,,,,,,,,,,,,,1479.0,161600369.0,0.992698,-0.006179,-0.006908,0.120268,-0.010341,0.002797,-0.357183,0.0
,,,,,,,,,,,,,,,,,,,,1480.0,161617036.0,0.992699,-0.006169,-0.006915,0.120261,-0.012784,0.017916,-0.348541,0.0
,,,,,,,,,,,,,,,,,,,,1481.0,161633703.0,0.992698,-0.006172,-0.006911,0.120266,-0.031249,0.0171,-0.353319,0.0
,,,,,,,,,,,,,,,,,,,,1482.0,161650370.0,0.992699,-0.006178,-0.006907,0.120262,-0.034409,0.006168,-0.354094,0.0
,,,,,,,,,,,,,,,,,,,,1483.0,161667037.0,0.992699,-0.006183,-0.006914,0.120264,-0.038369,0.004028,-0.359259,0.0
,,,,,,,,,,,,,,,,,,,,1484.0,161683704.0,0.992699,-0.006178,-0.006904,0.120262,-0.042923,0.020548,-0.389358,0.0
,,,,,,,,,,,,,,,,,,,,1485.0,161700371.0,0.9927,-0.006182,-0.006905,0.120255,-0.035072,0.011524,-0.363866,0.0
,,,,,,,,,,,,,,,,,,,,1486.0,161717038.0,0.992701,-0.006179,-0.006902,0.120243,-0.028464,0.013325,-0.358123,0.0
,,,,,,,,,,,,,,,,,,,,1487.0,161733705.0,0.992701,-0.006173,-0.006915,0.120246,-0.030346,0.014376,-0.358509,0.0
,,,,,,,,,,,,,,,,,,,,1488.0,161750372.0,0.992701,-0.006174,-0.006923,0.120242,-0.022945,0.016136,-0.365898,0.0
,,,,,,,,,,,,,,,,,,,,1489.0,161767039.0,0.992702,-0.006175,-0.006935,0.120237,-0.004712,0.025503,-0.374147,0.0
,,,,,,,,,,,,,,,,,,,,1490.0,161783706.0,0.992702,-0.006176,-0.006936,0.120238,-0.026676,0.015761,-0.351388,0.0
,,,,,,,,,,,,,,,,,,,,1491.0,161800373.0,0.992703,-0.006174,-0.00693,0.120228,-0.023094,0.010648,-0.354495,0.0
,,,,,,,,,,,,,,,,,,,,1492.0,161817040.0,0.992702,-0.006177,-0.006922,0.120236,-0.013815,-0.00318,-0.352286,0.0
,,,,,,,,,,,,,,,,,,,,1493.0,161833707.0,0.992703,-0.006171,-0.006932,0.120224,-0.014986,-0.010137,-0.370905,0.0
,,,,,,,,,,,,,,,,,,,,1494.0,161850374.0,0.992703,-0.006172,-0.006928,0.120227,-0.042046,-0.000607,-0.36521,0.0
,,,,,,,,,,,,,,,,,,,,1495.0,161867041.0,0.992703,-0.006165,-0.00693,0.120228,-0.035226,0.021896,-0.359173,0.0
,,,,,,,,,,,,,,,,,,,,1496.0,161883708.0,0.992703,-0.006161,-0.006933,0.120231,-0.034042,-0.002392,-0.362797,0.0
,,,,,,,,,,,,,,,,,,,,1497.0,161900375.0,0.992702,-0.006164,-0.006937,0.120236,-0.039252,0.028168,-0.392204,0.0
,,,,,,,,,,,,,,,,,,,,1498.0,161917042.0,0.992702,-0.006166,-0.006944,0.120239,-0.023315,0.016351,-0.368739,0.0
,,,,,,,,,,,,,,,,,,,,1499.0,161933709.0,0.992701,-0.006164,-0.006942,0.12024,-0.033501,0.033052,-0.35727,0.0
,,,,,,,,,,,,,,,,,,,,1500.0,161950376.0,0.992703,-0.006162,-0.006943,0.120228,-0.035242,0.019226,-0.342294,0.0
,,,,,,,,,,,,,,,,,,,,1501.0,161967043.0,0.992703,-0.006163,-0.006946,0.120229,-0.036393,-0.008464,-0.351335,0.0
,,,,,,,,,,,,,,,,,,,,1502.0,161983710.0,0.992703,-0.006153,-0.00695,0.120229,-0.035577,-0.018247,-0.357152,0.0
,,,,,,,,,,,,,,,,,,,,1503.0,162000377.0,0.992704,-0.006155,-0.006955,0.120222,-0.014272,-0.01975,-0.37347,0.0
,,,,,,,,,,,,,,,,,,,,1504.0,162017044.0,0.992703,-0.006146,-0.006964,0.120226,-0.025063,0.003471,-0.368514,0.0
,,,,,,,,,,,,,,,,,,,,1505.0,162033711.0,0.992703,-0.006143,-0.006969,0.120224,-0.013838,0.012203,-0.354974,0.0
,,,,,,,,,,,,,,,,,,,,1506.0,162050378.0,0.992704,-0.006139,-0.006968,0.120215,-0.022286,0.016055,-0.355293,0.0
,,,,,,,,,,,,,,,,,,,,1507.0,162067045.0,0.992705,-0.006143,-0.006964,0.120212,-0.027806,0.044486,-0.3672,0.0
,,,,,,,,,,,,,,,,,,,,1508.0,162083712.0,0.992705,-0.006148,-0.006961,0.120209,-0.035669,0.030906,-0.362025,0.0
,,,,,,,,,,,,,,,,,,,,1509.0,162100379.0,0.992705,-0.006151,-0.006952,0.120207,-0.0226,0.016982,-0.357784,0.0
,,,,,,,,,,,,,,,,,,,,1510.0,162117046.0,0.992708,-0.006148,-0.006953,0.12019,-0.018287,-0.006085,-0.371704,0.0
,,,,,,,,,,,,,,,,,,,,1511.0,162133713.0,0.992709,-0.006145,-0.006961,0.120181,-0.022742,-0.005964,-0.357285,0.0
,,,,,,,,,,,,,,,,,,,,1512.0,162150380.0,0.992709,-0.006141,-0.006952,0.120174,-0.017949,-0.006209,-0.368958,0.0
,,,,,,,,,,,,,,,,,,,,1513.0,162167047.0,0.99271,-0.006126,-0.006958,0.120169,-0.033098,-0.005065,-0.352656,0.0
,,,,,,,,,,,,,,,,,,,,1514.0,162183714.0,0.99271,-0.006115,-0.006951,0.120168,-0.01776,-0.006912,-0.381423,0.0
,,,,,,,,,,,,,,,,,,,,1515.0,162200381.0,0.992711,-0.006122,-0.00694,0.12016,-0.025223,0.01112,-0.356566,0.0
,,,,,,,,,,,,,,,,,,,,1516.0,162217048.0,0.99271,-0.006116,-0.006941,0.120172,-0.024221,0.031208,-0.363624,0.0
,,,,,,,,,,,,,,,,,,,,1517.0,162233715.0,0.992711,-0.006111,-0.006937,0.120165,-0.043422,0.030709,-0.34521,0.0
,,,,,,,,,,,,,,,,,,,,1518.0,162250382.0,0.992711,-0.006114,-0.006927,0.120164,-0.02461,0.034205,-0.367801,0.0
,,,,,,,,,,,,,,,,,,,,1519.0,162267049.0,0.992711,-0.006113,-0.006929,0.120162,-0.034664,0.010193,-0.363644,0.0
,,,,,,,,,,,,,,,,,,,,1520.0,162283716.0,0.992712,-0.006097,-0.006924,0.120158,-0.028352,-7.3e-05,-0.348433,0.0
,,,,,,,,,,,,,,,,,,,,1521.0,162300383.0,0.992712,-0.006096,-0.006934,0.120157,-0.023471,-0.015889,-0.338923,0.0
,,,,,,,,,,,,,,,,,,,,1522.0,162317050.0,0.992712,-0.006094,-0.006928,0.120154,-0.027488,-0.014555,-0.391134,0.0
,,,,,,,,,,,,,,,,,,,,1523.0,162333717.0,0.992712,-0.006092,-0.006927,0.12016,-0.026079,-0.013307,-0.338775,0.0
,,,,,,,,,,,,,,,,,,,,1524.0,162350384.0,0.992712,-0.006093,-0.006935,0.120161,-0.017437,0.018328,-0.396052,0.0
,,,,,,,,,,,,,,,,,,,,1525.0,162367051.0,0.992711,-0.006097,-0.006944,0.120167,-0.016771,0.032577,-0.358905,0.0
,,,,,,,,,,,,,,,,,,,,1526.0,162383718.0,0.992712,-0.006104,-0.006935,0.120158,-0.024729,0.023284,-0.352474,0.0
,,,,,,,,,,,,,,,,,,,,1527.0,162400385.0,0.992712,-0.006101,-0.006929,0.120158,-0.025476,0.040577,-0.363323,0.0
,,,,,,,,,,,,,,,,,,,,1528.0,162417052.0,0.992712,-0.006103,-0.006931,0.120154,-0.019465,0.02839,-0.359448,0.0
,,,,,,,,,,,,,,,,,,,,1529.0,162433719.0,0.992714,-0.006107,-0.006934,0.120143,-0.033986,-0.017091,-0.376368,0.0
,,,,,,,,,,,,,,,,,,,,1530.0,162450386.0,0.992714,-0.006107,-0.006937,0.120138,-0.033885,-0.015949,-0.37618,0.0
,,,,,,,,,,,,,,,,,,,,1531.0,162467053.0,0.992714,-0.006098,-0.006942,0.120136,-0.030867,-0.012674,-0.36783,0.0
,,,,,,,,,,,,,,,,,,,,1532.0,162483720.0,0.992714,-0.006103,-0.006949,0.120141,-0.039428,0.005584,-0.358338,0.0
,,,,,,,,,,,,,,,,,,,,1533.0,162500387.0,0.992678,-0.006072,-0.006879,0.120442,-0.016437,-0.001523,-0.358261,0.0
,,,,,,,,,,,,,,,,,,,,1534.0,162517054.0,0.992678,-0.00608,-0.006879,0.120442,-0.018508,0.034621,-0.356982,0.0
,,,,,,,,,,,,,,,,,,,,1535.0,162533721.0,0.992679,-0.006077,-0.006884,0.120436,-0.003119,0.039692,-0.353299,0.0
,,,,,,,,,,,,,,,,,,,,1536.0,162550388.0,0.992679,-0.006075,-0.006881,0.120431,-0.017634,0.032836,-0.365098,0.0
,,,,,,,,,,,,,,,,,,,,1537.0,162567055.0,0.99268,-0.006079,-0.006876,0.120422,-0.005024,0.0135,-0.380657,0.0
,,,,,,,,,,,,,,,,,,,,1538.0,162583722.0,0.992682,-0.006073,-0.006875,0.12041,-0.011192,-0.002111,-0.350924,0.0
,,,,,,,,,,,,,,,,,,,,1539.0,162600389.0,0.992683,-0.006071,-0.006876,0.120402,-0.017744,-0.014744,-0.347323,0.0
,,,,,,,,,,,,,,,,,,,,1540.0,162617056.0,0.992683,-0.006062,-0.006869,0.120402,-0.026855,-0.008776,-0.368744,0.0
,,,,,,,,,,,,,,,,,,,,1541.0,162633723.0,0.992683,-0.006067,-0.006866,0.120399,-0.042781,-0.008803,-0.360039,0.0
,,,,,,,,,,,,,,,,,,,,1542.0,162650390.0,0.992682,-0.006067,-0.006857,0.120409,-0.03122,-0.003574,-0.34299,0.0
,,,,,,,,,,,,,,,,,,,,1543.0,162667057.0,0.992684,-0.006073,-0.006868,0.120397,-0.028146,0.013751,-0.372486,0.0
,,,,,,,,,,,,,,,,,,,,1544.0,162683724.0,0.992685,-0.006079,-0.006871,0.120387,-0.022751,0.038818,-0.370773,0.0
,,,,,,,,,,,,,,,,,,,,1545.0,162700391.0,0.992685,-0.006088,-0.00686,0.120383,-0.026517,0.046254,-0.346818,0.0
,,,,,,,,,,,,,,,,,,,,1546.0,162717058.0,0.992685,-0.006079,-0.006864,0.120381,-0.01818,0.025466,-0.38582,0.0
,,,,,,,,,,,,,,,,,,,,1547.0,162733725.0,0.992686,-0.006078,-0.006858,0.120374,-0.019857,-0.000179,-0.366264,0.0
,,,,,,,,,,,,,,,,,,,,1548.0,162750392.0,0.992686,-0.006068,-0.006852,0.120377,-0.01426,-0.01678,-0.362103,0.0
,,,,,,,,,,,,,,,,,,,,1549.0,162767059.0,0.992686,-0.006061,-0.006856,0.120377,-0.008265,-0.033852,-0.34711,0.0
,,,,,,,,,,,,,,,,,,,,1550.0,162783726.0,0.992686,-0.006067,-0.006859,0.120376,-0.006118,-0.016936,-0.367579,0.0
,,,,,,,,,,,,,,,,,,,,1551.0,162800393.0,0.992686,-0.006062,-0.006848,0.120378,-0.017616,-0.001706,-0.369014,0.0
,,,,,,,,,,,,,,,,,,,,1552.0,162817060.0,0.992686,-0.006054,-0.006851,0.120381,-0.026944,0.01452,-0.381765,0.0
,,,,,,,,,,,,,,,,,,,,1553.0,162833727.0,0.992685,-0.006048,-0.006849,0.120389,-0.03026,0.046612,-0.382717,0.0
,,,,,,,,,,,,,,,,,,,,1554.0,162850394.0,0.992684,-0.006039,-0.006857,0.120397,-0.036286,0.04882,-0.354439,0.0
,,,,,,,,,,,,,,,,,,,,1555.0,162867061.0,0.992684,-0.006038,-0.006853,0.120392,-0.050881,0.04642,-0.361947,0.0
,,,,,,,,,,,,,,,,,,,,1556.0,162883728.0,0.992685,-0.006033,-0.006856,0.12039,-0.032212,0.016647,-0.381357,0.0
,,,,,,,,,,,,,,,,,,,,1557.0,162900395.0,0.992687,-0.006031,-0.006857,0.120374,-0.034797,-0.012902,-0.357293,0.0
,,,,,,,,,,,,,,,,,,,,1558.0,162917062.0,0.992686,-0.006028,-0.006868,0.120376,-0.043647,-0.025996,-0.365825,0.0
,,,,,,,,,,,,,,,,,,,,1559.0,162933729.0,0.992687,-0.006026,-0.006872,0.120374,-0.020156,-0.021956,-0.35762,0.0
,,,,,,,,,,,,,,,,,,,,1560.0,162950396.0,0.992687,-0.006028,-0.006876,0.120374,-0.009151,-0.018318,-0.355728,0.0
,,,,,,,,,,,,,,,,,,,,1561.0,162967063.0,0.992688,-0.006022,-0.006883,0.120364,-0.004286,0.006233,-0.347244,0.0
,,,,,,,,,,,,,,,,,,,,1562.0,162983730.0,0.992688,-0.006015,-0.006889,0.120364,-0.005579,0.023652,-0.350197,0.0
,,,,,,,,,,,,,,,,,,,,1563.0,163000397.0,0.992688,-0.006017,-0.006901,0.120364,-0.005998,0.03446,-0.357655,0.0
,,,,,,,,,,,,,,,,,,,,1564.0,163017064.0,0.992687,-0.006016,-0.006902,0.120369,-0.02105,0.03746,-0.37149,0.0
,,,,,,,,,,,,,,,,,,,,1565.0,163033731.0,0.992687,-0.00601,-0.006904,0.120373,-0.026089,0.032916,-0.359891,0.0
,,,,,,,,,,,,,,,,,,,,1566.0,163050398.0,0.992687,-0.006006,-0.006909,0.120368,-0.031989,0.006042,-0.367191,0.0
,,,,,,,,,,,,,,,,,,,,1567.0,163067065.0,0.992686,-0.006003,-0.006911,0.120375,-0.034811,-0.009767,-0.358535,0.0
,,,,,,,,,,,,,,,,,,,,1568.0,163083732.0,0.992687,-0.005998,-0.006913,0.120373,-0.031291,-0.022707,-0.343671,0.0
,,,,,,,,,,,,,,,,,,,,1569.0,163100399.0,0.992686,-0.005994,-0.006915,0.120376,-0.031415,-0.009079,-0.368179,0.0
,,,,,,,,,,,,,,,,,,,,1570.0,163117066.0,0.992686,-0.005995,-0.006906,0.12038,-0.029344,-0.006929,-0.358006,0.0
,,,,,,,,,,,,,,,,,,,,1571.0,163133733.0,0.992685,-0.005998,-0.006913,0.120382,-0.025531,0.015999,-0.374888,0.0
,,,,,,,,,,,,,,,,,,,,1572.0,163150400.0,0.992685,-0.005993,-0.006906,0.120384,-0.00466,0.023801,-0.350389,0.0
,,,,,,,,,,,,,,,,,,,,1573.0,163167067.0,0.992684,-0.005999,-0.006911,0.120391,-0.018644,0.033659,-0.355967,0.0
,,,,,,,,,,,,,,,,,,,,1574.0,163183734.0,0.992683,-0.006004,-0.006903,0.120401,-0.003406,0.039042,-0.374743,0.0
,,,,,,,,,,,,,,,,,,,,1575.0,163200401.0,0.992684,-0.00601,-0.006908,0.120393,0.010074,0.027876,-0.34412,0.0
,,,,,,,,,,,,,,,,,,,,1576.0,163217068.0,0.992684,-0.006016,-0.006909,0.120393,-0.008414,0.015883,-0.35539,0.0
,,,,,,,,,,,,,,,,,,,,1577.0,163233735.0,0.992684,-0.006014,-0.006914,0.120388,-0.016993,-0.03,-0.350881,0.0
,,,,,,,,,,,,,,,,,,,,1578.0,163250402.0,0.992685,-0.00602,-0.006924,0.120383,-0.014662,-0.026507,-0.34903,0.0
,,,,,,,,,,,,,,,,,,,,1579.0,163267069.0,0.992685,-0.006023,-0.006934,0.120381,-0.02148,-0.014703,-0.35428,0.0
,,,,,,,,,,,,,,,,,,,,1580.0,163283736.0,0.992686,-0.006023,-0.006945,0.120373,-0.044457,0.001607,-0.367669,0.0
,,,,,,,,,,,,,,,,,,,,1581.0,163300403.0,0.992686,-0.006022,-0.006939,0.120379,-0.05108,0.029633,-0.340135,0.0
,,,,,,,,,,,,,,,,,,,,1582.0,163317070.0,0.992686,-0.006011,-0.006928,0.120377,-0.026998,0.032705,-0.362206,0.0
,,,,,,,,,,,,,,,,,,,,1583.0,163333737.0,0.992685,-0.006017,-0.006925,0.120385,-0.033811,0.048973,-0.358155,0.0
,,,,,,,,,,,,,,,,,,,,1584.0,163350404.0,0.992686,-0.006017,-0.006929,0.120378,-0.034939,0.028171,-0.355439,0.0
,,,,,,,,,,,,,,,,,,,,1585.0,163367071.0,0.992686,-0.00601,-0.006933,0.120375,-0.015091,0.006846,-0.346365,0.0
,,,,,,,,,,,,,,,,,,,,1586.0,163383738.0,0.992686,-0.006016,-0.006942,0.120375,-0.007002,-0.018308,-0.376948,0.0
,,,,,,,,,,,,,,,,,,,,1587.0,163400405.0,0.992685,-0.006025,-0.006929,0.120383,-0.017661,-0.024344,-0.356628,0.0
,,,,,,,,,,,,,,,,,,,,1588.0,163417072.0,0.992686,-0.00602,-0.006933,0.120375,-0.018768,-0.015161,-0.380375,0.0
,,,,,,,,,,,,,,,,,,,,1589.0,163433739.0,0.992686,-0.006023,-0.006928,0.120378,-0.023387,-0.008319,-0.380325,0.0
,,,,,,,,,,,,,,,,,,,,1590.0,163450406.0,0.992685,-0.006015,-0.00695,0.120384,-0.033306,0.005041,-0.366879,0.0
,,,,,,,,,,,,,,,,,,,,1591.0,163467073.0,0.992685,-0.006018,-0.006943,0.120384,-0.037772,0.042905,-0.33348,0.0
,,,,,,,,,,,,,,,,,,,,1592.0,163483740.0,0.992687,-0.006016,-0.006934,0.120368,-0.042819,0.038867,-0.361784,0.0
,,,,,,,,,,,,,,,,,,,,1593.0,163500407.0,0.992687,-0.006026,-0.006937,0.120366,-0.038987,0.026389,-0.390607,0.0
,,,,,,,,,,,,,,,,,,,,1594.0,163517074.0,0.992686,-0.006026,-0.006944,0.120375,-0.039511,0.012226,-0.337867,0.0
,,,,,,,,,,,,,,,,,,,,1595.0,163533741.0,0.992686,-0.006033,-0.006949,0.120371,-0.02811,-0.01421,-0.343586,0.0
,,,,,,,,,,,,,,,,,,,,1596.0,163550408.0,0.992687,-0.006026,-0.006948,0.12037,-0.029163,-0.007266,-0.353747,0.0
,,,,,,,,,,,,,,,,,,,,1597.0,163567075.0,0.992686,-0.006038,-0.006951,0.120376,-0.024331,-0.013815,-0.353317,0.0
,,,,,,,,,,,,,,,,,,,,1598.0,163583742.0,0.992686,-0.006044,-0.006947,0.120375,-0.029764,-0.017711,-0.34446,0.0
,,,,,,,,,,,,,,,,,,,,1599.0,163600409.0,0.992685,-0.006051,-0.00694,0.120381,-0.018538,0.013384,-0.36463,0.0
,,,,,,,,,,,,,,,,,,,,1600.0,163617076.0,0.992686,-0.006049,-0.006933,0.120374,-0.025203,0.010906,-0.36672,0.0
,,,,,,,,,,,,,,,,,,,,1601.0,163633743.0,0.992685,-0.006047,-0.006934,0.12038,-0.020514,0.039417,-0.377649,0.0
,,,,,,,,,,,,,,,,,,,,1602.0,163650410.0,0.992686,-0.006048,-0.006929,0.120376,-0.018842,0.034582,-0.35007,0.0
,,,,,,,,,,,,,,,,,,,,1603.0,163667077.0,0.992685,-0.006048,-0.006933,0.120381,-0.013524,0.015502,-0.383235,0.0
,,,,,,,,,,,,,,,,,,,,1604.0,163683744.0,0.992685,-0.006046,-0.006932,0.12038,-0.031324,0.019723,-0.365847,0.0
,,,,,,,,,,,,,,,,,,,,1605.0,163700411.0,0.992686,-0.00605,-0.006918,0.120375,-0.025393,0.000505,-0.362654,0.0
,,,,,,,,,,,,,,,,,,,,1606.0,163717078.0,0.992685,-0.006047,-0.006913,0.12038,-0.039415,-0.010944,-0.354696,0.0
,,,,,,,,,,,,,,,,,,,,1607.0,163733745.0,0.992685,-0.006045,-0.00691,0.120382,-0.038526,-0.019485,-0.370745,0.0
,,,,,,,,,,,,,,,,,,,,1608.0,163750412.0,0.992686,-0.00605,-0.00691,0.120376,-0.035991,-0.009088,-0.374167,0.0
,,,,,,,,,,,,,,,,,,,,1609.0,163767079.0,0.992685,-0.006052,-0.006913,0.120384,-0.028788,0.010948,-0.359864,0.0
,,,,,,,,,,,,,,,,,,,,1610.0,163783746.0,0.992685,-0.006041,-0.006908,0.120381,-0.021326,0.024484,-0.370455,0.0
,,,,,,,,,,,,,,,,,,,,1611.0,163800413.0,0.992686,-0.006041,-0.006908,0.120373,-0.010056,0.02913,-0.373343,0.0
,,,,,,,,,,,,,,,,,,,,1612.0,163817080.0,0.992688,-0.006042,-0.006904,0.120362,-0.020003,0.041449,-0.363946,0.0
,,,,,,,,,,,,,,,,,,,,1613.0,163833747.0,0.992688,-0.006039,-0.006911,0.120358,-0.001637,0.023847,-0.372585,0.0
,,,,,,,,,,,,,,,,,,,,1614.0,163850414.0,0.992689,-0.006033,-0.006916,0.12035,-0.014771,0.008398,-0.356446,0.0
,,,,,,,,,,,,,,,,,,,,1615.0,163867081.0,0.992688,-0.006022,-0.00692,0.120359,-0.017452,-0.023675,-0.341025,0.0
,,,,,,,,,,,,,,,,,,,,1616.0,163883748.0,0.992689,-0.006025,-0.006918,0.120356,-0.030791,-0.018238,-0.359612,0.0
,,,,,,,,,,,,,,,,,,,,1617.0,163900415.0,0.992689,-0.006023,-0.006918,0.120354,-0.038728,-0.0156,-0.362319,0.0
,,,,,,,,,,,,,,,,,,,,1618.0,163917082.0,0.992686,-0.006025,-0.006923,0.120373,-0.039433,-0.005029,-0.358686,0.0
,,,,,,,,,,,,,,,,,,,,1619.0,163933749.0,0.992686,-0.006026,-0.006915,0.120379,-0.041461,0.021603,-0.356558,0.0
,,,,,,,,,,,,,,,,,,,,1620.0,163950416.0,0.992686,-0.00602,-0.006908,0.120376,-0.05144,0.032759,-0.382442,0.0
,,,,,,,,,,,,,,,,,,,,1621.0,163967083.0,0.992686,-0.006027,-0.006898,0.120378,-0.044363,0.026775,-0.363617,0.0
,,,,,,,,,,,,,,,,,,,,1622.0,163983750.0,0.992686,-0.006027,-0.006901,0.12038,-0.028021,0.020179,-0.330659,0.0
,,,,,,,,,,,,,,,,,,,,1623.0,164000417.0,0.992687,-0.006017,-0.006894,0.12037,-0.017038,0.006594,-0.384915,0.0
,,,,,,,,,,,,,,,,,,,,1624.0,164017084.0,0.992687,-0.00602,-0.006894,0.120367,-0.015701,-0.016987,-0.335839,0.0
,,,,,,,,,,,,,,,,,,,,1625.0,164033751.0,0.992689,-0.006015,-0.006892,0.120349,-0.011014,-0.009099,-0.361906,0.0
,,,,,,,,,,,,,,,,,,,,1626.0,164050418.0,0.992691,-0.006019,-0.006883,0.120337,-0.012417,-0.014301,-0.354964,0.0
,,,,,,,,,,,,,,,,,,,,1627.0,164067085.0,0.992689,-0.006016,-0.006875,0.12035,-0.019755,-0.002651,-0.370527,0.0
,,,,,,,,,,,,,,,,,,,,1628.0,164083752.0,0.99269,-0.006019,-0.006873,0.120349,-0.023526,0.010101,-0.352692,0.0
,,,,,,,,,,,,,,,,,,,,1629.0,164100419.0,0.992689,-0.006023,-0.006883,0.120349,-0.030134,0.020745,-0.350858,0.0
,,,,,,,,,,,,,,,,,,,,1630.0,164117086.0,0.992691,-0.006029,-0.006885,0.120336,-0.032261,0.043066,-0.354825,0.0
,,,,,,,,,,,,,,,,,,,,1631.0,164133753.0,0.99269,-0.006034,-0.006878,0.120341,-0.032421,0.020504,-0.378489,0.0
,,,,,,,,,,,,,,,,,,,,1632.0,164150420.0,0.992689,-0.006044,-0.006871,0.12035,-0.045317,0.015964,-0.361534,0.0
,,,,,,,,,,,,,,,,,,,,1633.0,164167087.0,0.99269,-0.006042,-0.006862,0.120346,-0.021651,-0.001419,-0.375006,0.0
,,,,,,,,,,,,,,,,,,,,1634.0,164183754.0,0.992692,-0.00604,-0.006863,0.120334,-0.029892,-0.008196,-0.343869,0.0
,,,,,,,,,,,,,,,,,,,,1635.0,164200421.0,0.992691,-0.006032,-0.006863,0.120335,-0.036311,-0.005336,-0.37235,0.0
,,,,,,,,,,,,,,,,,,,,1636.0,164217088.0,0.992692,-0.006034,-0.006863,0.120326,-0.020051,-0.016491,-0.379502,0.0
,,,,,,,,,,,,,,,,,,,,1637.0,164233755.0,0.992693,-0.006024,-0.006857,0.120324,-0.007792,0.002999,-0.354104,0.0
,,,,,,,,,,,,,,,,,,,,1638.0,164250422.0,0.992692,-0.006021,-0.006867,0.120328,-0.013938,0.018137,-0.371434,0.0
,,,,,,,,,,,,,,,,,,,,1639.0,164267089.0,0.992692,-0.006018,-0.006867,0.120327,-0.018114,0.011286,-0.366633,0.0
,,,,,,,,,,,,,,,,,,,,1640.0,164283756.0,0.992693,-0.006017,-0.006861,0.120323,-0.025843,0.021957,-0.367472,0.0
,,,,,,,,,,,,,,,,,,,,1641.0,164300423.0,0.992693,-0.006016,-0.006859,0.120326,-0.014295,0.027662,-0.365066,0.0
,,,,,,,,,,,,,,,,,,,,1642.0,164317090.0,0.992693,-0.006002,-0.006861,0.120322,-0.027681,0.010278,-0.353676,0.0
,,,,,,,,,,,,,,,,,,,,1643.0,164333757.0,0.992694,-0.006002,-0.006858,0.120317,-0.024997,-0.005553,-0.364802,0.0
,,,,,,,,,,,,,,,,,,,,1644.0,164350424.0,0.992695,-0.005999,-0.006857,0.120308,-0.037261,-0.00043,-0.362639,0.0
,,,,,,,,,,,,,,,,,,,,1645.0,164367091.0,0.992695,-0.005997,-0.006856,0.120309,-0.035114,-0.001301,-0.345997,0.0
,,,,,,,,,,,,,,,,,,,,1646.0,164383758.0,0.992696,-0.006004,-0.006854,0.120297,-0.02314,0.002009,-0.349195,0.0
,,,,,,,,,,,,,,,,,,,,1647.0,164400425.0,0.992696,-0.005999,-0.006849,0.120301,-0.041356,0.005289,-0.356564,0.0
,,,,,,,,,,,,,,,,,,,,1648.0,164417092.0,0.992696,-0.006002,-0.006846,0.120298,-0.030385,0.029775,-0.346766,0.0
,,,,,,,,,,,,,,,,,,,,1649.0,164433759.0,0.992696,-0.005996,-0.006843,0.120298,-0.022438,0.025841,-0.373714,0.0
,,,,,,,,,,,,,,,,,,,,1650.0,164450426.0,0.992696,-0.005992,-0.006844,0.120298,-0.020968,0.024617,-0.361415,0.0
,,,,,,,,,,,,,,,,,,,,1651.0,164467093.0,0.992696,-0.005989,-0.006844,0.120303,-0.002294,0.001671,-0.362103,0.0
,,,,,,,,,,,,,,,,,,,,1652.0,164483760.0,0.992696,-0.005987,-0.006854,0.120298,-0.005796,0.004992,-0.337895,0.0
,,,,,,,,,,,,,,,,,,,,1653.0,164500427.0,0.992675,-0.005937,-0.006775,0.120482,-0.012044,0.008362,-0.375733,0.0
,,,,,,,,,,,,,,,,,,,,1654.0,164517094.0,0.992674,-0.00594,-0.006778,0.120487,-0.029443,-0.01428,-0.354406,0.0
,,,,,,,,,,,,,,,,,,,,1655.0,164533761.0,0.992675,-0.005944,-0.006774,0.12048,-0.015574,0.010429,-0.368886,0.0
,,,,,,,,,,,,,,,,,,,,1656.0,164550428.0,0.992674,-0.005952,-0.006777,0.120486,-0.026367,0.004651,-0.368828,0.0
,,,,,,,,,,,,,,,,,,,,1657.0,164567095.0,0.992676,-0.00595,-0.006784,0.12047,-0.045987,0.017978,-0.352528,0.0
,,,,,,,,,,,,,,,,,,,,1658.0,164583762.0,0.992675,-0.005958,-0.00678,0.120479,-0.054845,0.029653,-0.360274,0.0
,,,,,,,,,,,,,,,,,,,,1659.0,164600429.0,0.992675,-0.005954,-0.006774,0.120478,-0.034193,0.0085,-0.359591,0.0
,,,,,,,,,,,,,,,,,,,,1660.0,164617096.0,0.992677,-0.005949,-0.006779,0.120462,-0.01249,0.020757,-0.372025,0.0
,,,,,,,,,,,,,,,,,,,,1661.0,164633763.0,0.992678,-0.005949,-0.006776,0.12045,-0.02319,-0.002622,-0.381484,0.0
,,,,,,,,,,,,,,,,,,,,1662.0,164650430.0,0.992679,-0.005959,-0.006775,0.120446,-0.013596,0.000234,-0.349344,0.0
,,,,,,,,,,,,,,,,,,,,1663.0,164667097.0,0.992679,-0.005964,-0.00677,0.120445,0.009143,-0.004152,-0.393763,0.0
,,,,,,,,,,,,,,,,,,,,1664.0,164683764.0,0.99268,-0.005966,-0.006763,0.120441,-0.0177,-0.01504,-0.351331,0.0
,,,,,,,,,,,,,,,,,,,,1665.0,164700431.0,0.99268,-0.00597,-0.006768,0.120439,-0.005969,0.004379,-0.369658,0.0
,,,,,,,,,,,,,,,,,,,,1666.0,164717098.0,0.992679,-0.005966,-0.006768,0.120448,-0.015718,0.022457,-0.358099,0.0
,,,,,,,,,,,,,,,,,,,,1667.0,164733765.0,0.992679,-0.005963,-0.006763,0.120443,-0.020885,0.014259,-0.381134,0.0
,,,,,,,,,,,,,,,,,,,,1668.0,164750432.0,0.992679,-0.005951,-0.00677,0.120449,-0.03343,0.017032,-0.366511,0.0
,,,,,,,,,,,,,,,,,,,,1669.0,164767099.0,0.992677,-0.005951,-0.006766,0.120459,-0.039446,0.020164,-0.384653,0.0
,,,,,,,,,,,,,,,,,,,,1670.0,164783766.0,0.992678,-0.005944,-0.006758,0.120459,-0.039329,0.01099,-0.369183,0.0
,,,,,,,,,,,,,,,,,,,,1671.0,164800433.0,0.992678,-0.005945,-0.00676,0.120456,-0.036889,0.005392,-0.367406,0.0
,,,,,,,,,,,,,,,,,,,,1672.0,164817100.0,0.992679,-0.005949,-0.006766,0.12045,-0.039991,-0.003507,-0.359666,0.0
,,,,,,,,,,,,,,,,,,,,1673.0,164833767.0,0.992679,-0.005943,-0.006755,0.12045,-0.025578,-0.002168,-0.356771,0.0
,,,,,,,,,,,,,,,,,,,,1674.0,164850434.0,0.99268,-0.005944,-0.006748,0.120437,-0.024341,-0.008234,-0.365494,0.0
,,,,,,,,,,,,,,,,,,,,1675.0,164867101.0,0.992681,-0.00595,-0.006738,0.12043,-9.3e-05,0.014194,-0.358333,0.0
,,,,,,,,,,,,,,,,,,,,1676.0,164883768.0,0.992682,-0.005952,-0.006733,0.120423,-0.010658,0.014259,-0.367098,0.0
,,,,,,,,,,,,,,,,,,,,1677.0,164900435.0,0.992682,-0.005959,-0.006728,0.12042,-0.017848,0.011776,-0.344249,0.0
,,,,,,,,,,,,,,,,,,,,1678.0,164917102.0,0.992683,-0.005973,-0.006723,0.120418,-0.014517,0.017032,-0.347776,0.0
,,,,,,,,,,,,,,,,,,,,1679.0,164933769.0,0.992682,-0.005984,-0.006719,0.120423,-0.013849,0.02827,-0.363245,0.0
,,,,,,,,,,,,,,,,,,,,1680.0,164950436.0,0.992681,-0.005985,-0.00671,0.120433,-0.02779,0.011861,-0.360596,0.0
,,,,,,,,,,,,,,,,,,,,1681.0,164967103.0,0.992681,-0.005989,-0.0067,0.120432,-0.030301,0.004598,-0.342815,0.0
,,,,,,,,,,,,,,,,,,,,1682.0,164983770.0,0.992682,-0.005992,-0.006693,0.120428,-0.033096,0.003862,-0.368446,0.0
,,,,,,,,,,,,,,,,,,,,1683.0,165000437.0,0.992681,-0.005989,-0.006691,0.120433,-0.0408,0.007687,-0.358024,0.0
,,,,,,,,,,,,,,,,,,,,1684.0,165017104.0,0.992682,-0.005995,-0.006694,0.120424,-0.022007,0.00024,-0.364694,0.0
,,,,,,,,,,,,,,,,,,,,1685.0,165033771.0,0.992681,-0.005992,-0.006691,0.120433,-0.027143,0.020309,-0.342053,0.0
,,,,,,,,,,,,,,,,,,,,1686.0,165050438.0,0.992681,-0.005992,-0.006689,0.120429,-0.018724,0.015577,-0.346708,0.0
,,,,,,,,,,,,,,,,,,,,1687.0,165067105.0,0.992682,-0.005988,-0.006681,0.120428,-0.031148,0.021039,-0.351867,0.0
,,,,,,,,,,,,,,,,,,,,1688.0,165083772.0,0.992682,-0.005982,-0.006689,0.120421,-0.003262,0.010565,-0.371327,0.0
,,,,,,,,,,,,,,,,,,,,1689.0,165100439.0,0.992683,-0.00598,-0.006683,0.120416,-0.006179,0.004171,-0.35967,0.0
,,,,,,,,,,,,,,,,,,,,1690.0,165117106.0,0.992684,-0.005975,-0.006674,0.12041,-0.016977,0.00997,-0.349813,0.0
,,,,,,,,,,,,,,,,,,,,1691.0,165133773.0,0.992683,-0.005962,-0.006667,0.120416,-0.013975,-0.009859,-0.357285,0.0
,,,,,,,,,,,,,,,,,,,,1692.0,165150440.0,0.992684,-0.005957,-0.00667,0.12041,-0.019335,0.007399,-0.365245,0.0
,,,,,,,,,,,,,,,,,,,,1693.0,165167107.0,0.992684,-0.005951,-0.006668,0.120413,-0.027791,0.007829,-0.371859,0.0
,,,,,,,,,,,,,,,,,,,,1694.0,165183774.0,0.992682,-0.005944,-0.006669,0.120426,-0.023495,0.008764,-0.369193,0.0
,,,,,,,,,,,,,,,,,,,,1695.0,165200441.0,0.992681,-0.005935,-0.006669,0.120435,-0.029603,0.018991,-0.371291,0.0
,,,,,,,,,,,,,,,,,,,,1696.0,165217108.0,0.992682,-0.005931,-0.006668,0.120432,-0.029218,0.027162,-0.334923,0.0
,,,,,,,,,,,,,,,,,,,,1697.0,165233775.0,0.992682,-0.005929,-0.006669,0.120429,-0.019803,0.01325,-0.377211,0.0
,,,,,,,,,,,,,,,,,,,,1698.0,165250442.0,0.992683,-0.005933,-0.006665,0.120423,-0.013077,0.00468,-0.344246,0.0
,,,,,,,,,,,,,,,,,,,,1699.0,165267109.0,0.992684,-0.005931,-0.006667,0.120415,-0.024067,-0.001095,-0.367177,0.0
,,,,,,,,,,,,,,,,,,,,1700.0,165283776.0,0.992685,-0.005933,-0.006658,0.120403,-0.024968,-0.002275,-0.329125,0.0
,,,,,,,,,,,,,,,,,,,,1701.0,165300443.0,0.992684,-0.005935,-0.006655,0.120408,-0.01861,-0.001862,-0.358362,0.0
,,,,,,,,,,,,,,,,,,,,1702.0,165317110.0,0.992685,-0.005934,-0.006658,0.120407,-0.018756,-0.009997,-0.371087,0.0
,,,,,,,,,,,,,,,,,,,,1703.0,165333777.0,0.992684,-0.005929,-0.006651,0.120414,-0.022225,-0.002121,-0.371173,0.0
,,,,,,,,,,,,,,,,,,,,1704.0,165350444.0,0.992684,-0.00592,-0.006648,0.120413,-0.032445,0.011627,-0.360715,0.0
,,,,,,,,,,,,,,,,,,,,1705.0,165367111.0,0.992684,-0.005916,-0.006649,0.12041,-0.023169,0.017722,-0.363233,0.0
,,,,,,,,,,,,,,,,,,,,1706.0,165383778.0,0.992685,-0.005915,-0.006652,0.120404,-0.021388,0.00947,-0.363083,0.0
,,,,,,,,,,,,,,,,,,,,1707.0,165400445.0,0.992686,-0.005916,-0.006641,0.120395,-0.020693,0.015041,-0.349531,0.0
,,,,,,,,,,,,,,,,,,,,1708.0,165417112.0,0.992686,-0.005917,-0.006637,0.120399,-0.029634,0.012471,-0.372203,0.0
,,,,,,,,,,,,,,,,,,,,1709.0,165433779.0,0.992686,-0.005906,-0.006626,0.120396,-0.034043,-0.001772,-0.362677,0.0
,,,,,,,,,,,,,,,,,,,,1710.0,165450446.0,0.992687,-0.005916,-0.006619,0.120392,-0.021656,-0.004121,-0.354091,0.0
,,,,,,,,,,,,,,,,,,,,1711.0,165467113.0,0.992687,-0.005915,-0.006618,0.120392,-0.015783,0.000561,-0.36383,0.0
,,,,,,,,,,,,,,,,,,,,1712.0,165483780.0,0.992686,-0.005915,-0.006616,0.120398,-0.024706,0.001528,-0.339664,0.0
,,,,,,,,,,,,,,,,,,,,1713.0,165500447.0,0.992685,-0.00592,-0.006612,0.120407,-0.013012,0.004774,-0.371923,0.0
,,,,,,,,,,,,,,,,,,,,1714.0,165517114.0,0.992685,-0.005914,-0.006618,0.120406,-0.02492,0.015732,-0.374266,0.0
,,,,,,,,,,,,,,,,,,,,1715.0,165533781.0,0.992686,-0.005916,-0.006615,0.120399,-0.017501,0.015888,-0.34892,0.0
,,,,,,,,,,,,,,,,,,,,1716.0,165550448.0,0.992686,-0.005909,-0.006621,0.120401,-0.023293,0.015949,-0.367745,0.0
,,,,,,,,,,,,,,,,,,,,1717.0,165567115.0,0.992686,-0.005903,-0.006619,0.120402,-0.024416,0.015825,-0.341525,0.0
,,,,,,,,,,,,,,,,,,,,1718.0,165583782.0,0.992687,-0.005906,-0.006622,0.120394,-0.027892,0.009556,-0.359628,0.0
,,,,,,,,,,,,,,,,,,,,1719.0,165600449.0,0.992686,-0.005901,-0.006622,0.120398,-0.013375,0.00247,-0.36969,0.0
,,,,,,,,,,,,,,,,,,,,1720.0,165617116.0,0.992686,-0.005908,-0.00662,0.1204,-0.009081,-0.011522,-0.363011,0.0
,,,,,,,,,,,,,,,,,,,,1721.0,165633783.0,0.992686,-0.005903,-0.006616,0.120395,-0.018315,0.02054,-0.367058,0.0
,,,,,,,,,,,,,,,,,,,,1722.0,165650450.0,0.992686,-0.005909,-0.006614,0.120396,-0.021829,0.019402,-0.373865,0.0
,,,,,,,,,,,,,,,,,,,,1723.0,165667117.0,0.992686,-0.005912,-0.006617,0.120398,-0.008859,0.020444,-0.357073,0.0
,,,,,,,,,,,,,,,,,,,,1724.0,165683784.0,0.992687,-0.005914,-0.006611,0.120393,-0.024688,0.010444,-0.356034,0.0
,,,,,,,,,,,,,,,,,,,,1725.0,165700451.0,0.992688,-0.005918,-0.006601,0.120379,-0.01889,0.013984,-0.38294,0.0
,,,,,,,,,,,,,,,,,,,,1726.0,165717118.0,0.992688,-0.005908,-0.00659,0.120387,-0.010209,0.00912,-0.370208,0.0
,,,,,,,,,,,,,,,,,,,,1727.0,165733785.0,0.992688,-0.005912,-0.00658,0.120384,-0.010561,0.009436,-0.366459,0.0
,,,,,,,,,,,,,,,,,,,,1728.0,165750452.0,0.992688,-0.005912,-0.006567,0.120384,-0.011306,-0.003119,-0.368208,0.0
,,,,,,,,,,,,,,,,,,,,1729.0,165767119.0,0.992688,-0.005924,-0.006562,0.120383,-0.019281,-0.004334,-0.341968,0.0
,,,,,,,,,,,,,,,,,,,,1730.0,165783786.0,0.992688,-0.005935,-0.006564,0.120381,-0.017494,0.011723,-0.388433,0.0
,,,,,,,,,,,,,,,,,,,,1731.0,165800453.0,0.992688,-0.005937,-0.006561,0.120387,-0.018832,0.005404,-0.359511,0.0
,,,,,,,,,,,,,,,,,,,,1732.0,165817120.0,0.992688,-0.00594,-0.006565,0.120386,-0.00769,0.011487,-0.358137,0.0
,,,,,,,,,,,,,,,,,,,,1733.0,165833787.0,0.992688,-0.005952,-0.006569,0.120386,-0.01369,0.014668,-0.357788,0.0
,,,,,,,,,,,,,,,,,,,,1734.0,165850454.0,0.992687,-0.005949,-0.006565,0.120391,-0.012067,0.006915,-0.349792,0.0
,,,,,,,,,,,,,,,,,,,,1735.0,165867121.0,0.992686,-0.005952,-0.006561,0.1204,-0.017875,0.006671,-0.358453,0.0
,,,,,,,,,,,,,,,,,,,,1736.0,165883788.0,0.992687,-0.005939,-0.006555,0.120394,-0.024698,0.01545,-0.39284,0.0
,,,,,,,,,,,,,,,,,,,,1737.0,165900455.0,0.992686,-0.00593,-0.006548,0.120404,-0.020834,-0.006437,-0.368298,0.0
,,,,,,,,,,,,,,,,,,,,1738.0,165917122.0,0.992685,-0.005937,-0.006546,0.120405,-0.017528,-0.0111,-0.371726,0.0
,,,,,,,,,,,,,,,,,,,,1739.0,165933789.0,0.992685,-0.005936,-0.006552,0.120405,-0.017376,-0.002929,-0.349232,0.0
,,,,,,,,,,,,,,,,,,,,1740.0,165950456.0,0.992684,-0.005939,-0.006544,0.12042,-0.026016,0.003156,-0.34587,0.0
,,,,,,,,,,,,,,,,,,,,1741.0,165967123.0,0.992684,-0.005943,-0.00655,0.120419,-0.023613,-0.00135,-0.366086,0.0
,,,,,,,,,,,,,,,,,,,,1742.0,165983790.0,0.992684,-0.005948,-0.006539,0.120421,-0.030295,0.005984,-0.370813,0.0
,,,,,,,,,,,,,,,,,,,,1743.0,166000457.0,0.992684,-0.005944,-0.006543,0.120421,-0.017263,0.017198,-0.358522,0.0
,,,,,,,,,,,,,,,,,,,,1744.0,166017124.0,0.992684,-0.005941,-0.006539,0.120418,-0.02876,0.016828,-0.346336,0.0
,,,,,,,,,,,,,,,,,,,,1745.0,166033791.0,0.992683,-0.005936,-0.006537,0.12043,-0.018682,0.005341,-0.345003,0.0
,,,,,,,,,,,,,,,,,,,,1746.0,166050458.0,0.992682,-0.005933,-0.006532,0.120432,-0.014414,0.001567,-0.35707,0.0
,,,,,,,,,,,,,,,,,,,,1747.0,166067125.0,0.992684,-0.005934,-0.006533,0.120422,-0.029102,-0.002463,-0.390797,0.0
,,,,,,,,,,,,,,,,,,,,1748.0,166083792.0,0.992684,-0.005936,-0.006532,0.120421,0.002612,0.00767,-0.35554,0.0
,,,,,,,,,,,,,,,,,,,,1749.0,166100459.0,0.992684,-0.005928,-0.006521,0.12042,-0.025396,-0.008237,-0.360546,0.0
,,,,,,,,,,,,,,,,,,,,1750.0,166117126.0,0.992684,-0.005922,-0.006514,0.120416,-0.02277,0.006722,-0.375483,0.0
,,,,,,,,,,,,,,,,,,,,1751.0,166133793.0,0.992685,-0.005915,-0.006517,0.120413,-0.016751,0.017311,-0.356894,0.0
,,,,,,,,,,,,,,,,,,,,1752.0,166150460.0,0.992684,-0.005907,-0.006515,0.120418,-0.019218,0.02933,-0.353253,0.0
,,,,,,,,,,,,,,,,,,,,1753.0,166167127.0,0.992685,-0.005909,-0.006511,0.120412,-0.03102,0.021434,-0.362441,0.0
,,,,,,,,,,,,,,,,,,,,1754.0,166183794.0,0.992684,-0.005915,-0.006516,0.120421,-0.015934,0.009034,-0.359114,0.0
,,,,,,,,,,,,,,,,,,,,1755.0,166200461.0,0.992682,-0.005917,-0.006513,0.120436,-0.020457,0.002189,-0.356857,0.0
,,,,,,,,,,,,,,,,,,,,1756.0,166217128.0,0.992683,-0.00591,-0.006512,0.120431,-0.020091,0.000912,-0.353956,0.0
,,,,,,,,,,,,,,,,,,,,1757.0,166233795.0,0.992683,-0.005917,-0.006507,0.120426,-0.014713,-0.009323,-0.369504,0.0
,,,,,,,,,,,,,,,,,,,,1758.0,166250462.0,0.992684,-0.005909,-0.006507,0.120424,-0.00987,0.00539,-0.354808,0.0
,,,,,,,,,,,,,,,,,,,,1759.0,166267129.0,0.992684,-0.005908,-0.006514,0.120425,-0.010546,0.001767,-0.356206,0.0
,,,,,,,,,,,,,,,,,,,,1760.0,166283796.0,0.992684,-0.005908,-0.006513,0.120421,-0.003305,0.0003,-0.358158,0.0
,,,,,,,,,,,,,,,,,,,,1761.0,166300463.0,0.992683,-0.005909,-0.006512,0.120433,-0.023889,0.01959,-0.345428,0.0
,,,,,,,,,,,,,,,,,,,,1762.0,166317130.0,0.992682,-0.005917,-0.006507,0.120439,-0.023917,0.016297,-0.374685,0.0
,,,,,,,,,,,,,,,,,,,,1763.0,166333797.0,0.992681,-0.00592,-0.006508,0.120447,-0.025496,0.014118,-0.358727,0.0
,,,,,,,,,,,,,,,,,,,,1764.0,166350464.0,0.992681,-0.005923,-0.006515,0.120448,-0.026673,0.007816,-0.363194,0.0
,,,,,,,,,,,,,,,,,,,,1765.0,166367131.0,0.992681,-0.005915,-0.006509,0.120445,-0.034704,0.001633,-0.372549,0.0
,,,,,,,,,,,,,,,,,,,,1766.0,166383798.0,0.992682,-0.005908,-0.006514,0.120436,-0.032864,0.005074,-0.367883,0.0
,,,,,,,,,,,,,,,,,,,,1767.0,166400465.0,0.992682,-0.005908,-0.00651,0.120439,-0.029364,-0.006793,-0.361721,0.0
,,,,,,,,,,,,,,,,,,,,1768.0,166417132.0,0.992682,-0.005904,-0.006512,0.120441,-0.030624,0.001016,-0.358293,0.0
,,,,,,,,,,,,,,,,,,,,1769.0,166433799.0,0.992682,-0.005897,-0.006508,0.120439,-0.016545,0.000501,-0.366131,0.0
,,,,,,,,,,,,,,,,,,,,1770.0,166450466.0,0.992682,-0.005896,-0.006511,0.120439,-0.011032,-0.003547,-0.356992,0.0
,,,,,,,,,,,,,,,,,,,,1771.0,166467133.0,0.992682,-0.005892,-0.006508,0.12044,-0.001428,0.024449,-0.365862,0.0
,,,,,,,,,,,,,,,,,,,,1772.0,166483800.0,0.992683,-0.0059,-0.006508,0.120434,-0.004113,0.016233,-0.333627,0.0
,,,,,,,,,,,,,,,,,,,,1773.0,166500467.0,0.992675,-0.005868,-0.006545,0.120495,0.003222,0.006229,-0.360438,0.0
,,,,,,,,,,,,,,,,,,,,1774.0,166517134.0,0.992674,-0.005874,-0.006538,0.120504,-0.016544,0.005197,-0.353814,0.0
,,,,,,,,,,,,,,,,,,,,1775.0,166533801.0,0.992674,-0.005873,-0.006542,0.1205,-0.022424,0.012021,-0.357187,0.0
,,,,,,,,,,,,,,,,,,,,1776.0,166550468.0,0.992675,-0.005878,-0.006539,0.120498,-0.024023,0.002312,-0.350419,0.0
,,,,,,,,,,,,,,,,,,,,1777.0,166567135.0,0.992674,-0.005884,-0.006541,0.120501,-0.013048,0.015685,-0.359228,0.0
,,,,,,,,,,,,,,,,,,,,1778.0,166583802.0,0.992674,-0.005894,-0.006543,0.1205,-0.032528,0.021748,-0.336751,0.0
,,,,,,,,,,,,,,,,,,,,1779.0,166600469.0,0.992674,-0.00589,-0.006538,0.120506,-0.034529,0.005884,-0.343705,0.0
,,,,,,,,,,,,,,,,,,,,1780.0,166617136.0,0.992673,-0.005893,-0.006546,0.120509,-0.020238,0.01212,-0.359245,0.0
,,,,,,,,,,,,,,,,,,,,1781.0,166633803.0,0.992672,-0.005894,-0.006557,0.120515,-0.014771,0.004655,-0.346562,0.0
,,,,,,,,,,,,,,,,,,,,1782.0,166650470.0,0.99267,-0.005897,-0.006545,0.120536,-0.018197,0.015871,-0.367834,0.0
,,,,,,,,,,,,,,,,,,,,1783.0,166667137.0,0.992671,-0.005893,-0.006539,0.12053,-0.023147,0.013635,-0.370008,0.0
,,,,,,,,,,,,,,,,,,,,1784.0,166683804.0,0.99267,-0.005895,-0.006531,0.120532,-0.020464,0.007475,-0.368197,0.0
,,,,,,,,,,,,,,,,,,,,1785.0,166700471.0,0.99267,-0.0059,-0.006521,0.120537,-0.016985,0.010636,-0.369148,0.0
,,,,,,,,,,,,,,,,,,,,1786.0,166717138.0,0.992671,-0.005911,-0.006521,0.120531,-0.020265,0.002761,-0.374666,0.0
,,,,,,,,,,,,,,,,,,,,1787.0,166733805.0,0.992671,-0.005917,-0.006518,0.120524,-0.02174,-0.006033,-0.377563,0.0
,,,,,,,,,,,,,,,,,,,,1788.0,166750472.0,0.992672,-0.005909,-0.006514,0.120523,-0.025795,0.008993,-0.372709,0.0
,,,,,,,,,,,,,,,,,,,,1789.0,166767139.0,0.992671,-0.005904,-0.00651,0.120526,-0.038882,0.005357,-0.337102,0.0
,,,,,,,,,,,,,,,,,,,,1790.0,166783806.0,0.992671,-0.005898,-0.006514,0.120524,-0.03747,0.020623,-0.394004,0.0
,,,,,,,,,,,,,,,,,,,,1791.0,166800473.0,0.992671,-0.005906,-0.006515,0.120528,-0.026699,0.008508,-0.385881,0.0
,,,,,,,,,,,,,,,,,,,,1792.0,166817140.0,0.992673,-0.005901,-0.006516,0.120514,-0.016845,0.028884,-0.411849,0.0
,,,,,,,,,,,,,,,,,,,,1793.0,166833807.0,0.992673,-0.005895,-0.006506,0.120515,-0.024177,-0.014446,-0.293036,0.0
,,,,,,,,,,,,,,,,,,,,1794.0,166850474.0,0.992673,-0.00589,-0.006508,0.120511,-0.021083,0.004867,-0.428425,0.0
,,,,,,,,,,,,,,,,,,,,1795.0,166867141.0,0.992674,-0.00588,-0.00651,0.120506,-0.012348,0.018638,-0.327736,0.0
,,,,,,,,,,,,,,,,,,,,1796.0,166883808.0,0.992673,-0.005881,-0.006514,0.120517,-0.016477,0.003644,-0.374687,0.0
,,,,,,,,,,,,,,,,,,,,1797.0,166900475.0,0.992672,-0.005876,-0.006517,0.120521,-0.011473,0.002463,-0.367084,0.0
,,,,,,,,,,,,,,,,,,,,1798.0,166917142.0,0.992672,-0.005876,-0.006519,0.120519,-0.017786,0.008616,-0.347821,0.0
,,,,,,,,,,,,,,,,,,,,1799.0,166933809.0,0.992673,-0.00587,-0.006516,0.120515,-0.011873,0.01071,-0.364007,0.0
,,,,,,,,,,,,,,,,,,,,1800.0,166950476.0,0.992673,-0.005861,-0.006522,0.120513,-0.011708,0.018663,-0.362273,0.0
,,,,,,,,,,,,,,,,,,,,1801.0,166967143.0,0.992673,-0.005857,-0.006529,0.120511,-0.019987,0.008779,-0.397291,0.0
,,,,,,,,,,,,,,,,,,,,1802.0,166983810.0,0.992673,-0.00586,-0.006525,0.120512,-0.023501,0.0088,-0.388934,0.0
,,,,,,,,,,,,,,,,,,,,1803.0,167000477.0,0.992673,-0.005857,-0.006525,0.120511,-0.02687,-0.001859,-0.362965,0.0
,,,,,,,,,,,,,,,,,,,,1804.0,167017144.0,0.992672,-0.005862,-0.006523,0.120518,-0.019486,0.00602,-0.369416,0.0
,,,,,,,,,,,,,,,,,,,,1805.0,167033811.0,0.992673,-0.005872,-0.006514,0.120515,-0.00721,0.010928,-0.369806,0.0
,,,,,,,,,,,,,,,,,,,,1806.0,167050478.0,0.992672,-0.005871,-0.006507,0.120522,-0.020142,-0.004732,-0.371553,0.0
,,,,,,,,,,,,,,,,,,,,1807.0,167067145.0,0.992672,-0.005871,-0.006506,0.120523,-0.017573,-0.00271,-0.374202,0.0
,,,,,,,,,,,,,,,,,,,,1808.0,167083812.0,0.992672,-0.005869,-0.006515,0.120523,-0.033235,0.014991,-0.378326,0.0
,,,,,,,,,,,,,,,,,,,,1809.0,167100479.0,0.992672,-0.005871,-0.006522,0.120522,-0.013905,0.004075,-0.367437,0.0
,,,,,,,,,,,,,,,,,,,,1810.0,167117146.0,0.992673,-0.00587,-0.006523,0.120514,-0.017486,0.010508,-0.372378,0.0
,,,,,,,,,,,,,,,,,,,,1811.0,167133813.0,0.992673,-0.00588,-0.00652,0.12051,-0.01642,-0.004788,-0.357381,0.0
,,,,,,,,,,,,,,,,,,,,1812.0,167150480.0,0.992675,-0.005875,-0.006523,0.120499,-0.005927,0.014166,-0.379295,0.0
,,,,,,,,,,,,,,,,,,,,1813.0,167167147.0,0.992676,-0.005879,-0.006515,0.120491,-0.020262,0.011096,-0.379062,0.0
,,,,,,,,,,,,,,,,,,,,1814.0,167183814.0,0.992676,-0.005884,-0.006513,0.120484,-0.022788,-0.007565,-0.343779,0.0
,,,,,,,,,,,,,,,,,,,,1815.0,167200481.0,0.992676,-0.005885,-0.006516,0.120489,-0.013614,0.000826,-0.358299,0.0
,,,,,,,,,,,,,,,,,,,,1816.0,167217148.0,0.992676,-0.005888,-0.0065,0.120487,-0.023438,0.010243,-0.357876,0.0
,,,,,,,,,,,,,,,,,,,,1817.0,167233815.0,0.992677,-0.005887,-0.006492,0.120483,-0.019374,0.006583,-0.370456,0.0
,,,,,,,,,,,,,,,,,,,,1818.0,167250482.0,0.992676,-0.005894,-0.00649,0.120487,-0.020256,0.016364,-0.385576,0.0
,,,,,,,,,,,,,,,,,,,,1819.0,167267149.0,0.992676,-0.005897,-0.006488,0.120486,-0.025328,0.002539,-0.350067,0.0
,,,,,,,,,,,,,,,,,,,,1820.0,167283816.0,0.992677,-0.005896,-0.006491,0.120482,-0.029746,0.011776,-0.352134,0.0
,,,,,,,,,,,,,,,,,,,,1821.0,167300483.0,0.992678,-0.005888,-0.006486,0.120475,-0.01718,0.005298,-0.361897,0.0
,,,,,,,,,,,,,,,,,,,,1822.0,167317150.0,0.992679,-0.005888,-0.00649,0.120467,0.006215,-0.001273,-0.371904,0.0
,,,,,,,,,,,,,,,,,,,,1823.0,167333817.0,0.992679,-0.005889,-0.006492,0.120468,-0.008573,0.001668,-0.365664,0.0
,,,,,,,,,,,,,,,,,,,,1824.0,167350484.0,0.992677,-0.005882,-0.006491,0.120478,-0.011582,0.007697,-0.366088,0.0
,,,,,,,,,,,,,,,,,,,,1825.0,167367151.0,0.992677,-0.005879,-0.006498,0.120478,-0.022172,-0.004459,-0.352165,0.0
,,,,,,,,,,,,,,,,,,,,1826.0,167383818.0,0.992677,-0.005874,-0.006502,0.12048,-0.013129,0.018556,-0.369501,0.0
,,,,,,,,,,,,,,,,,,,,1827.0,167400485.0,0.992675,-0.005871,-0.006502,0.120499,-0.019934,0.014255,-0.391689,0.0
,,,,,,,,,,,,,,,,,,,,1828.0,167417152.0,0.992674,-0.005865,-0.006501,0.120503,-0.017721,0.006592,-0.367355,0.0
,,,,,,,,,,,,,,,,,,,,1829.0,167433819.0,0.992674,-0.005855,-0.006501,0.120508,-0.032541,0.012005,-0.385894,0.0
,,,,,,,,,,,,,,,,,,,,1830.0,167450486.0,0.992674,-0.005859,-0.006492,0.120511,-0.031428,0.015521,-0.368535,0.0
,,,,,,,,,,,,,,,,,,,,1831.0,167467153.0,0.992675,-0.00586,-0.006475,0.120504,-0.015865,-0.005655,-0.35519,0.0
,,,,,,,,,,,,,,,,,,,,1832.0,167483820.0,0.992675,-0.00586,-0.006459,0.120501,-0.016661,0.014979,-0.368985,0.0
,,,,,,,,,,,,,,,,,,,,1833.0,167500487.0,0.992675,-0.005856,-0.006453,0.120502,-0.003375,0.002189,-0.372995,0.0
,,,,,,,,,,,,,,,,,,,,1834.0,167517154.0,0.992675,-0.005852,-0.006448,0.120499,-0.015043,0.006038,-0.356529,0.0
,,,,,,,,,,,,,,,,,,,,1835.0,167533821.0,0.992675,-0.005852,-0.006458,0.120505,-0.012403,0.012727,-0.336687,0.0
,,,,,,,,,,,,,,,,,,,,1836.0,167550488.0,0.992675,-0.005846,-0.006456,0.1205,-0.0064,0.008053,-0.373878,0.0
,,,,,,,,,,,,,,,,,,,,1837.0,167567155.0,0.992674,-0.005846,-0.006454,0.12051,-0.021289,0.026521,-0.341189,0.0
,,,,,,,,,,,,,,,,,,,,1838.0,167583822.0,0.992674,-0.005838,-0.006453,0.12051,-0.023199,0.003385,-0.362705,0.0
,,,,,,,,,,,,,,,,,,,,1839.0,167600489.0,0.992675,-0.005832,-0.006454,0.120502,-0.010987,-0.001301,-0.358795,0.0
,,,,,,,,,,,,,,,,,,,,1840.0,167617156.0,0.992674,-0.005828,-0.006448,0.120511,-0.001761,0.010841,-0.360866,0.0
,,,,,,,,,,,,,,,,,,,,1841.0,167633823.0,0.992674,-0.005823,-0.006443,0.120511,-0.012503,-0.001914,-0.35196,0.0
,,,,,,,,,,,,,,,,,,,,1842.0,167650490.0,0.992673,-0.005824,-0.006448,0.120519,-0.011786,0.014315,-0.348314,0.0
,,,,,,,,,,,,,,,,,,,,1843.0,167667157.0,0.992673,-0.005825,-0.006441,0.120523,-0.019981,0.0062,-0.341789,0.0
,,,,,,,,,,,,,,,,,,,,1844.0,167683824.0,0.992673,-0.005817,-0.006439,0.120524,-0.014487,0.020448,-0.379972,0.0
,,,,,,,,,,,,,,,,,,,,1845.0,167700491.0,0.992673,-0.005809,-0.006439,0.120521,-0.024823,0.013761,-0.371819,0.0
,,,,,,,,,,,,,,,,,,,,1846.0,167717158.0,0.992673,-0.005808,-0.006439,0.120522,-0.017827,0.005195,-0.374733,0.0
,,,,,,,,,,,,,,,,,,,,1847.0,167733825.0,0.992673,-0.005805,-0.006434,0.120525,-0.025992,-0.001744,-0.359813,0.0
,,,,,,,,,,,,,,,,,,,,1848.0,167750492.0,0.992673,-0.005796,-0.006428,0.120523,-0.02065,0.004573,-0.347976,0.0
,,,,,,,,,,,,,,,,,,,,1849.0,167767159.0,0.992672,-0.005786,-0.00643,0.120532,-0.006616,-0.004471,-0.357584,0.0
,,,,,,,,,,,,,,,,,,,,1850.0,167783826.0,0.992671,-0.005781,-0.006431,0.120534,-0.011227,-0.001334,-0.371117,0.0
,,,,,,,,,,,,,,,,,,,,1851.0,167800493.0,0.992671,-0.005782,-0.006423,0.120542,-0.007274,0.006052,-0.371057,0.0
,,,,,,,,,,,,,,,,,,,,1852.0,167817160.0,0.992671,-0.005775,-0.006422,0.120542,-0.007955,0.02918,-0.364881,0.0
,,,,,,,,,,,,,,,,,,,,1853.0,167833827.0,0.99267,-0.00577,-0.006419,0.120543,0.005161,0.012987,-0.366064,0.0
,,,,,,,,,,,,,,,,,,,,1854.0,167850494.0,0.992672,-0.005769,-0.006418,0.120531,-0.005573,0.012761,-0.368877,0.0
,,,,,,,,,,,,,,,,,,,,1855.0,167867161.0,0.992673,-0.005767,-0.006409,0.120524,-0.016592,0.003916,-0.358342,0.0
,,,,,,,,,,,,,,,,,,,,1856.0,167883828.0,0.992675,-0.005762,-0.006413,0.120507,-0.023989,-0.008884,-0.355979,0.0
,,,,,,,,,,,,,,,,,,,,1857.0,167900495.0,0.992675,-0.005756,-0.006405,0.120507,-0.025295,-0.019824,-0.372008,0.0
,,,,,,,,,,,,,,,,,,,,1858.0,167917162.0,0.992676,-0.005756,-0.006397,0.120501,-0.018333,-0.004268,-0.37068,0.0
,,,,,,,,,,,,,,,,,,,,1859.0,167933829.0,0.992676,-0.005757,-0.00639,0.120504,-0.030002,0.005323,-0.374875,0.0
,,,,,,,,,,,,,,,,,,,,1860.0,167950496.0,0.992675,-0.005764,-0.006384,0.120508,-0.015194,0.026139,-0.371225,0.0
,,,,,,,,,,,,,,,,,,,,1861.0,167967163.0,0.992674,-0.005769,-0.006389,0.120516,-0.016978,0.039865,-0.355588,0.0
,,,,,,,,,,,,,,,,,,,,1862.0,167983830.0,0.992675,-0.005763,-0.006385,0.120512,-0.009526,0.031604,-0.375245,0.0
,,,,,,,,,,,,,,,,,,,,1863.0,168000497.0,0.992675,-0.005768,-0.006385,0.12051,-0.009736,0.03499,-0.351052,0.0
,,,,,,,,,,,,,,,,,,,,1864.0,168017164.0,0.992675,-0.005745,-0.006396,0.12051,-0.010154,0.016037,-0.376727,0.0
,,,,,,,,,,,,,,,,,,,,1865.0,168033831.0,0.992675,-0.005744,-0.006394,0.12051,-0.010987,-0.008223,-0.360256,0.0
,,,,,,,,,,,,,,,,,,,,1866.0,168050498.0,0.992675,-0.00575,-0.006385,0.120513,-0.010971,-0.040795,-0.346653,0.0
,,,,,,,,,,,,,,,,,,,,1867.0,168067165.0,0.992674,-0.005749,-0.006384,0.120518,-0.011352,-0.029695,-0.374725,0.0
,,,,,,,,,,,,,,,,,,,,1868.0,168083832.0,0.992674,-0.005738,-0.006383,0.120523,-0.022697,-0.000329,-0.365155,0.0
,,,,,,,,,,,,,,,,,,,,1869.0,168100499.0,0.992674,-0.005733,-0.006378,0.12052,-0.01684,0.009617,-0.341679,0.0
,,,,,,,,,,,,,,,,,,,,1870.0,168117166.0,0.992674,-0.005733,-0.006373,0.120522,-0.019866,0.014559,-0.370798,0.0
,,,,,,,,,,,,,,,,,,,,1871.0,168133833.0,0.992674,-0.005743,-0.00638,0.120518,-0.026524,0.037542,-0.404224,0.0
,,,,,,,,,,,,,,,,,,,,1872.0,168150500.0,0.992674,-0.005741,-0.006366,0.120522,-0.024424,0.03142,-0.238788,0.0
,,,,,,,,,,,,,,,,,,,,1873.0,168167167.0,0.992674,-0.005734,-0.006361,0.120517,-0.019918,0.026099,-0.411882,0.0
,,,,,,,,,,,,,,,,,,,,1874.0,168183834.0,0.992676,-0.00573,-0.006351,0.120504,-0.015521,0.003119,-0.329666,0.0
,,,,,,,,,,,,,,,,,,,,1875.0,168200501.0,0.992677,-0.005728,-0.006358,0.120499,-0.01298,-0.019288,-0.365535,0.0
,,,,,,,,,,,,,,,,,,,,1876.0,168217168.0,0.992677,-0.005727,-0.006348,0.120498,0.000689,-0.025355,-0.386475,0.0
,,,,,,,,,,,,,,,,,,,,1877.0,168233835.0,0.992675,-0.00572,-0.006349,0.120514,-0.014014,-0.040456,-0.330095,0.0
,,,,,,,,,,,,,,,,,,,,1878.0,168250502.0,0.992674,-0.005726,-0.006344,0.120522,-0.012062,-0.010393,-0.37781,0.0
,,,,,,,,,,,,,,,,,,,,1879.0,168267169.0,0.992674,-0.005728,-0.006345,0.12052,-0.016539,0.024909,-0.351837,0.0
,,,,,,,,,,,,,,,,,,,,1880.0,168283836.0,0.992674,-0.005718,-0.006352,0.120522,-0.007432,0.032458,-0.351604,0.0
,,,,,,,,,,,,,,,,,,,,1881.0,168300503.0,0.992674,-0.005709,-0.006356,0.120523,-0.022446,0.037952,-0.38966,0.0
,,,,,,,,,,,,,,,,,,,,1882.0,168317170.0,0.992674,-0.005706,-0.006362,0.120525,-0.04251,0.03114,-0.331429,0.0
,,,,,,,,,,,,,,,,,,,,1883.0,168333837.0,0.992674,-0.005699,-0.00636,0.120523,-0.027339,0.026001,-0.370715,0.0
,,,,,,,,,,,,,,,,,,,,1884.0,168350504.0,0.992675,-0.005704,-0.006354,0.120512,-0.035322,-0.007745,-0.351048,0.0
,,,,,,,,,,,,,,,,,,,,1885.0,168367171.0,0.992676,-0.005701,-0.006355,0.120509,-0.040662,-0.02158,-0.322097,0.0
,,,,,,,,,,,,,,,,,,,,1886.0,168383838.0,0.992676,-0.005686,-0.00635,0.120505,-0.022789,-0.025035,-0.404068,0.0
,,,,,,,,,,,,,,,,,,,,1887.0,168400505.0,0.992676,-0.00568,-0.006356,0.120503,-0.013482,-0.011615,-0.334018,0.0
,,,,,,,,,,,,,,,,,,,,1888.0,168417172.0,0.992676,-0.005678,-0.006342,0.120508,0.000255,0.003267,-0.369616,0.0
,,,,,,,,,,,,,,,,,,,,1889.0,168433839.0,0.992676,-0.005678,-0.006345,0.12051,0.005217,0.038443,-0.366546,0.0
,,,,,,,,,,,,,,,,,,,,1890.0,168450506.0,0.992676,-0.005685,-0.006337,0.12051,-0.002482,0.031119,-0.363745,0.0
,,,,,,,,,,,,,,,,,,,,1891.0,168467173.0,0.992676,-0.005684,-0.006335,0.12051,-0.002862,0.022687,-0.359004,0.0
,,,,,,,,,,,,,,,,,,,,1892.0,168483840.0,0.992676,-0.005692,-0.00633,0.120506,-0.008511,0.018403,-0.375247,0.0
,,,,,,,,,,,,,,,,,,,,1893.0,168500507.0,0.992674,-0.005746,-0.006368,0.120518,-0.026126,-0.001986,-0.371931,0.0
,,,,,,,,,,,,,,,,,,,,1894.0,168517174.0,0.992673,-0.005747,-0.006367,0.120528,-0.030902,-0.013424,-0.381258,0.0
,,,,,,,,,,,,,,,,,,,,1895.0,168533841.0,0.992674,-0.005746,-0.00637,0.120517,-0.01901,-0.009604,-0.348949,0.0
,,,,,,,,,,,,,,,,,,,,1896.0,168550508.0,0.992673,-0.005739,-0.00638,0.120529,-0.023608,-0.038121,-0.35989,0.0
,,,,,,,,,,,,,,,,,,,,1897.0,168567175.0,0.992671,-0.005733,-0.006381,0.120541,-0.03469,0.00168,-0.375891,0.0
,,,,,,,,,,,,,,,,,,,,1898.0,168583842.0,0.99267,-0.00574,-0.006371,0.120549,-0.022361,0.011412,-0.373345,0.0
,,,,,,,,,,,,,,,,,,,,1899.0,168600509.0,0.99267,-0.005732,-0.006365,0.12055,-0.031849,0.03076,-0.341527,0.0
,,,,,,,,,,,,,,,,,,,,1900.0,168617176.0,0.99267,-0.005726,-0.006372,0.120552,-0.007205,0.028056,-0.355955,0.0
,,,,,,,,,,,,,,,,,,,,1901.0,168633843.0,0.992671,-0.00572,-0.006366,0.120544,-0.006937,0.026052,-0.354698,0.0
,,,,,,,,,,,,,,,,,,,,1902.0,168650510.0,0.992672,-0.005716,-0.00638,0.120535,-0.002857,0.007704,-0.373256,0.0
,,,,,,,,,,,,,,,,,,,,1903.0,168667177.0,0.992673,-0.005713,-0.006385,0.120528,0.007007,-0.018031,-0.364369,0.0
,,,,,,,,,,,,,,,,,,,,1904.0,168683844.0,0.992672,-0.005709,-0.006367,0.120535,-0.00352,-0.026537,-0.361397,0.0
,,,,,,,,,,,,,,,,,,,,1905.0,168700511.0,0.992671,-0.005711,-0.006366,0.120547,-0.004171,-0.011735,-0.357851,0.0
,,,,,,,,,,,,,,,,,,,,1906.0,168717178.0,0.992671,-0.005708,-0.006365,0.120547,-0.017366,-0.015666,-0.355005,0.0
,,,,,,,,,,,,,,,,,,,,1907.0,168733845.0,0.992669,-0.005712,-0.006361,0.120559,-0.005268,0.006688,-0.362495,0.0
,,,,,,,,,,,,,,,,,,,,1908.0,168750512.0,0.992669,-0.005712,-0.00636,0.12056,-0.018174,0.01127,-0.350901,0.0
,,,,,,,,,,,,,,,,,,,,1909.0,168767179.0,0.992669,-0.005708,-0.006351,0.12056,-0.037919,0.028908,-0.367843,0.0
,,,,,,,,,,,,,,,,,,,,1910.0,168783846.0,0.99267,-0.005712,-0.00634,0.120559,-0.026143,0.028817,-0.34908,0.0
,,,,,,,,,,,,,,,,,,,,1911.0,168800513.0,0.992671,-0.005712,-0.006341,0.120547,-0.018616,0.005234,-0.350555,0.0
,,,,,,,,,,,,,,,,,,,,1912.0,168817180.0,0.992671,-0.005707,-0.006346,0.120549,-0.005585,-0.001566,-0.359252,0.0
,,,,,,,,,,,,,,,,,,,,1913.0,168833847.0,0.992671,-0.005696,-0.006342,0.120545,0.003041,-0.025012,-0.343263,0.0
,,,,,,,,,,,,,,,,,,,,1914.0,168850514.0,0.99267,-0.00569,-0.006345,0.120553,0.000821,-0.007985,-0.351603,0.0
,,,,,,,,,,,,,,,,,,,,1915.0,168867181.0,0.992672,-0.005694,-0.00634,0.120538,0.008793,-0.013109,-0.359426,0.0
,,,,,,,,,,,,,,,,,,,,1916.0,168883848.0,0.992672,-0.00569,-0.006334,0.120538,-0.006253,-0.011471,-0.358518,0.0
,,,,,,,,,,,,,,,,,,,,1917.0,168900515.0,0.992673,-0.00569,-0.006338,0.120533,0.002665,0.012379,-0.351027,0.0
,,,,,,,,,,,,,,,,,,,,1918.0,168917182.0,0.992674,-0.005688,-0.006343,0.120522,-0.020026,0.01244,-0.356225,0.0
,,,,,,,,,,,,,,,,,,,,1919.0,168933849.0,0.992674,-0.005694,-0.006341,0.120518,-0.008105,0.018741,-0.363847,0.0
,,,,,,,,,,,,,,,,,,,,1920.0,168950516.0,0.992674,-0.005699,-0.006334,0.120527,-0.016315,0.012088,-0.377864,0.0
,,,,,,,,,,,,,,,,,,,,1921.0,168967183.0,0.992674,-0.005689,-0.006339,0.120521,-0.026557,0.020554,-0.368663,0.0
,,,,,,,,,,,,,,,,,,,,1922.0,168983850.0,0.992675,-0.005694,-0.006331,0.120513,-0.030426,0.005917,-0.36358,0.0
,,,,,,,,,,,,,,,,,,,,1923.0,169000517.0,0.992674,-0.005693,-0.006325,0.120521,-0.030689,-0.008559,-0.376703,0.0
,,,,,,,,,,,,,,,,,,,,1924.0,169017184.0,0.992674,-0.005683,-0.006315,0.120525,-0.019968,-0.0083,-0.352962,0.0
,,,,,,,,,,,,,,,,,,,,1925.0,169033851.0,0.992677,-0.005693,-0.006314,0.120502,-0.013671,0.000144,-0.351387,0.0
,,,,,,,,,,,,,,,,,,,,1926.0,169050518.0,0.992677,-0.00569,-0.006307,0.120498,-0.015181,0.005078,-0.34392,0.0
,,,,,,,,,,,,,,,,,,,,1927.0,169067185.0,0.992678,-0.005687,-0.006298,0.120491,-0.006297,0.012843,-0.353472,0.0
,,,,,,,,,,,,,,,,,,,,1928.0,169083852.0,0.992677,-0.005697,-0.006303,0.120503,0.008089,0.001662,-0.360078,0.0
,,,,,,,,,,,,,,,,,,,,1929.0,169100519.0,0.992678,-0.005704,-0.006305,0.120491,-0.013013,0.016563,-0.369176,0.0
,,,,,,,,,,,,,,,,,,,,1930.0,169117186.0,0.992678,-0.005706,-0.00631,0.120495,-0.020157,0.012765,-0.401199,0.0
,,,,,,,,,,,,,,,,,,,,1931.0,169133853.0,0.992677,-0.005716,-0.006305,0.120501,0.001651,-0.005056,-0.356766,0.0
,,,,,,,,,,,,,,,,,,,,1932.0,169150520.0,0.992677,-0.005719,-0.006307,0.120495,-0.022247,0.006526,-0.393927,0.0
,,,,,,,,,,,,,,,,,,,,1933.0,169167187.0,0.992677,-0.005715,-0.006312,0.120497,-0.029016,-0.004952,-0.314013,0.0
,,,,,,,,,,,,,,,,,,,,1934.0,169183854.0,0.992678,-0.005703,-0.006321,0.120489,-0.023842,0.000539,-0.401667,0.0
,,,,,,,,,,,,,,,,,,,,1935.0,169200521.0,0.992679,-0.005699,-0.006329,0.120479,-0.036115,-0.010063,-0.356688,0.0
,,,,,,,,,,,,,,,,,,,,1936.0,169217188.0,0.992679,-0.005699,-0.006325,0.12048,-0.034027,-0.010939,-0.344272,0.0
,,,,,,,,,,,,,,,,,,,,1937.0,169233855.0,0.992678,-0.005703,-0.006323,0.120489,-0.021296,0.000456,-0.38343,0.0
,,,,,,,,,,,,,,,,,,,,1938.0,169250522.0,0.992679,-0.005698,-0.006319,0.120479,0.001785,0.014856,-0.345092,0.0
,,,,,,,,,,,,,,,,,,,,1939.0,169267189.0,0.99268,-0.005698,-0.006322,0.120474,0.007357,0.032165,-0.38316,0.0
,,,,,,,,,,,,,,,,,,,,1940.0,169283856.0,0.99268,-0.005698,-0.006307,0.120474,0.016775,0.023505,-0.356246,0.0
,,,,,,,,,,,,,,,,,,,,1941.0,169300523.0,0.992682,-0.00569,-0.006302,0.120459,0.018109,0.015087,-0.376015,0.0
,,,,,,,,,,,,,,,,,,,,1942.0,169317190.0,0.992684,-0.005682,-0.0063,0.120445,0.009748,-0.008863,-0.356263,0.0
,,,,,,,,,,,,,,,,,,,,1943.0,169333857.0,0.992683,-0.00568,-0.006295,0.120453,-0.009471,-0.008417,-0.350575,0.0
,,,,,,,,,,,,,,,,,,,,1944.0,169350524.0,0.992682,-0.005683,-0.006294,0.12046,-0.019568,-0.023759,-0.356544,0.0
,,,,,,,,,,,,,,,,,,,,1945.0,169367191.0,0.992682,-0.005688,-0.006292,0.120458,-0.023485,-0.007664,-0.35289,0.0
,,,,,,,,,,,,,,,,,,,,1946.0,169383858.0,0.992682,-0.005689,-0.006293,0.120457,-0.029128,-0.007041,-0.369714,0.0
,,,,,,,,,,,,,,,,,,,,1947.0,169400525.0,0.992683,-0.00569,-0.00629,0.120453,-0.04727,0.010827,-0.359373,0.0
,,,,,,,,,,,,,,,,,,,,1948.0,169417192.0,0.992683,-0.005691,-0.006289,0.120451,-0.01587,0.020419,-0.372982,0.0
,,,,,,,,,,,,,,,,,,,,1949.0,169433859.0,0.992683,-0.0057,-0.006295,0.120454,-0.014353,0.000106,-0.353766,0.0
,,,,,,,,,,,,,,,,,,,,1950.0,169450526.0,0.992682,-0.005701,-0.006292,0.120455,-0.002232,0.005896,-0.368248,0.0
,,,,,,,,,,,,,,,,,,,,1951.0,169467193.0,0.992681,-0.005731,-0.006312,0.120467,-0.019281,0.011599,-0.3232,0.0
,,,,,,,,,,,,,,,,,,,,1952.0,169483860.0,0.992674,-0.005782,-0.006338,0.120522,0.015575,-0.007068,-0.357739,0.0
,,,,,,,,,,,,,,,,,,,,1953.0,169500527.0,0.992673,-0.005762,-0.006329,0.120532,-0.002189,0.011446,-0.353362,0.0
,,,,,,,,,,,,,,,,,,,,1954.0,169517194.0,0.992061,-0.005853,-0.006369,0.125464,0.51053,0.432141,-0.36001,0.0
,,,,,,,,,,,,,,,,,,,,1955.0,169533861.0,0.988765,-0.006048,-0.006308,0.149222,0.420839,-0.833701,-0.365461,0.0
,,,,,,,,,,,,,,,,,,,,1956.0,169550528.0,0.985639,-0.006353,-0.0064,0.168624,-0.323764,-0.605517,-0.324528,0.0
,,,,,,,,,,,,,,,,,,,,1957.0,169567195.0,0.983143,-0.006624,-0.006435,0.182606,-0.330361,0.36058,-0.379447,0.0
,,,,,,,,,,,,,,,,,,,,1958.0,169583862.0,0.981034,-0.006824,-0.006431,0.193609,0.10525,1.222216,-0.372575,0.0
,,,,,,,,,,,,,,,,,,,,1959.0,169600529.0,0.97882,-0.006829,-0.006381,0.204511,0.039884,0.479917,-0.358536,0.0
,,,,,,,,,,,,,,,,,,,,1960.0,169617196.0,0.976736,-0.006835,-0.006275,0.214246,-0.250094,-0.465505,-0.373919,0.0
,,,,,,,,,,,,,,,,,,,,1961.0,169633863.0,0.976426,-0.006828,-0.006276,0.215652,-0.338438,-0.500398,-0.360191,0.0
,,,,,,,,,,,,,,,,,,,,1962.0,169650530.0,0.976428,-0.006824,-0.006277,0.215644,-0.024953,0.00956,-0.364749,0.0
,,,,,,,,,,,,,,,,,,,,1963.0,169667197.0,0.976431,-0.006818,-0.006279,0.215631,-0.020945,-0.007835,-0.369789,0.0
,,,,,,,,,,,,,,,,,,,,1964.0,169683864.0,0.976431,-0.006814,-0.006282,0.215631,-0.016806,0.001493,-0.346963,0.0
,,,,,,,,,,,,,,,,,,,,1965.0,169700531.0,0.976433,-0.006801,-0.006295,0.215623,-0.007618,-0.000769,-0.34757,0.0
,,,,,,,,,,,,,,,,,,,,1966.0,169717198.0,0.976431,-0.006805,-0.006305,0.215632,-0.002785,-0.00385,-0.376195,0.0
,,,,,,,,,,,,,,,,,,,,1967.0,169733865.0,0.976431,-0.006803,-0.006305,0.21563,-0.014028,0.055784,-0.329713,0.0
,,,,,,,,,,,,,,,,,,,,1968.0,169750532.0,0.976433,-0.006802,-0.006299,0.215622,-0.015841,0.034051,-0.368113,0.0
,,,,,,,,,,,,,,,,,,,,1969.0,169767199.0,0.976434,-0.006809,-0.006294,0.215617,-0.032101,0.040059,-0.36979,0.0
,,,,,,,,,,,,,,,,,,,,1970.0,169783866.0,0.976434,-0.006811,-0.006286,0.215617,-0.02135,0.038582,-0.341548,0.0
,,,,,,,,,,,,,,,,,,,,1971.0,169800533.0,0.976436,-0.00681,-0.00629,0.215607,-0.039112,0.028752,-0.353709,0.0
,,,,,,,,,,,,,,,,,,,,1972.0,169817200.0,0.976437,-0.006813,-0.006303,0.215602,-0.033536,0.01022,-0.358949,0.0
,,,,,,,,,,,,,,,,,,,,1973.0,169833867.0,0.976439,-0.006816,-0.006303,0.215593,-0.02952,-0.006459,-0.351387,0.0
,,,,,,,,,,,,,,,,,,,,1974.0,169850534.0,0.97644,-0.00681,-0.006306,0.215591,-0.025713,-0.000134,-0.358816,0.0
,,,,,,,,,,,,,,,,,,,,1975.0,169867201.0,0.97644,-0.00681,-0.006307,0.215591,-0.00881,0.01674,-0.364558,0.0
,,,,,,,,,,,,,,,,,,,,1976.0,169883868.0,0.976439,-0.006809,-0.006312,0.215594,-0.020519,0.039582,-0.343239,0.0
,,,,,,,,,,,,,,,,,,,,1977.0,169900535.0,0.976439,-0.006823,-0.006311,0.215595,-0.006828,0.033533,-0.352687,0.0
,,,,,,,,,,,,,,,,,,,,1978.0,169917202.0,0.97644,-0.006819,-0.006306,0.215589,-0.007963,0.038783,-0.381682,0.0
,,,,,,,,,,,,,,,,,,,,1979.0,169933869.0,0.976442,-0.006819,-0.006295,0.215582,-0.001276,0.046214,-0.334352,0.0
,,,,,,,,,,,,,,,,,,,,1980.0,169950536.0,0.976444,-0.006828,-0.006295,0.215569,-0.018158,0.01584,-0.383938,0.0
,,,,,,,,,,,,,,,,,,,,1981.0,169967203.0,0.976444,-0.006818,-0.006292,0.215569,-0.018221,0.012741,-0.369802,0.0
,,,,,,,,,,,,,,,,,,,,1982.0,169983870.0,0.976445,-0.006816,-0.006294,0.215568,-0.014557,-3e-05,-0.315721,0.0
,,,,,,,,,,,,,,,,,,,,1983.0,170000537.0,0.976443,-0.006825,-0.006292,0.215574,-0.040889,0.002859,-0.378049,0.0
,,,,,,,,,,,,,,,,,,,,1984.0,170017204.0,0.976444,-0.006821,-0.006291,0.215573,-0.033023,0.009052,-0.354754,0.0
,,,,,,,,,,,,,,,,,,,,1985.0,170033871.0,0.976445,-0.006817,-0.006289,0.215569,-0.038898,0.026246,-0.350635,0.0
,,,,,,,,,,,,,,,,,,,,1986.0,170050538.0,0.976444,-0.00681,-0.006296,0.21557,-0.018352,0.031521,-0.367366,0.0
,,,,,,,,,,,,,,,,,,,,1987.0,170067205.0,0.976444,-0.006806,-0.006296,0.215572,-0.023743,0.028002,-0.366611,0.0
,,,,,,,,,,,,,,,,,,,,1988.0,170083872.0,0.976446,-0.006818,-0.006297,0.215561,-0.016703,0.017841,-0.357843,0.0
,,,,,,,,,,,,,,,,,,,,1989.0,170100539.0,0.976445,-0.006816,-0.006298,0.215565,-0.007435,0.024741,-0.355985,0.0
,,,,,,,,,,,,,,,,,,,,1990.0,170117206.0,0.976446,-0.006816,-0.006304,0.215563,-0.017545,0.015194,-0.368296,0.0
,,,,,,,,,,,,,,,,,,,,1991.0,170133873.0,0.976446,-0.006824,-0.006293,0.215563,-0.006253,0.007753,-0.382753,0.0
,,,,,,,,,,,,,,,,,,,,1992.0,170150540.0,0.976447,-0.006821,-0.006288,0.21556,-0.010536,0.002694,-0.353743,0.0
,,,,,,,,,,,,,,,,,,,,1993.0,170167207.0,0.976448,-0.006828,-0.006279,0.215554,-0.029045,0.007586,-0.353198,0.0
,,,,,,,,,,,,,,,,,,,,1994.0,170183874.0,0.976447,-0.00683,-0.006265,0.215559,-0.020837,0.023067,-0.344461,0.0
,,,,,,,,,,,,,,,,,,,,1995.0,170200541.0,0.976447,-0.006833,-0.00627,0.215557,-0.023802,0.027433,-0.360701,0.0
,,,,,,,,,,,,,,,,,,,,1996.0,170217208.0,0.976448,-0.006829,-0.006263,0.215555,-0.040294,0.036961,-0.368624,0.0
,,,,,,,,,,,,,,,,,,,,1997.0,170233875.0,0.97645,-0.006825,-0.00626,0.215545,-0.041481,0.047078,-0.366755,0.0
,,,,,,,,,,,,,,,,,,,,1998.0,170250542.0,0.97645,-0.006822,-0.006265,0.215546,-0.042159,0.019661,-0.369349,0.0
,,,,,,,,,,,,,,,,,,,,1999.0,170267209.0,0.976448,-0.006823,-0.006261,0.215553,-0.046982,0.013954,-0.358572,0.0
,,,,,,,,,,,,,,,,,,,,2000.0,170283876.0,0.976449,-0.006821,-0.006258,0.215551,-0.025913,0.023257,-0.362512,0.0
,,,,,,,,,,,,,,,,,,,,2001.0,170300543.0,0.976449,-0.006822,-0.006257,0.21555,-0.017373,-0.003967,-0.373092,0.0
,,,,,,,,,,,,,,,,,,,,2002.0,170317210.0,0.97645,-0.006813,-0.00626,0.215546,-0.015409,0.005431,-0.35393,0.0
,,,,,,,,,,,,,,,,,,,,2003.0,170333877.0,0.97645,-0.006817,-0.006254,0.215544,-0.004792,0.011547,-0.345902,0.0
,,,,,,,,,,,,,,,,,,,,2004.0,170350544.0,0.976449,-0.006819,-0.006252,0.215551,-0.004146,0.028509,-0.388654,0.0
,,,,,,,,,,,,,,,,,,,,2005.0,170367211.0,0.976448,-0.006831,-0.006253,0.215555,-0.007037,0.035205,-0.356521,0.0
,,,,,,,,,,,,,,,,,,,,2006.0,170383878.0,0.976447,-0.006832,-0.006254,0.215561,-0.017303,0.03794,-0.368356,0.0
,,,,,,,,,,,,,,,,,,,,2007.0,170400545.0,0.976445,-0.006837,-0.006258,0.215566,-0.029175,0.036061,-0.365479,0.0
,,,,,,,,,,,,,,,,,,,,2008.0,170417212.0,0.976446,-0.006841,-0.006256,0.215561,-0.041223,0.023897,-0.360412,0.0
,,,,,,,,,,,,,,,,,,,,2009.0,170433879.0,0.976448,-0.006835,-0.006263,0.215552,-0.036172,0.01326,-0.35236,0.0
,,,,,,,,,,,,,,,,,,,,2010.0,170450546.0,0.97645,-0.006825,-0.006264,0.215545,-0.03166,0.005344,-0.346392,0.0
,,,,,,,,,,,,,,,,,,,,2011.0,170467213.0,0.976449,-0.006828,-0.00627,0.215547,-0.043691,0.012762,-0.370448,0.0
,,,,,,,,,,,,,,,,,,,,2012.0,170483880.0,0.97645,-0.006821,-0.006275,0.215544,-0.022965,0.012204,-0.375221,0.0
,,,,,,,,,,,,,,,,,,,,2013.0,170500547.0,0.97645,-0.006821,-0.006272,0.215543,-0.018127,0.019333,-0.336144,0.0
,,,,,,,,,,,,,,,,,,,,2014.0,170517214.0,0.976452,-0.006827,-0.006276,0.215536,-0.012011,0.030447,-0.373043,0.0
,,,,,,,,,,,,,,,,,,,,2015.0,170533881.0,0.976452,-0.006823,-0.006271,0.215535,-0.014824,0.049759,-0.366991,0.0
,,,,,,,,,,,,,,,,,,,,2016.0,170550548.0,0.976451,-0.006824,-0.006262,0.215541,-0.011862,0.018447,-0.372096,0.0
,,,,,,,,,,,,,,,,,,,,2017.0,170567215.0,0.976453,-0.006826,-0.006271,0.215533,-0.008579,0.022646,-0.344503,0.0
,,,,,,,,,,,,,,,,,,,,2018.0,170583882.0,0.976454,-0.006829,-0.006268,0.215526,-0.001,0.011585,-0.364976,0.0
,,,,,,,,,,,,,,,,,,,,2019.0,170600549.0,0.976453,-0.006831,-0.006274,0.21553,-0.024937,0.012032,-0.350369,0.0
,,,,,,,,,,,,,,,,,,,,2020.0,170617216.0,0.976451,-0.006836,-0.006271,0.215539,-0.028751,0.00331,-0.354561,0.0
,,,,,,,,,,,,,,,,,,,,2021.0,170633883.0,0.976453,-0.006842,-0.006268,0.215529,-0.03515,0.024178,-0.388567,0.0
,,,,,,,,,,,,,,,,,,,,2022.0,170650550.0,0.976451,-0.006849,-0.006276,0.21554,-0.032577,0.019169,-0.376642,0.0
,,,,,,,,,,,,,,,,,,,,2023.0,170667217.0,0.976449,-0.006847,-0.00628,0.215547,-0.028215,0.021911,-0.348521,0.0
,,,,,,,,,,,,,,,,,,,,2024.0,170683884.0,0.97645,-0.006846,-0.006278,0.215545,-0.041357,0.034981,-0.33422,0.0
,,,,,,,,,,,,,,,,,,,,2025.0,170700551.0,0.976451,-0.006851,-0.006277,0.215538,-0.02299,0.031355,-0.35875,0.0
,,,,,,,,,,,,,,,,,,,,2026.0,170717218.0,0.976452,-0.006845,-0.006273,0.215533,-0.015024,0.022998,-0.365152,0.0
,,,,,,,,,,,,,,,,,,,,2027.0,170733885.0,0.976452,-0.006842,-0.006275,0.215534,-0.008184,0.022209,-0.363369,0.0
,,,,,,,,,,,,,,,,,,,,2028.0,170750552.0,0.976454,-0.006846,-0.006283,0.215527,-0.01258,-0.001782,-0.352077,0.0
,,,,,,,,,,,,,,,,,,,,2029.0,170767219.0,0.976453,-0.006845,-0.006289,0.215528,-0.007264,0.008198,-0.356082,0.0
,,,,,,,,,,,,,,,,,,,,2030.0,170783886.0,0.976455,-0.006834,-0.006296,0.21552,-0.019042,0.010724,-0.362483,0.0
,,,,,,,,,,,,,,,,,,,,2031.0,170800553.0,0.976455,-0.006833,-0.006302,0.215519,-0.017347,0.02609,-0.3702,0.0
,,,,,,,,,,,,,,,,,,,,2032.0,170817220.0,0.976456,-0.006842,-0.006296,0.215518,-0.034468,0.030099,-0.36905,0.0
,,,,,,,,,,,,,,,,,,,,2033.0,170833887.0,0.976456,-0.006837,-0.006296,0.215517,-0.03554,0.024874,-0.345136,0.0
,,,,,,,,,,,,,,,,,,,,2034.0,170850554.0,0.976456,-0.006847,-0.006299,0.215517,-0.039436,0.052875,-0.350591,0.0
,,,,,,,,,,,,,,,,,,,,2035.0,170867221.0,0.976458,-0.006826,-0.006299,0.215505,-0.035287,0.03023,-0.352695,0.0
,,,,,,,,,,,,,,,,,,,,2036.0,170883888.0,0.976461,-0.006842,-0.006295,0.215493,-0.031346,0.031972,-0.37311,0.0
,,,,,,,,,,,,,,,,,,,,2037.0,170900555.0,0.97646,-0.006848,-0.006283,0.215498,-0.038717,0.011155,-0.370513,0.0
,,,,,,,,,,,,,,,,,,,,2038.0,170917222.0,0.976462,-0.006851,-0.006278,0.21549,-0.029541,0.007883,-0.364338,0.0
,,,,,,,,,,,,,,,,,,,,2039.0,170933889.0,0.976463,-0.006852,-0.006266,0.215484,-0.01853,0.011718,-0.370444,0.0
,,,,,,,,,,,,,,,,,,,,2040.0,170950556.0,0.976463,-0.006859,-0.006262,0.215486,-0.006077,0.024169,-0.363876,0.0
,,,,,,,,,,,,,,,,,,,,2041.0,170967223.0,0.976461,-0.006855,-0.006263,0.215492,-0.01425,0.020342,-0.35184,0.0
,,,,,,,,,,,,,,,,,,,,2042.0,170983890.0,0.976461,-0.00685,-0.006274,0.215494,-0.012884,0.027819,-0.36809,0.0
,,,,,,,,,,,,,,,,,,,,2043.0,171000557.0,0.976462,-0.006852,-0.006277,0.21549,-0.006231,0.031253,-0.352897,0.0
,,,,,,,,,,,,,,,,,,,,2044.0,171017224.0,0.976462,-0.006851,-0.006274,0.215488,-0.009371,0.027442,-0.359418,0.0
,,,,,,,,,,,,,,,,,,,,2045.0,171033891.0,0.976463,-0.006851,-0.006277,0.215484,-0.016861,0.022281,-0.385426,0.0
,,,,,,,,,,,,,,,,,,,,2046.0,171050558.0,0.976467,-0.006849,-0.006275,0.215468,-0.017068,-0.009129,-0.351466,0.0
,,,,,,,,,,,,,,,,,,,,2047.0,171067225.0,0.976465,-0.006843,-0.006276,0.215477,-0.041335,0.01029,-0.334996,0.0
,,,,,,,,,,,,,,,,,,,,2048.0,171083892.0,0.976463,-0.00684,-0.006269,0.215488,-0.03992,0.037103,-0.368838,0.0
,,,,,,,,,,,,,,,,,,,,2049.0,171100559.0,0.976462,-0.00683,-0.006268,0.215491,-0.03528,0.040678,-0.375076,0.0
,,,,,,,,,,,,,,,,,,,,2050.0,171117226.0,0.976463,-0.006832,-0.006255,0.215486,-0.028725,0.049402,-0.392542,0.0
,,,,,,,,,,,,,,,,,,,,2051.0,171133893.0,0.976463,-0.006831,-0.006241,0.215486,-0.018868,0.036848,-0.364701,0.0
,,,,,,,,,,,,,,,,,,,,2052.0,171150560.0,0.976463,-0.00684,-0.006242,0.215485,-0.033756,0.027557,-0.335699,0.0
,,,,,,,,,,,,,,,,,,,,2053.0,171167227.0,0.976462,-0.006836,-0.006253,0.21549,-0.024511,0.015428,-0.362382,0.0
,,,,,,,,,,,,,,,,,,,,2054.0,171183894.0,0.976462,-0.006828,-0.006251,0.215489,-0.017535,0.019272,-0.356065,0.0
,,,,,,,,,,,,,,,,,,,,2055.0,171200561.0,0.976461,-0.006833,-0.006251,0.215495,-0.02142,0.005994,-0.358734,0.0
,,,,,,,,,,,,,,,,,,,,2056.0,171217228.0,0.976461,-0.006818,-0.006254,0.215497,-0.010582,0.012497,-0.374921,0.0
,,,,,,,,,,,,,,,,,,,,2057.0,171233895.0,0.976461,-0.006816,-0.006257,0.215497,-0.013726,0.020946,-0.322773,0.0
,,,,,,,,,,,,,,,,,,,,2058.0,171250562.0,0.976461,-0.006823,-0.006261,0.215496,-0.016016,0.039575,-0.370652,0.0
,,,,,,,,,,,,,,,,,,,,2059.0,171267229.0,0.976461,-0.006817,-0.006264,0.215497,-0.013364,0.038812,-0.366055,0.0
,,,,,,,,,,,,,,,,,,,,2060.0,171283896.0,0.976462,-0.006812,-0.006264,0.21549,-0.023964,0.037376,-0.346488,0.0
,,,,,,,,,,,,,,,,,,,,2061.0,171300563.0,0.976463,-0.006815,-0.006254,0.215485,-0.015613,0.02863,-0.341304,0.0
,,,,,,,,,,,,,,,,,,,,2062.0,171317230.0,0.976465,-0.006812,-0.006257,0.215478,-0.019877,0.006258,-0.352869,0.0
,,,,,,,,,,,,,,,,,,,,2063.0,171333897.0,0.976463,-0.006811,-0.006257,0.215486,-0.01321,0.021697,-0.359268,0.0
,,,,,,,,,,,,,,,,,,,,2064.0,171350564.0,0.976465,-0.006818,-0.006252,0.215478,-0.015676,0.008438,-0.335032,0.0
,,,,,,,,,,,,,,,,,,,,2065.0,171367231.0,0.976464,-0.006816,-0.006262,0.215483,-0.028993,0.001786,-0.370114,0.0
,,,,,,,,,,,,,,,,,,,,2066.0,171383898.0,0.976463,-0.00682,-0.006265,0.215486,-0.012461,0.011055,-0.360539,0.0
,,,,,,,,,,,,,,,,,,,,2067.0,171400565.0,0.976463,-0.006824,-0.006261,0.215487,-0.018662,0.020536,-0.336558,0.0
,,,,,,,,,,,,,,,,,,,,2068.0,171417232.0,0.97646,-0.006833,-0.00625,0.215499,-0.016277,0.017396,-0.356701,0.0
,,,,,,,,,,,,,,,,,,,,2069.0,171433899.0,0.97646,-0.006839,-0.006254,0.215499,-0.025363,0.033634,-0.357742,0.0
,,,,,,,,,,,,,,,,,,,,2070.0,171450566.0,0.97646,-0.006837,-0.006255,0.2155,-0.021072,0.051418,-0.35543,0.0
,,,,,,,,,,,,,,,,,,,,2071.0,171467233.0,0.976461,-0.006841,-0.006262,0.215496,-0.022258,0.032026,-0.401037,0.0
,,,,,,,,,,,,,,,,,,,,2072.0,171483900.0,0.97646,-0.006845,-0.006267,0.215498,-0.038292,0.019074,-0.370247,0.0
,,,,,,,,,,,,,,,,,,,,2073.0,171500567.0,0.976463,-0.006852,-0.006267,0.215485,-0.038442,0.005309,-0.353586,0.0
,,,,,,,,,,,,,,,,,,,,2074.0,171517234.0,0.976464,-0.006847,-0.006272,0.21548,-0.024038,-0.001217,-0.33249,0.0
,,,,,,,,,,,,,,,,,,,,2075.0,171533901.0,0.976462,-0.006849,-0.006278,0.215489,-0.017816,0.007924,-0.35255,0.0
,,,,,,,,,,,,,,,,,,,,2076.0,171550568.0,0.976464,-0.006857,-0.006291,0.215479,-0.016949,0.01309,-0.35138,0.0
,,,,,,,,,,,,,,,,,,,,2077.0,171567235.0,0.976465,-0.006862,-0.006292,0.215474,-0.00826,0.024906,-0.376858,0.0
,,,,,,,,,,,,,,,,,,,,2078.0,171583902.0,0.976466,-0.006867,-0.006295,0.215469,-0.002117,0.043618,-0.369857,0.0
,,,,,,,,,,,,,,,,,,,,2079.0,171600569.0,0.976465,-0.006866,-0.006292,0.215475,-0.011834,0.022272,-0.341288,0.0
,,,,,,,,,,,,,,,,,,,,2080.0,171617236.0,0.976467,-0.006867,-0.006297,0.215465,-0.008099,0.029767,-0.361076,0.0
,,,,,,,,,,,,,,,,,,,,2081.0,171633903.0,0.976468,-0.006863,-0.0063,0.215461,-0.019272,0.017592,-0.352154,0.0
,,,,,,,,,,,,,,,,,,,,2082.0,171650570.0,0.976469,-0.006863,-0.006304,0.215458,-0.028016,0.00183,-0.370126,0.0
,,,,,,,,,,,,,,,,,,,,2083.0,171667237.0,0.976469,-0.006859,-0.006312,0.215458,-0.029661,0.005103,-0.373637,0.0
,,,,,,,,,,,,,,,,,,,,2084.0,171683904.0,0.97647,-0.006857,-0.006317,0.215452,-0.043704,-7.8e-05,-0.366543,0.0
,,,,,,,,,,,,,,,,,,,,2085.0,171700571.0,0.97647,-0.006856,-0.00632,0.215452,-0.019353,0.025473,-0.354357,0.0
,,,,,,,,,,,,,,,,,,,,2086.0,171717238.0,0.97647,-0.006845,-0.006328,0.215453,-0.020394,0.041408,-0.346192,0.0
,,,,,,,,,,,,,,,,,,,,2087.0,171733905.0,0.976472,-0.00684,-0.006327,0.215442,-0.026777,0.06593,-0.353563,0.0
,,,,,,,,,,,,,,,,,,,,2088.0,171750572.0,0.976475,-0.006848,-0.006329,0.215428,-0.019208,0.059672,-0.370913,0.0
,,,,,,,,,,,,,,,,,,,,2089.0,171767239.0,0.976477,-0.006847,-0.006335,0.215422,0.015472,0.03936,-0.375099,0.0
,,,,,,,,,,,,,,,,,,,,2090.0,171783906.0,0.976476,-0.006844,-0.006338,0.215423,-0.01328,0.011591,-0.364476,0.0
,,,,,,,,,,,,,,,,,,,,2091.0,171800573.0,0.976478,-0.006841,-0.006338,0.215413,-0.007566,-0.008808,-0.325473,0.0
,,,,,,,,,,,,,,,,,,,,2092.0,171817240.0,0.976477,-0.00684,-0.006348,0.215418,-0.020116,0.000112,-0.353274,0.0
,,,,,,,,,,,,,,,,,,,,2093.0,171833907.0,0.976476,-0.006847,-0.006342,0.215422,-0.011253,0.00113,-0.383938,0.0
,,,,,,,,,,,,,,,,,,,,2094.0,171850574.0,0.976473,-0.006847,-0.006336,0.215438,-0.013369,-0.004153,-0.410495,0.0
,,,,,,,,,,,,,,,,,,,,2095.0,171867241.0,0.976474,-0.006853,-0.006343,0.215433,-0.032997,0.035102,-0.309543,0.0
,,,,,,,,,,,,,,,,,,,,2096.0,171883908.0,0.976474,-0.00686,-0.00634,0.215434,-0.036081,0.041472,-0.350729,0.0
,,,,,,,,,,,,,,,,,,,,2097.0,171900575.0,0.976474,-0.00685,-0.006331,0.215434,-0.038947,0.050186,-0.342387,0.0
,,,,,,,,,,,,,,,,,,,,2098.0,171917242.0,0.976475,-0.006844,-0.006326,0.215431,-0.034224,0.024658,-0.387636,0.0
,,,,,,,,,,,,,,,,,,,,2099.0,171933909.0,0.976475,-0.006845,-0.006313,0.215431,-0.020993,0.020159,-0.337953,0.0
,,,,,,,,,,,,,,,,,,,,2100.0,171950576.0,0.976475,-0.006845,-0.006321,0.21543,-0.021415,-0.005246,-0.381442,0.0
,,,,,,,,,,,,,,,,,,,,2101.0,171967243.0,0.976476,-0.006852,-0.006317,0.215427,-0.005869,0.003187,-0.362954,0.0
,,,,,,,,,,,,,,,,,,,,2102.0,171983910.0,0.976477,-0.006852,-0.006318,0.215422,0.000404,0.012399,-0.330615,0.0
,,,,,,,,,,,,,,,,,,,,2103.0,172000577.0,0.976476,-0.006853,-0.006325,0.215423,-0.00702,0.028356,-0.368273,0.0
,,,,,,,,,,,,,,,,,,,,2104.0,172017244.0,0.97648,-0.006857,-0.006323,0.215407,-0.008927,0.035791,-0.329778,0.0
,,,,,,,,,,,,,,,,,,,,2105.0,172033911.0,0.97648,-0.006859,-0.006328,0.215405,-0.001112,0.036774,-0.40534,0.0
,,,,,,,,,,,,,,,,,,,,2106.0,172050578.0,0.97648,-0.006861,-0.006326,0.215408,-0.020138,0.023774,-0.347767,0.0
,,,,,,,,,,,,,,,,,,,,2107.0,172067245.0,0.976479,-0.006858,-0.006325,0.21541,-0.033765,0.026269,-0.38326,0.0
,,,,,,,,,,,,,,,,,,,,2108.0,172083912.0,0.976477,-0.006856,-0.006323,0.215421,-0.045712,0.021079,-0.392373,0.0
,,,,,,,,,,,,,,,,,,,,2109.0,172100579.0,0.976477,-0.006863,-0.006317,0.21542,-0.03504,0.007965,-0.364244,0.0
,,,,,,,,,,,,,,,,,,,,2110.0,172117246.0,0.976477,-0.006866,-0.00632,0.21542,-0.03909,0.001214,-0.288569,0.0
,,,,,,,,,,,,,,,,,,,,2111.0,172133913.0,0.976478,-0.006867,-0.006334,0.215416,-0.026198,0.027779,-0.43034,0.0
,,,,,,,,,,,,,,,,,,,,2112.0,172150580.0,0.976478,-0.006874,-0.006334,0.215413,-0.015898,0.027219,-0.385484,0.0
,,,,,,,,,,,,,,,,,,,,2113.0,172167247.0,0.976479,-0.006886,-0.006324,0.215408,-0.012446,0.019607,-0.350234,0.0
,,,,,,,,,,,,,,,,,,,,2114.0,172183914.0,0.976479,-0.006872,-0.006321,0.21541,-0.019712,0.029171,-0.345913,0.0
,,,,,,,,,,,,,,,,,,,,2115.0,172200581.0,0.976479,-0.006876,-0.006321,0.215412,-0.019029,0.023633,-0.291446,0.0
,,,,,,,,,,,,,,,,,,,,2116.0,172217248.0,0.976477,-0.006869,-0.006318,0.215418,-0.017231,0.017233,-0.38714,0.0
,,,,,,,,,,,,,,,,,,,,2117.0,172233915.0,0.976479,-0.006864,-0.00631,0.215413,-0.028746,0.020302,-0.33053,0.0
,,,,,,,,,,,,,,,,,,,,2118.0,172250582.0,0.976477,-0.006859,-0.006313,0.215421,-0.03078,0.006418,-0.357698,0.0
,,,,,,,,,,,,,,,,,,,,2119.0,172267249.0,0.976478,-0.006866,-0.006307,0.215414,-0.031872,0.015829,-0.382993,0.0
,,,,,,,,,,,,,,,,,,,,2120.0,172283916.0,0.976481,-0.006865,-0.006297,0.215403,-0.027178,0.036613,-0.343711,0.0
,,,,,,,,,,,,,,,,,,,,2121.0,172300583.0,0.976485,-0.006867,-0.006305,0.215384,-0.049688,0.028282,-0.367186,0.0
,,,,,,,,,,,,,,,,,,,,2122.0,172317250.0,0.976486,-0.006869,-0.006316,0.215377,-0.025847,0.025373,-0.37658,0.0
,,,,,,,,,,,,,,,,,,,,2123.0,172333917.0,0.976486,-0.006866,-0.006319,0.215377,-0.026913,0.003361,-0.333113,0.0
,,,,,,,,,,,,,,,,,,,,2124.0,172350584.0,0.976487,-0.006869,-0.006323,0.215374,-0.012834,-0.000775,-0.353916,0.0
,,,,,,,,,,,,,,,,,,,,2125.0,172367251.0,0.976484,-0.006875,-0.006333,0.215387,0.000956,0.029429,-0.364693,0.0
,,,,,,,,,,,,,,,,,,,,2126.0,172383918.0,0.976482,-0.006882,-0.00633,0.215397,0.012189,0.048107,-0.348583,0.0
,,,,,,,,,,,,,,,,,,,,2127.0,172400585.0,0.976482,-0.006883,-0.006326,0.215396,0.021635,0.045672,-0.334302,0.0
,,,,,,,,,,,,,,,,,,,,2128.0,172417252.0,0.976485,-0.006879,-0.006328,0.215384,0.015758,0.044633,-0.382165,0.0
,,,,,,,,,,,,,,,,,,,,2129.0,172433919.0,0.976489,-0.006883,-0.006329,0.215366,-0.00081,0.034372,-0.355441,0.0
,,,,,,,,,,,,,,,,,,,,2130.0,172450586.0,0.97649,-0.006881,-0.006334,0.21536,-0.021356,0.011276,-0.346587,0.0
,,,,,,,,,,,,,,,,,,,,2131.0,172467253.0,0.976489,-0.006881,-0.006329,0.215366,-0.028983,0.00049,-0.369633,0.0
,,,,,,,,,,,,,,,,,,,,2132.0,172483920.0,0.976489,-0.006886,-0.006325,0.215366,-0.044575,0.004798,-0.349444,0.0
,,,,,,,,,,,,,,,,,,,,2133.0,172500587.0,0.976423,-0.006773,-0.006243,0.215671,-0.067463,0.006961,-0.362871,0.0
,,,,,,,,,,,,,,,,,,,,2134.0,172517254.0,0.976423,-0.00678,-0.006249,0.215669,-0.054057,0.020773,-0.377137,0.0
,,,,,,,,,,,,,,,,,,,,2135.0,172533921.0,0.976423,-0.006777,-0.006239,0.215671,-0.044526,0.018901,-0.34398,0.0
,,,,,,,,,,,,,,,,,,,,2136.0,172550588.0,0.976426,-0.00678,-0.00624,0.215656,-0.044921,0.039006,-0.37465,0.0
,,,,,,,,,,,,,,,,,,,,2137.0,172567255.0,0.976428,-0.006782,-0.006236,0.215648,-0.013446,0.028931,-0.351454,0.0
,,,,,,,,,,,,,,,,,,,,2138.0,172583922.0,0.976429,-0.006789,-0.006235,0.215644,0.002273,0.01593,-0.358959,0.0
,,,,,,,,,,,,,,,,,,,,2139.0,172600589.0,0.976427,-0.006792,-0.006242,0.21565,0.011953,0.013155,-0.371892,0.0
,,,,,,,,,,,,,,,,,,,,2140.0,172617256.0,0.976426,-0.0068,-0.006247,0.215653,0.013541,0.001701,-0.40461,0.0
,,,,,,,,,,,,,,,,,,,,2141.0,172633923.0,0.976427,-0.006813,-0.00626,0.215648,-0.005619,0.011365,-0.351847,0.0
,,,,,,,,,,,,,,,,,,,,2142.0,172650590.0,0.976426,-0.00682,-0.006258,0.215654,-0.009445,0.018166,-0.311378,0.0
,,,,,,,,,,,,,,,,,,,,2143.0,172667257.0,0.976425,-0.006813,-0.006254,0.215657,-0.020976,0.012377,-0.344073,0.0
,,,,,,,,,,,,,,,,,,,,2144.0,172683924.0,0.976425,-0.006818,-0.006245,0.215659,-0.036376,0.018439,-0.380299,0.0
,,,,,,,,,,,,,,,,,,,,2145.0,172700591.0,0.976426,-0.006809,-0.006245,0.215657,-0.05643,0.023789,-0.368895,0.0
,,,,,,,,,,,,,,,,,,,,2146.0,172717258.0,0.976423,-0.00681,-0.006241,0.215667,-0.064335,0.010337,-0.366818,0.0
,,,,,,,,,,,,,,,,,,,,2147.0,172733925.0,0.976424,-0.006821,-0.006229,0.215664,-0.032222,0.031135,-0.354902,0.0
,,,,,,,,,,,,,,,,,,,,2148.0,172750592.0,0.976425,-0.006834,-0.006224,0.21566,-0.029472,0.040287,-0.353481,0.0
,,,,,,,,,,,,,,,,,,,,2149.0,172767259.0,0.976424,-0.006838,-0.00622,0.215666,-0.020025,0.034329,-0.343305,0.0
,,,,,,,,,,,,,,,,,,,,2150.0,172783926.0,0.976426,-0.006833,-0.006235,0.215654,0.00514,0.017459,-0.349474,0.0
,,,,,,,,,,,,,,,,,,,,2151.0,172800593.0,0.976428,-0.006834,-0.006238,0.215644,0.010078,0.015392,-0.380737,0.0
,,,,,,,,,,,,,,,,,,,,2152.0,172817260.0,0.976432,-0.006831,-0.006225,0.215627,0.002586,-0.001331,-0.363449,0.0
,,,,,,,,,,,,,,,,,,,,2153.0,172833927.0,0.976433,-0.006832,-0.006226,0.215623,-0.005248,-0.008473,-0.358802,0.0
,,,,,,,,,,,,,,,,,,,,2154.0,172850594.0,0.976433,-0.006824,-0.006224,0.215625,-0.001987,0.015337,-0.366649,0.0
,,,,,,,,,,,,,,,,,,,,2155.0,172867261.0,0.976431,-0.006823,-0.006228,0.215632,-0.032553,0.025338,-0.36797,0.0
,,,,,,,,,,,,,,,,,,,,2156.0,172883928.0,0.976431,-0.006827,-0.006227,0.215631,-0.032986,0.042422,-0.376847,0.0
,,,,,,,,,,,,,,,,,,,,2157.0,172900595.0,0.976433,-0.006834,-0.006215,0.215624,-0.046836,0.045775,-0.360107,0.0
,,,,,,,,,,,,,,,,,,,,2158.0,172917262.0,0.976434,-0.006842,-0.006215,0.215619,-0.041282,0.035504,-0.357536,0.0
,,,,,,,,,,,,,,,,,,,,2159.0,172933929.0,0.976438,-0.006853,-0.006221,0.215602,-0.037185,0.026405,-0.364184,0.0
,,,,,,,,,,,,,,,,,,,,2160.0,172950596.0,0.976437,-0.006855,-0.006219,0.215602,-0.049614,0.010973,-0.364604,0.0
,,,,,,,,,,,,,,,,,,,,2161.0,172967263.0,0.976438,-0.006838,-0.006215,0.215599,-0.035049,0.001606,-0.384756,0.0
,,,,,,,,,,,,,,,,,,,,2162.0,172983930.0,0.976436,-0.006841,-0.006216,0.215607,-0.026917,0.008852,-0.345489,0.0
,,,,,,,,,,,,,,,,,,,,2163.0,173000597.0,0.976435,-0.006843,-0.006217,0.215613,-0.002868,0.014514,-0.372657,0.0
,,,,,,,,,,,,,,,,,,,,2164.0,173017264.0,0.976436,-0.00685,-0.006225,0.215611,0.010941,0.023839,-0.360762,0.0
,,,,,,,,,,,,,,,,,,,,2165.0,173033931.0,0.976437,-0.006851,-0.006224,0.215606,0.001354,0.033089,-0.373576,0.0
,,,,,,,,,,,,,,,,,,,,2166.0,173050598.0,0.976439,-0.006851,-0.006229,0.215596,0.004982,0.031889,-0.367918,0.0
,,,,,,,,,,,,,,,,,,,,2167.0,173067265.0,0.97644,-0.006847,-0.006232,0.215593,-0.021069,0.033062,-0.339727,0.0
,,,,,,,,,,,,,,,,,,,,2168.0,173083932.0,0.976441,-0.006852,-0.006242,0.215586,-0.005066,0.020211,-0.374433,0.0
,,,,,,,,,,,,,,,,,,,,2169.0,173100599.0,0.976442,-0.006844,-0.006236,0.215583,-0.033904,0.026162,-0.36788,0.0
,,,,,,,,,,,,,,,,,,,,2170.0,173117266.0,0.976442,-0.006852,-0.006231,0.21558,-0.037356,0.024724,-0.3423,0.0
,,,,,,,,,,,,,,,,,,,,2171.0,173133933.0,0.976443,-0.006849,-0.006241,0.215576,-0.05413,0.028344,-0.364626,0.0
,,,,,,,,,,,,,,,,,,,,2172.0,173150600.0,0.976443,-0.006857,-0.006236,0.215576,-0.021955,0.005487,-0.385499,0.0
,,,,,,,,,,,,,,,,,,,,2173.0,173167267.0,0.976442,-0.006858,-0.006238,0.215579,-0.026811,0.02339,-0.380598,0.0
,,,,,,,,,,,,,,,,,,,,2174.0,173183934.0,0.976445,-0.006852,-0.00624,0.215566,-0.009877,0.030395,-0.393373,0.0
,,,,,,,,,,,,,,,,,,,,2175.0,173200601.0,0.976447,-0.006862,-0.006244,0.215558,-0.001784,0.033695,-0.34586,0.0
,,,,,,,,,,,,,,,,,,,,2176.0,173217268.0,0.976449,-0.006864,-0.006238,0.215548,0.007747,0.029151,-0.356945,0.0
,,,,,,,,,,,,,,,,,,,,2177.0,173233935.0,0.97645,-0.006866,-0.00623,0.215545,0.00421,0.020508,-0.355431,0.0
,,,,,,,,,,,,,,,,,,,,2178.0,173250602.0,0.97645,-0.00686,-0.006237,0.215545,0.009804,0.01474,-0.3813,0.0
,,,,,,,,,,,,,,,,,,,,2179.0,173267269.0,0.976448,-0.006855,-0.006242,0.215556,0.009628,0.015379,-0.368599,0.0
,,,,,,,,,,,,,,,,,,,,2180.0,173283936.0,0.976446,-0.006868,-0.00624,0.215561,-0.023504,0.013337,-0.364637,0.0
,,,,,,,,,,,,,,,,,,,,2181.0,173300603.0,0.976448,-0.006857,-0.006229,0.215556,-0.020806,0.0097,-0.346664,0.0
,,,,,,,,,,,,,,,,,,,,2182.0,173317270.0,0.976446,-0.006856,-0.006228,0.215563,-0.03115,0.014308,-0.384888,0.0
,,,,,,,,,,,,,,,,,,,,2183.0,173333937.0,0.976448,-0.006862,-0.006223,0.215556,-0.049594,0.016072,-0.354853,0.0
,,,,,,,,,,,,,,,,,,,,2184.0,173350604.0,0.976452,-0.006868,-0.006223,0.215536,-0.058775,0.021714,-0.37336,0.0
,,,,,,,,,,,,,,,,,,,,2185.0,173367271.0,0.976452,-0.006871,-0.006207,0.215534,-0.042438,0.028965,-0.360611,0.0
,,,,,,,,,,,,,,,,,,,,2186.0,173383938.0,0.976452,-0.006877,-0.006213,0.215535,-0.034753,0.018749,-0.352968,0.0
,,,,,,,,,,,,,,,,,,,,2187.0,173400605.0,0.97645,-0.006874,-0.006198,0.215547,-0.026096,0.031431,-0.367505,0.0
,,,,,,,,,,,,,,,,,,,,2188.0,173417272.0,0.97645,-0.006872,-0.006196,0.215545,-0.009846,0.029933,-0.36034,0.0
,,,,,,,,,,,,,,,,,,,,2189.0,173433939.0,0.976448,-0.006883,-0.006197,0.215552,0.010173,0.010849,-0.342916,0.0
,,,,,,,,,,,,,,,,,,,,2190.0,173450606.0,0.976451,-0.006886,-0.006199,0.215542,0.004994,0.003394,-0.347494,0.0
,,,,,,,,,,,,,,,,,,,,2191.0,173467273.0,0.976453,-0.00688,-0.006196,0.215531,0.003846,0.006519,-0.364693,0.0
,,,,,,,,,,,,,,,,,,,,2192.0,173483940.0,0.976452,-0.006873,-0.006201,0.215534,-0.002541,0.027057,-0.367596,0.0
,,,,,,,,,,,,,,,,,,,,2193.0,173500607.0,0.976451,-0.006877,-0.006209,0.215542,-0.021248,0.04025,-0.359369,0.0
,,,,,,,,,,,,,,,,,,,,2194.0,173517274.0,0.976452,-0.006883,-0.006209,0.215537,-0.019288,0.019733,-0.34944,0.0
,,,,,,,,,,,,,,,,,,,,2195.0,173533941.0,0.976452,-0.006886,-0.0062,0.215535,-0.031556,0.021228,-0.349654,0.0
,,,,,,,,,,,,,,,,,,,,2196.0,173550608.0,0.976453,-0.00688,-0.006201,0.215531,-0.042057,-0.005947,-0.353044,0.0
,,,,,,,,,,,,,,,,,,,,2197.0,173567275.0,0.976452,-0.006877,-0.006212,0.215535,-0.051148,0.016506,-0.368916,0.0
,,,,,,,,,,,,,,,,,,,,2198.0,173583942.0,0.976452,-0.006869,-0.006217,0.215535,-0.038647,0.012606,-0.337894,0.0
,,,,,,,,,,,,,,,,,,,,2199.0,173600609.0,0.976453,-0.006859,-0.006217,0.215531,-0.023535,0.018636,-0.369561,0.0
,,,,,,,,,,,,,,,,,,,,2200.0,173617276.0,0.976454,-0.006848,-0.00623,0.215528,-0.040002,0.025122,-0.352362,0.0
,,,,,,,,,,,,,,,,,,,,2201.0,173633943.0,0.976455,-0.006856,-0.006229,0.215521,-0.018072,0.030867,-0.346872,0.0
,,,,,,,,,,,,,,,,,,,,2202.0,173650610.0,0.976454,-0.006855,-0.006223,0.215527,-0.000239,0.016393,-0.350428,0.0
,,,,,,,,,,,,,,,,,,,,2203.0,173667277.0,0.976454,-0.006853,-0.006223,0.215527,-0.003706,0.029781,-0.371487,0.0
,,,,,,,,,,,,,,,,,,,,2204.0,173683944.0,0.976454,-0.006853,-0.006219,0.215529,-0.001215,0.022541,-0.362746,0.0
,,,,,,,,,,,,,,,,,,,,2205.0,173700611.0,0.976454,-0.006857,-0.006223,0.215529,-0.000489,0.021087,-0.35939,0.0
,,,,,,,,,,,,,,,,,,,,2206.0,173717278.0,0.976454,-0.006861,-0.006226,0.215525,-0.008199,0.000911,-0.321982,0.0
,,,,,,,,,,,,,,,,,,,,2207.0,173733945.0,0.976455,-0.006855,-0.006227,0.215522,-0.026244,0.000245,-0.398956,0.0
,,,,,,,,,,,,,,,,,,,,2208.0,173750612.0,0.976455,-0.006852,-0.006217,0.215522,-0.050212,0.007283,-0.399201,0.0
,,,,,,,,,,,,,,,,,,,,2209.0,173767279.0,0.976455,-0.006854,-0.006216,0.215521,-0.05266,0.031432,-0.363066,0.0
,,,,,,,,,,,,,,,,,,,,2210.0,173783946.0,0.976455,-0.006854,-0.006221,0.215522,-0.053487,0.033122,-0.355892,0.0
,,,,,,,,,,,,,,,,,,,,2211.0,173800613.0,0.976456,-0.006853,-0.006225,0.215519,-0.040781,0.043248,-0.326076,0.0
,,,,,,,,,,,,,,,,,,,,2212.0,173817280.0,0.976457,-0.006855,-0.006218,0.215514,-0.028109,0.025207,-0.36726,0.0
,,,,,,,,,,,,,,,,,,,,2213.0,173833947.0,0.976457,-0.006853,-0.006225,0.215512,-0.026092,-0.00119,-0.367884,0.0
,,,,,,,,,,,,,,,,,,,,2214.0,173850614.0,0.976457,-0.006848,-0.006226,0.215514,-0.007693,-0.002611,-0.380879,0.0
,,,,,,,,,,,,,,,,,,,,2215.0,173867281.0,0.976458,-0.006848,-0.006227,0.21551,0.002021,-0.013689,-0.360447,0.0
,,,,,,,,,,,,,,,,,,,,2216.0,173883948.0,0.976457,-0.006855,-0.006224,0.215513,0.003897,0.004341,-0.346445,0.0
,,,,,,,,,,,,,,,,,,,,2217.0,173900615.0,0.976457,-0.006854,-0.006226,0.215515,0.017162,0.013317,-0.344902,0.0
,,,,,,,,,,,,,,,,,,,,2218.0,173917282.0,0.976458,-0.006859,-0.006217,0.21551,-0.010876,0.0288,-0.357436,0.0
,,,,,,,,,,,,,,,,,,,,2219.0,173933949.0,0.976458,-0.006858,-0.006215,0.215511,0.000826,0.037827,-0.354053,0.0
,,,,,,,,,,,,,,,,,,,,2220.0,173950616.0,0.976458,-0.006851,-0.006214,0.215511,-0.040732,0.03873,-0.341684,0.0
,,,,,,,,,,,,,,,,,,,,2221.0,173967283.0,0.976457,-0.006845,-0.006215,0.215515,-0.032882,0.016464,-0.377208,0.0
,,,,,,,,,,,,,,,,,,,,2222.0,173983950.0,0.976457,-0.006846,-0.006209,0.215512,-0.056162,0.021451,-0.337906,0.0
,,,,,,,,,,,,,,,,,,,,2223.0,174000617.0,0.976457,-0.006829,-0.006215,0.215513,-0.069194,0.016907,-0.352089,0.0
,,,,,,,,,,,,,,,,,,,,2224.0,174017284.0,0.976459,-0.006832,-0.006221,0.215507,-0.05228,0.013807,-0.374738,0.0
,,,,,,,,,,,,,,,,,,,,2225.0,174033951.0,0.976456,-0.006842,-0.006215,0.215518,-0.044909,0.017072,-0.346366,0.0
,,,,,,,,,,,,,,,,,,,,2226.0,174050618.0,0.976458,-0.006832,-0.006214,0.215512,-0.02347,0.02227,-0.357051,0.0
,,,,,,,,,,,,,,,,,,,,2227.0,174067285.0,0.976459,-0.006841,-0.006208,0.215504,-0.010943,0.024775,-0.38987,0.0
,,,,,,,,,,,,,,,,,,,,2228.0,174083952.0,0.976457,-0.006844,-0.006208,0.215516,0.008716,0.02274,-0.337688,0.0
,,,,,,,,,,,,,,,,,,,,2229.0,174100619.0,0.976457,-0.006842,-0.006212,0.215513,0.007082,0.014207,-0.385688,0.0
,,,,,,,,,,,,,,,,,,,,2230.0,174117286.0,0.976457,-0.006832,-0.006202,0.215514,-0.003048,0.019303,-0.347236,0.0
,,,,,,,,,,,,,,,,,,,,2231.0,174133953.0,0.976459,-0.006833,-0.006207,0.215504,-0.005414,0.029544,-0.353895,0.0
,,,,,,,,,,,,,,,,,,,,2232.0,174150620.0,0.97646,-0.006826,-0.006208,0.215503,-0.01234,0.030978,-0.370601,0.0
,,,,,,,,,,,,,,,,,,,,2233.0,174167287.0,0.976457,-0.006826,-0.006194,0.215517,-0.01684,0.029121,-0.386271,0.0
,,,,,,,,,,,,,,,,,,,,2234.0,174183954.0,0.976459,-0.006841,-0.0062,0.215507,-0.021661,0.012177,-0.384136,0.0
,,,,,,,,,,,,,,,,,,,,2235.0,174200621.0,0.976458,-0.006841,-0.006197,0.215508,-0.033134,0.004586,-0.36972,0.0
,,,,,,,,,,,,,,,,,,,,2236.0,174217288.0,0.97646,-0.006832,-0.006201,0.215502,-0.053918,-0.003876,-0.339152,0.0
,,,,,,,,,,,,,,,,,,,,2237.0,174233955.0,0.976459,-0.00683,-0.0062,0.215505,-0.045928,-0.007593,-0.333337,0.0
,,,,,,,,,,,,,,,,,,,,2238.0,174250622.0,0.976459,-0.006818,-0.006204,0.215505,-0.042631,0.017534,-0.359988,0.0
,,,,,,,,,,,,,,,,,,,,2239.0,174267289.0,0.976456,-0.006831,-0.006214,0.215521,-0.013401,0.034899,-0.384379,0.0
,,,,,,,,,,,,,,,,,,,,2240.0,174283956.0,0.976454,-0.006831,-0.006215,0.215526,-0.014022,0.055854,-0.371242,0.0
,,,,,,,,,,,,,,,,,,,,2241.0,174300623.0,0.976456,-0.006833,-0.006224,0.215517,-0.013193,0.049094,-0.347198,0.0
,,,,,,,,,,,,,,,,,,,,2242.0,174317290.0,0.976457,-0.006835,-0.006224,0.215516,0.000594,0.032912,-0.327743,0.0
,,,,,,,,,,,,,,,,,,,,2243.0,174333957.0,0.976459,-0.006842,-0.006238,0.215505,-0.019629,0.013009,-0.399479,0.0
,,,,,,,,,,,,,,,,,,,,2244.0,174350624.0,0.976458,-0.00684,-0.00624,0.215508,-0.013979,0.005871,-0.375445,0.0
,,,,,,,,,,,,,,,,,,,,2245.0,174367291.0,0.976459,-0.006839,-0.006236,0.215505,-0.008718,-0.004145,-0.352119,0.0
,,,,,,,,,,,,,,,,,,,,2246.0,174383958.0,0.976458,-0.00684,-0.006242,0.215508,-0.024543,0.004784,-0.348853,0.0
,,,,,,,,,,,,,,,,,,,,2247.0,174400625.0,0.976457,-0.006839,-0.006252,0.215514,-0.028084,0.001319,-0.361047,0.0
,,,,,,,,,,,,,,,,,,,,2248.0,174417292.0,0.976457,-0.006838,-0.006246,0.215514,-0.024028,0.012736,-0.324021,0.0
,,,,,,,,,,,,,,,,,,,,2249.0,174433959.0,0.976456,-0.006838,-0.006239,0.215519,-0.01415,0.023047,-0.362405,0.0
